/* Data consumed by the application. */

INSERT INTO `Attribute` (`id`, `type`, `name`) VALUES
(1,'string','OEM S/N 1'),
(2,'dict','HW type'),
(3,'string','FQDN'),
(4,'dict','SW type'),
(5,'string','SW version'),
(6,'uint','number of ports'),
(7,'float','max. current, Ampers'),
(8,'float','power load, percents'),
(14,'string','contact person'),
(13,'float','max power, Watts'),
(16,'uint','flash memory, MB'),
(17,'uint','DRAM, MB'),
(18,'uint','CPU, MHz'),
(20,'string','OEM S/N 2'),
(21,'date','support contract expiration'),
(22,'date','HW warranty expiration'),
(24,'date','SW warranty expiration'),
(25,'string','UUID'),
(26,'dict','Hypervisor'),
(27,'uint','Height, units'),
(28,'string','Slot number'),
(29,'uint','Sort order'),
(30,'dict','Mgmt type'),
-- ^^^^^ Any new 'default' attributes must go above this line! ^^^^^
-- Primary key value 9999 makes sure, that AUTO_INCREMENT on server restart
-- doesn't drop below 10000 (other code relies on this, site-specific
-- attributes are assigned IDs starting from 10000).
(9999,'string','base MAC address');

INSERT INTO `Chapter` (`id`, `sticky`, `name`) VALUES
(1,'yes','ObjectType'),
(11,'no','server models'),
(12,'no','network switch models'),
(13,'no','server OS type'),
(14,'no','switch OS type'),
(16,'no','router OS type'),
(17,'no','router models'),
(18,'no','disk array models'),
(19,'no','tape library models'),
(21,'no','KVM switch models'),
(23,'no','console models'),
(24,'no','network security models'),
(25,'no','wireless models'),
(26,'no','fibre channel switch models'),
(27,'no','PDU models'),
(28,'no','Voice/video hardware'),
(29,'no','Yes/No'),
(30,'no','network chassis models'),
(31,'no','server chassis models'),
(32,'no','virtual switch models'),
(33,'no','virtual switch OS type'),
(34,'no','power supply chassis models'),
(35,'no','power supply models'),
(36,'no','serial console server models'),
(37,'no','wireless OS type'),
(38,'no','management interface type'),
-- Default chapters must have ID less than 10000, add them above this line.
(9999,'no','multiplexer models');

INSERT INTO `AttributeMap` (`objtype_id`, `attr_id`, `chapter_id`, `sticky`) VALUES
(2,1,NULL,'no'),
(2,2,27,'no'),
(2,3,NULL,'no'),
(2,5,NULL,'no'),
(4,1,NULL,'no'),
(4,2,11,'no'),
(4,3,NULL,'no'),
(4,4,13,'no'),
(4,14,NULL,'no'),
(4,21,NULL,'no'),
(4,22,NULL,'no'),
(4,24,NULL,'no'),
(4,25,NULL,'no'),
(4,26,29,'yes'),
(4,28,NULL,'yes'),
(5,1,NULL,'no'),
(5,2,18,'no'),
(6,1,NULL,'no'),
(6,2,19,'no'),
(6,20,NULL,'no'),
(7,1,NULL,'no'),
(7,2,17,'no'),
(7,3,NULL,'no'),
(7,4,16,'no'),
(7,5,NULL,'no'),
(7,14,NULL,'no'),
(7,16,NULL,'no'),
(7,17,NULL,'no'),
(7,18,NULL,'no'),
(7,21,NULL,'no'),
(7,22,NULL,'no'),
(7,24,NULL,'no'),
(8,1,NULL,'yes'),
(8,2,12,'yes'),
(8,3,NULL,'no'),
(8,4,14,'yes'),
(8,5,NULL,'no'),
(8,14,NULL,'no'),
(8,16,NULL,'no'),
(8,17,NULL,'no'),
(8,18,NULL,'no'),
(8,20,NULL,'no'),
(8,21,NULL,'no'),
(8,22,NULL,'no'),
(8,24,NULL,'no'),
(8,28,NULL,'yes'),
(9,6,NULL,'no'),
(12,1,NULL,'no'),
(12,3,NULL,'no'),
(12,7,NULL,'no'),
(12,8,NULL,'no'),
(12,13,NULL,'no'),
(12,20,NULL,'no'),
(15,2,23,'no'),
(445,1,NULL,'no'),
(445,2,21,'no'),
(445,3,NULL,'no'),
(445,5,NULL,'no'),
(445,14,NULL,'no'),
(445,22,NULL,'no'),
(447,1,NULL,'no'),
(447,2,9999,'no'),
(447,3,NULL,'no'),
(447,5,NULL,'no'),
(447,14,NULL,'no'),
(447,22,NULL,'no'),
(798,1,NULL,'no'),
(798,2,24,'no'),
(798,3,NULL,'no'),
(798,5,NULL,'no'),
(798,14,NULL,'no'),
(798,16,NULL,'no'),
(798,17,NULL,'no'),
(798,18,NULL,'no'),
(798,20,NULL,'no'),
(798,21,NULL,'no'),
(798,22,NULL,'no'),
(798,24,NULL,'no'),
(798,28,NULL,'yes'),
(965,1,NULL,'no'),
(965,2,25,'no'),
(965,3,NULL,'no'),
(965,4,37,'no'),
(1055,2,26,'no'),
(1055,28,NULL,'yes'),
(1323,1,NULL,'no'),
(1323,2,28,'no'),
(1323,3,NULL,'no'),
(1323,5,NULL,'no'),
(1397,1,NULL,'no'),
(1397,2,34,'no'),
(1397,14,NULL,'no'),
(1397,21,NULL,'no'),
(1397,22,NULL,'no'),
(1398,1,NULL,'no'),
(1398,2,35,'no'),
(1398,14,NULL,'no'),
(1398,21,NULL,'no'),
(1398,22,NULL,'no'),
(1502,1,NULL,'no'),
(1502,2,31,'no'),
(1502,3,NULL,'no'),
(1502,14,NULL,'no'),
(1502,20,NULL,'no'),
(1502,21,NULL,'no'),
(1502,22,NULL,'no'),
(1503,1,NULL,'no'),
(1503,2,30,'no'),
(1503,3,NULL,'no'),
(1503,4,14,'no'),
(1503,5,NULL,'no'),
(1503,14,NULL,'no'),
(1503,16,NULL,'no'),
(1503,17,NULL,'no'),
(1503,18,NULL,'no'),
(1503,20,NULL,'no'),
(1503,21,NULL,'no'),
(1503,22,NULL,'no'),
(1503,24,NULL,'no'),
(1504,3,NULL,'no'),
(1504,4,13,'no'),
(1504,14,NULL,'no'),
(1504,24,NULL,'no'),
(1505,14,NULL,'no'),
(1506,14,NULL,'no'),
(1506,17,NULL,'no'),
(1506,18,NULL,'no'),
(1507,1,NULL,'no'),
(1507,2,32,'no'),
(1507,3,NULL,'no'),
(1507,4,33,'no'),
(1507,5,NULL,'no'),
(1507,14,NULL,'no'),
(1507,20,NULL,'no'),
(1507,21,NULL,'no'),
(1507,22,NULL,'no'),
(1560,27,NULL,'yes'),
(1560,29,NULL,'yes'),
(1562,14,NULL,'no'),
(1644,1,NULL,'no'),
(1644,2,36,'no'),
(1644,3,NULL,'no'),
(1787,3,NULL,'no'),
(1787,14,NULL,'no'),
(1787,30,38,'yes');

INSERT INTO PatchCableConnector (id, origin, connector) VALUES
(1,'default','FC/PC'),(2,'default','FC/APC'),
(3,'default','LC/PC'),(4,'default','LC/APC'),
(5,'default','MPO-12/PC'),(6,'default','MPO-12/APC'),
(7,'default','MPO-24/PC'),(8,'default','MPO-24/APC'),
(9,'default','SC/PC'),(10,'default','SC/APC'),
(11,'default','ST/PC'),(12,'default','ST/APC'),
(13,'default','T568/8P8C/RJ45'),
(14,'default','SFP-1000'),
(15,'default','SFP+'),
(999,'default','CX4/SFF-8470');

INSERT INTO PatchCableType (id, origin, pctype) VALUES
(1,'default','duplex OM1'),
(2,'default','duplex OM2'),
(3,'default','duplex OM3'),
(4,'default','duplex OM4'),
(5,'default','duplex OS1'),
(6,'default','duplex OS2'),
(7,'default','simplex OM1'),
(8,'default','simplex OM2'),
(9,'default','simplex OM3'),
(10,'default','simplex OM4'),
(11,'default','simplex OS1'),
(12,'default','simplex OS2'),
(13,'default','Cat.5 TP'),
(14,'default','Cat.6 TP'),
(15,'default','Cat.6a TP'),
(16,'default','Cat.7 TP'),
(17,'default','Cat.7a TP'),
(18,'default','12-fiber OM3'),
(19,'default','12-fiber OM4'),
(20,'default','10Gb/s CX4 coax'),
(21,'default','24-fiber OM3'),
(22,'default','24-fiber OM4'),
(23,'default','1Gb/s 50cm shielded'),
(24,'default','10Gb/s 24AWG twinax'),
(25,'default','10Gb/s 26AWG twinax'),
(26,'default','10Gb/s 28AWG twinax'),
(27,'default','10Gb/s 30AWG twinax'),
(999,'default','Cat.3 TP');

INSERT INTO PatchCableConnectorCompat (pctype_id, connector_id) VALUES
(1,1),(2,1),(3,1),(4,1),(5,1),(6,1),(7,1),(8,1),(9,1),(10,1),(11,1),(12,1), -- FC/PC
(1,2),(2,2),(3,2),(4,2),(5,2),(6,2),(7,2),(8,2),(9,2),(10,2),(11,2),(12,2), -- FC/APC
(1,3),(2,3),(3,3),(4,3),(5,3),(6,3),(7,3),(8,3),(9,3),(10,3),(11,3),(12,3), -- LC/PC
(1,4),(2,4),(3,4),(4,4),(5,4),(6,4),(7,4),(8,4),(9,4),(10,4),(11,4),(12,4), -- LC/APC
(1,9),(2,9),(3,9),(4,9),(5,9),(6,9),(7,9),(8,9),(9,9),(10,9),(11,9),(12,9), -- SC/PC
(1,10),(2,10),(3,10),(4,10),(5,10),(6,10),(7,10),(8,10),(9,10),(10,10),(11,10),(12,10), -- SC/APC
(1,11),(2,11),(3,11),(4,11),(5,11),(6,11),(7,11),(8,11),(9,11),(10,11),(11,11),(12,11), -- ST/PC
(1,12),(2,12),(3,12),(4,12),(5,12),(6,12),(7,12),(8,12),(9,12),(10,12),(11,12),(12,12), -- ST/APC
(13,13),(14,13),(15,13),(16,13),(17,13),(999,13), -- T568
(18,5),(19,5), -- MPO-12/PC
(18,6),(19,6), -- MPO-12/APC
(20,999), -- CX4
(21,7),(22,7), -- MPO-24/PC
(21,8),(22,8), -- MPO-24/APC
(23,14), -- SFP-1000
(24,15),(25,15),(26,15),(27,15); -- SFP+

INSERT INTO `PortInnerInterface` VALUES
(1,'hardwired'),
(2,'SFP-100'),
(3,'GBIC'),
(4,'SFP-1000'),
(5,'XENPAK'),
(6,'X2'),
(7,'XPAK'),
(8,'XFP'),
(9,'SFP+'),
(10,'QSFP+'),
(11,'CFP'),
(12,'CFP2'),
(13,'CPAK');

INSERT INTO `PortOuterInterface` VALUES
(16,'AC-in'),
(17,'10Base2'),
(18,'10Base-T'),
(19,'100Base-TX'),
(24,'1000Base-T'),
(29,'RS-232 (RJ-45)'),
(30,'10GBase-SR'),
(31,'virtual bridge'),
(32,'sync serial'),
(33,'KVM (host)'),
(34,'1000Base-ZX'),
(35,'10GBase-ER'),
(36,'10GBase-LR'),
(37,'10GBase-LRM'),
(38,'10GBase-ZR'),
(39,'10GBase-LX4'),
(40,'10GBase-CX4'),
(41,'10GBase-KX4'),
(42, '1000Base-EX'),
(439,'dry contact'),
(440,'unknown'),
(446,'KVM (console)'),
(681,'RS-232 (DB-9)'),
(682,'RS-232 (DB-25)'),
(1077,'empty SFP-1000'),
(1078,'empty GBIC'),
(1079,'empty XENPAK'),
(1080,'empty X2'),
(1081,'empty XPAK'),
(1082,'empty XFP'),
(1084,'empty SFP+'),
(1087,'1000Base-T (Dell 1855)'),
(1195,'100Base-FX'),
(1196,'100Base-SX'),
(1197,'100Base-LX10'),
(1198,'100Base-BX10-D'),
(1199,'100Base-BX10-U'),
(1200,'100Base-EX'),
(1201,'100Base-ZX'),
(1202,'1000Base-SX'),
(1203,'1000Base-SX+'),
(1204,'1000Base-LX'),
(1205,'1000Base-LX10'),
(1206,'1000Base-BX10-D'),
(1207,'1000Base-BX10-U'),
(1208,'empty SFP-100'),
(1209,'1000Base-CWDM80-1470 (gray)'),
(1210,'1000Base-CWDM80-1490 (violet)'),
(1211,'1000Base-CWDM80-1510 (blue)'),
(1212,'1000Base-CWDM80-1530 (green)'),
(1213,'1000Base-CWDM80-1550 (yellow)'),
(1214,'1000Base-CWDM80-1570 (orange)'),
(1215,'1000Base-CWDM80-1590 (red)'),
(1216,'1000Base-CWDM80-1610 (brown)'),
(1217,'1000Base-DWDM80-61.42 (ITU 20)'),
(1218,'1000Base-DWDM80-60.61 (ITU 21)'),
(1219,'1000Base-DWDM80-59.79 (ITU 22)'),
(1220,'1000Base-DWDM80-58.98 (ITU 23)'),
(1221,'1000Base-DWDM80-58.17 (ITU 24)'),
(1222,'1000Base-DWDM80-57.36 (ITU 25)'),
(1223,'1000Base-DWDM80-56.55 (ITU 26)'),
(1224,'1000Base-DWDM80-55.75 (ITU 27)'),
(1225,'1000Base-DWDM80-54.94 (ITU 28)'),
(1226,'1000Base-DWDM80-54.13 (ITU 29)'),
(1227,'1000Base-DWDM80-53.33 (ITU 30)'),
(1228,'1000Base-DWDM80-52.52 (ITU 31)'),
(1229,'1000Base-DWDM80-51.72 (ITU 32)'),
(1230,'1000Base-DWDM80-50.92 (ITU 33)'),
(1231,'1000Base-DWDM80-50.12 (ITU 34)'),
(1232,'1000Base-DWDM80-49.32 (ITU 35)'),
(1233,'1000Base-DWDM80-48.51 (ITU 36)'),
(1234,'1000Base-DWDM80-47.72 (ITU 37)'),
(1235,'1000Base-DWDM80-46.92 (ITU 38)'),
(1236,'1000Base-DWDM80-46.12 (ITU 39)'),
(1237,'1000Base-DWDM80-45.32 (ITU 40)'),
(1238,'1000Base-DWDM80-44.53 (ITU 41)'),
(1239,'1000Base-DWDM80-43.73 (ITU 42)'),
(1240,'1000Base-DWDM80-42.94 (ITU 43)'),
(1241,'1000Base-DWDM80-42.14 (ITU 44)'),
(1242,'1000Base-DWDM80-41.35 (ITU 45)'),
(1243,'1000Base-DWDM80-40.56 (ITU 46)'),
(1244,'1000Base-DWDM80-39.77 (ITU 47)'),
(1245,'1000Base-DWDM80-38.98 (ITU 48)'),
(1246,'1000Base-DWDM80-38.19 (ITU 49)'),
(1247,'1000Base-DWDM80-37.40 (ITU 50)'),
(1248,'1000Base-DWDM80-36.61 (ITU 51)'),
(1249,'1000Base-DWDM80-35.82 (ITU 52)'),
(1250,'1000Base-DWDM80-35.04 (ITU 53)'),
(1251,'1000Base-DWDM80-34.25 (ITU 54)'),
(1252,'1000Base-DWDM80-33.47 (ITU 55)'),
(1253,'1000Base-DWDM80-32.68 (ITU 56)'),
(1254,'1000Base-DWDM80-31.90 (ITU 57)'),
(1255,'1000Base-DWDM80-31.12 (ITU 58)'),
(1256,'1000Base-DWDM80-30.33 (ITU 59)'),
(1257,'1000Base-DWDM80-29.55 (ITU 60)'),
(1258,'1000Base-DWDM80-28.77 (ITU 61)'),
(1259,'10GBase-ZR-DWDM80-61.42 (ITU 20)'),
(1260,'10GBase-ZR-DWDM80-60.61 (ITU 21)'),
(1261,'10GBase-ZR-DWDM80-59.79 (ITU 22)'),
(1262,'10GBase-ZR-DWDM80-58.98 (ITU 23)'),
(1263,'10GBase-ZR-DWDM80-58.17 (ITU 24)'),
(1264,'10GBase-ZR-DWDM80-57.36 (ITU 25)'),
(1265,'10GBase-ZR-DWDM80-56.55 (ITU 26)'),
(1266,'10GBase-ZR-DWDM80-55.75 (ITU 27)'),
(1267,'10GBase-ZR-DWDM80-54.94 (ITU 28)'),
(1268,'10GBase-ZR-DWDM80-54.13 (ITU 29)'),
(1269,'10GBase-ZR-DWDM80-53.33 (ITU 30)'),
(1270,'10GBase-ZR-DWDM80-52.52 (ITU 31)'),
(1271,'10GBase-ZR-DWDM80-51.72 (ITU 32)'),
(1272,'10GBase-ZR-DWDM80-50.92 (ITU 33)'),
(1273,'10GBase-ZR-DWDM80-50.12 (ITU 34)'),
(1274,'10GBase-ZR-DWDM80-49.32 (ITU 35)'),
(1275,'10GBase-ZR-DWDM80-48.51 (ITU 36)'),
(1276,'10GBase-ZR-DWDM80-47.72 (ITU 37)'),
(1277,'10GBase-ZR-DWDM80-46.92 (ITU 38)'),
(1278,'10GBase-ZR-DWDM80-46.12 (ITU 39)'),
(1279,'10GBase-ZR-DWDM80-45.32 (ITU 40)'),
(1280,'10GBase-ZR-DWDM80-44.53 (ITU 41)'),
(1281,'10GBase-ZR-DWDM80-43.73 (ITU 42)'),
(1282,'10GBase-ZR-DWDM80-42.94 (ITU 43)'),
(1283,'10GBase-ZR-DWDM80-42.14 (ITU 44)'),
(1284,'10GBase-ZR-DWDM80-41.35 (ITU 45)'),
(1285,'10GBase-ZR-DWDM80-40.56 (ITU 46)'),
(1286,'10GBase-ZR-DWDM80-39.77 (ITU 47)'),
(1287,'10GBase-ZR-DWDM80-38.98 (ITU 48)'),
(1288,'10GBase-ZR-DWDM80-38.19 (ITU 49)'),
(1289,'10GBase-ZR-DWDM80-37.40 (ITU 50)'),
(1290,'10GBase-ZR-DWDM80-36.61 (ITU 51)'),
(1291,'10GBase-ZR-DWDM80-35.82 (ITU 52)'),
(1292,'10GBase-ZR-DWDM80-35.04 (ITU 53)'),
(1293,'10GBase-ZR-DWDM80-34.25 (ITU 54)'),
(1294,'10GBase-ZR-DWDM80-33.47 (ITU 55)'),
(1295,'10GBase-ZR-DWDM80-32.68 (ITU 56)'),
(1296,'10GBase-ZR-DWDM80-31.90 (ITU 57)'),
(1297,'10GBase-ZR-DWDM80-31.12 (ITU 58)'),
(1298,'10GBase-ZR-DWDM80-30.33 (ITU 59)'),
(1299,'10GBase-ZR-DWDM80-29.55 (ITU 60)'),
(1300,'10GBase-ZR-DWDM80-28.77 (ITU 61)'),
(1316,'1000Base-T (Dell M1000e)'),
(1322,'AC-out'),
(1399,'DC'),
(1424,'1000Base-CX'),
(1425,'10GBase-ER-DWDM40-61.42 (ITU 20)'),
(1426,'10GBase-ER-DWDM40-60.61 (ITU 21)'),
(1427,'10GBase-ER-DWDM40-59.79 (ITU 22)'),
(1428,'10GBase-ER-DWDM40-58.98 (ITU 23)'),
(1429,'10GBase-ER-DWDM40-58.17 (ITU 24)'),
(1430,'10GBase-ER-DWDM40-57.36 (ITU 25)'),
(1431,'10GBase-ER-DWDM40-56.55 (ITU 26)'),
(1432,'10GBase-ER-DWDM40-55.75 (ITU 27)'),
(1433,'10GBase-ER-DWDM40-54.94 (ITU 28)'),
(1434,'10GBase-ER-DWDM40-54.13 (ITU 29)'),
(1435,'10GBase-ER-DWDM40-53.33 (ITU 30)'),
(1436,'10GBase-ER-DWDM40-52.52 (ITU 31)'),
(1437,'10GBase-ER-DWDM40-51.72 (ITU 32)'),
(1438,'10GBase-ER-DWDM40-50.92 (ITU 33)'),
(1439,'10GBase-ER-DWDM40-50.12 (ITU 34)'),
(1440,'10GBase-ER-DWDM40-49.32 (ITU 35)'),
(1441,'10GBase-ER-DWDM40-48.51 (ITU 36)'),
(1442,'10GBase-ER-DWDM40-47.72 (ITU 37)'),
(1443,'10GBase-ER-DWDM40-46.92 (ITU 38)'),
(1444,'10GBase-ER-DWDM40-46.12 (ITU 39)'),
(1445,'10GBase-ER-DWDM40-45.32 (ITU 40)'),
(1446,'10GBase-ER-DWDM40-44.53 (ITU 41)'),
(1447,'10GBase-ER-DWDM40-43.73 (ITU 42)'),
(1448,'10GBase-ER-DWDM40-42.94 (ITU 43)'),
(1449,'10GBase-ER-DWDM40-42.14 (ITU 44)'),
(1450,'10GBase-ER-DWDM40-41.35 (ITU 45)'),
(1451,'10GBase-ER-DWDM40-40.56 (ITU 46)'),
(1452,'10GBase-ER-DWDM40-39.77 (ITU 47)'),
(1453,'10GBase-ER-DWDM40-38.98 (ITU 48)'),
(1454,'10GBase-ER-DWDM40-38.19 (ITU 49)'),
(1455,'10GBase-ER-DWDM40-37.40 (ITU 50)'),
(1456,'10GBase-ER-DWDM40-36.61 (ITU 51)'),
(1457,'10GBase-ER-DWDM40-35.82 (ITU 52)'),
(1458,'10GBase-ER-DWDM40-35.04 (ITU 53)'),
(1459,'10GBase-ER-DWDM40-34.25 (ITU 54)'),
(1460,'10GBase-ER-DWDM40-33.47 (ITU 55)'),
(1461,'10GBase-ER-DWDM40-32.68 (ITU 56)'),
(1462,'10GBase-ER-DWDM40-31.90 (ITU 57)'),
(1463,'10GBase-ER-DWDM40-31.12 (ITU 58)'),
(1464,'10GBase-ER-DWDM40-30.33 (ITU 59)'),
(1465,'10GBase-ER-DWDM40-29.55 (ITU 60)'),
(1466,'10GBase-ER-DWDM40-28.77 (ITU 61)'),
(1469,'virtual port'),
(1588,'empty QSFP+'),
(1589,'empty CFP2'),
(1590,'empty CPAK'),
(1603,'1000Base-T (HP c-Class)'),
(1604,'100Base-TX (HP c-Class)'),
(1642,'10GBase-T'),
(1660,'40GBase-FR'),
(1661,'40GBase-KR4'),
(1662,'40GBase-ER4'),
(1663,'40GBase-SR4'),
(1664,'40GBase-LR4'),
(1668,'empty CFP'),
(1669,'100GBase-SR10'),
(1670,'100GBase-LR4'),
(1671,'100GBase-ER4'),
(1672,'100GBase-SR4'),
(1673,'100GBase-KR4'),
(1674,'100GBase-KP4'),
(1999,'10GBase-KR')
;
-- Add new outer interface types with id < 2000. Values 2000 and up are for
-- users' local types.

INSERT INTO PatchCableOIFCompat (pctype_id, oif_id) VALUES
(13,18),(14,18),(15,18),(16,18),(17,18),(999,18), -- 10Base-T: Cat.3+ TP
(11,1198),(12,1198),(11,1199),(12,1199),          -- 100Base-BX10: 1xSMF
(5,1197),(6,1197),                                -- 100Base-LX10: 2xSMF
(5,1200),(6,1200),                                -- 100Base-EX: 2xSMF
(5,1201),(6,1201),                                -- 100Base-ZX: 2xSMF
(1,1195),(2,1195),(3,1195),(4,1195),              -- 100Base-FX: 2xMMF
(1,1196),(2,1196),(3,1196),(4,1196),              -- 100Base-SX: 2xMMF
(13,19),(14,19),(15,19),(16,19),(17,19),          -- 100Base-TX: Cat.5+ TP
(11,1206),(12,1206),(11,1207),(12,1207),          -- 1000Base-BX10: 1xSMF
(5,1204),(6,1204),                                -- 1000Base-LX: 2xSMF
(5,1205),(6,1205),                                -- 1000Base-LX10: 2xSMF
(1,1202),(2,1202),(3,1202),(4,1202),              -- 1000Base-SX: 2xMMF
(1,1203),(2,1203),(3,1203),(4,1203),              -- 1000Base-SX+: 2xMMF
(13,24),(14,24),(15,24),(16,24),(17,24),          -- 1000Base-T: Cat.5+ TP
(5,34),(6,34),                                    -- 1000Base-ZX: 2xSMF
(23,1077),                                        -- 1000Base direct attach: shielded
(1,30),(2,30),(3,30),(4,30),                      -- 10GBase-SR: 2xMMF
(5,36),(6,36),                                    -- 10GBase-LR: 2xSMF
(5,35),(6,35),                                    -- 10GBase-ER: 2xSMF
(5,38),(6,38),                                    -- 10GBase-ZR: 2xSMF
(1,39),(2,39),(3,39),(4,39),(5,39),(6,39),        -- 10GBase-LX4: 2xMMF/2xSMF
(1,37),(2,37),(3,37),(4,37),                      -- 10GBase-LRM: 2xMMF
(14,1642),(15,1642),(16,1642),(17,1642),          -- 10GBase-T: Cat.6+ TP
(20,40),                                          -- 10GBase-CX4: coax
(24,1084),(25,1084),(26,1084),(27,1084),          -- 10GBase direct attach: twinax
(18,1663),(19,1663),                              -- 40GBase-SR4: 8xMMF
(5,1664),(6,1664),                                -- 40GBase-LR4: 2xSMF
(5,1662),(6,1662),                                -- 40GBase-ER4: 2xSMF
(5,1660),(6,1660),                                -- 40GBase-FR: 2xSMF
(21,1669),(22,1669),                              -- 100GBase-SR10: 20xMMF
(18,1672),(19,1672),                              -- 100GBase-SR4: 8xMMF
(5,1670),(6,1670),                                -- 100GBase-LR4: 2xSMF
(5,1671),(6,1671);                                 -- 100GBase-ER4: 2xSMF;

INSERT INTO `ObjectParentCompat` VALUES
(3,13),
(4,1504),
(4,1507),
(1397,1398),
(1502,4),
(1503,8),
(1505,4),
(1505,1504),
(1505,1506),
(1505,1507),
(1506,4),
(1506,1504),
(1787,8),
(1787,1502);

INSERT INTO `PortInterfaceCompat` VALUES
(2,1208),(2,1195),(2,1196),(2,1197),(2,1198),(2,1199),(2,1200),(2,1201),
(3,1078),(3,24),(3,34),(3,42),(3,1202),(3,1203),(3,1204),(3,1205),(3,1206),(3,1207),
(4,1077),(4,24),(4,34),(4,42),(4,1202),(4,1203),(4,1204),(4,1205),(4,1206),(4,1207),
(5,1079),(5,30),(5,35),(5,36),(5,37),(5,38),(5,39),(5,40),
(6,1080),(6,30),(6,35),(6,36),(6,37),(6,38),(6,39),(6,40),
(7,1081),(7,30),(7,35),(7,36),(7,37),(7,38),(7,39),(7,40),
(8,1082),(8,30),(8,35),(8,36),(8,37),(8,38),(8,39),(8,40),
(9,1084),(9,30),(9,35),(9,36),(9,37),(9,38),(9,39),(9,40),
(10,1588),(10,1660),(10,1662),(10,1663),(10,1664),
(11,1668),(11,1669),(11,1670),(11,1671),(11,1672),(11,1673),(11,1674),
(12,1589),(12,1669),(12,1670),(12,1671),(12,1672),(12,1673),(12,1674),
(13,1590),(13,1669),(13,1670),(13,1671),(13,1672),(13,1673),(13,1674),
(1,16),(1,19),(1,24),(1,29),(1,31),(1,33),(1,446),(1,681),(1,682),(1,1322),(1,1399),(1,1469);

INSERT INTO `PortCompat` (`type1`, `type2`) VALUES
(17,17),
(18,18),
(19,19),
(24,24),
(18,19),
(18,24),
(19,24),
(29,29),
(30,30),
(16,1322),
(29,681),
(29,682),
(32,32),
(33,446),
(34,34),
(35,35),
(36,36),
(37,37),
(38,38),
(39,39),
(40,40),
(41,41),
(42,42),
(439,439),
(681,681),
(681,682),
(682,682),
(1077,1077),
(1084,1084),
(1087,1087),
(1195,1195),
(1196,1196),
(1197,1197),
(1198,1199),
(1200,1200),
(1201,1201),
(1202,1202),
(1203,1203),
(1204,1204),
(1205,1205),
(1206,1207),
(1209,1209),
(1210,1210),
(1211,1211),
(1212,1212),
(1213,1213),
(1214,1214),
(1215,1215),
(1216,1216),
(1217,1217),
(1218,1218),
(1219,1219),
(1220,1220),
(1221,1221),
(1222,1222),
(1223,1223),
(1224,1224),
(1225,1225),
(1226,1226),
(1227,1227),
(1228,1228),
(1229,1229),
(1230,1230),
(1231,1231),
(1232,1232),
(1233,1233),
(1234,1234),
(1235,1235),
(1236,1236),
(1237,1237),
(1238,1238),
(1239,1239),
(1240,1240),
(1241,1241),
(1242,1242),
(1243,1243),
(1244,1244),
(1245,1245),
(1246,1246),
(1247,1247),
(1248,1248),
(1249,1249),
(1250,1250),
(1251,1251),
(1252,1252),
(1253,1253),
(1254,1254),
(1255,1255),
(1256,1256),
(1257,1257),
(1258,1258),
(1259,1259),
(1260,1260),
(1261,1261),
(1262,1262),
(1263,1263),
(1264,1264),
(1265,1265),
(1266,1266),
(1267,1267),
(1268,1268),
(1269,1269),
(1270,1270),
(1271,1271),
(1272,1272),
(1273,1273),
(1274,1274),
(1275,1275),
(1276,1276),
(1277,1277),
(1278,1278),
(1279,1279),
(1280,1280),
(1281,1281),
(1282,1282),
(1283,1283),
(1284,1284),
(1285,1285),
(1286,1286),
(1287,1287),
(1288,1288),
(1289,1289),
(1290,1290),
(1291,1291),
(1292,1292),
(1293,1293),
(1294,1294),
(1295,1295),
(1296,1296),
(1297,1297),
(1298,1298),
(1299,1299),
(1300,1300),
(1316,1316),
(1424,1424),
(1425,1425),
(1426,1426),
(1427,1427),
(1428,1428),
(1429,1429),
(1430,1430),
(1431,1431),
(1432,1432),
(1433,1433),
(1434,1434),
(1435,1435),
(1436,1436),
(1437,1437),
(1438,1438),
(1439,1439),
(1440,1440),
(1441,1441),
(1442,1442),
(1443,1443),
(1444,1444),
(1445,1445),
(1446,1446),
(1447,1447),
(1448,1448),
(1449,1449),
(1450,1450),
(1451,1451),
(1452,1452),
(1453,1453),
(1454,1454),
(1455,1455),
(1456,1456),
(1457,1457),
(1458,1458),
(1459,1459),
(1460,1460),
(1461,1461),
(1462,1462),
(1463,1463),
(1464,1464),
(1465,1465),
(1466,1466),
(1469,1469),
(1399,1399),
(1588,1588),
(1588,1589),
(1588,1590),
(1589,1589),
(1589,1590),
(1590,1590),
(1603,1603),
(1660,1660),
(1661,1661),
(1662,1662),
(1663,1663),
(1664,1664),
(1668,1668),
(1669,1669),
(1670,1670),
(1671,1671),
(1672,1672),
(1673,1673),
(1674,1674),
(1642,1642),
(1999,1999);

-- make PortCompat symmetric (insert missing reversed-order pairs)
INSERT INTO PortCompat SELECT pc1.type2, pc1.type1 FROM PortCompat pc1 LEFT JOIN PortCompat pc2 ON pc1.type1 = pc2.type2 AND pc1.type2 = pc2.type1 WHERE pc2.type1 IS NULL;

INSERT INTO `Config` (varname, varvalue, vartype, emptyok, is_hidden, is_userdefined, description) VALUES
('MASSCOUNT','8','uint','no','no','yes','&quot;Fast&quot; form is this many records tall'),
('MAXSELSIZE','30','uint','no','no','yes','&lt;SELECT&gt; lists height'),
('enterprise','MyCompanyName','string','no','no','no','Organization name'),
('ROW_SCALE','2','uint','no','no','yes','Picture scale for rack row display'),
('IPV4_ADDRS_PER_PAGE','256','uint','no','no','yes','IPv4 addresses per page'),
('DEFAULT_RACK_HEIGHT','42','uint','yes','no','yes','Default rack height'),
('DEFAULT_SLB_VS_PORT','','uint','yes','no','yes','Default port of SLB virtual service'),
('DEFAULT_SLB_RS_PORT','','uint','yes','no','yes','Default port of SLB real server'),
('DETECT_URLS','no','string','yes','no','yes','Detect URLs in text fields'),
('RACK_PRESELECT_THRESHOLD','1','uint','no','no','yes','Rack pre-selection threshold'),
('DEFAULT_IPV4_RS_INSERVICE','no','string','no','no','yes','Inservice status for new SLB real servers'),
('AUTOPORTS_CONFIG','4 = 1*33*kvm + 2*24*eth%u;15 = 1*446*kvm','string','yes','no','no','AutoPorts configuration'),
('DEFAULT_OBJECT_TYPE','4','uint','yes','no','yes','Default object type for new objects'),
('SHOW_EXPLICIT_TAGS','yes','string','no','no','yes','Show explicit tags'),
('SHOW_IMPLICIT_TAGS','yes','string','no','no','yes','Show implicit tags'),
('SHOW_AUTOMATIC_TAGS','no','string','no','no','yes','Show automatic tags'),
('IPV4_AUTO_RELEASE','1','uint','no','no','yes','Auto-release IPv4 addresses on allocation'),
('SHOW_LAST_TAB','yes','string','yes','no','yes','Remember last tab shown for each page'),
('EXT_IPV4_VIEW','yes','string','no','no','yes','Extended IPv4 view'),
('TREE_THRESHOLD','25','uint','yes','no','yes','Tree view auto-collapse threshold'),
('IPV4_JAYWALK','no','string','no','no','no','Enable IPv4 address allocations w/o covering network'),
('ADDNEW_AT_TOP','yes','string','no','no','yes','Render \"add new\" line at top of the list'),
('IPV4_TREE_SHOW_USAGE','no','string','no','no','yes','Show address usage in IPv4 tree'),
('PREVIEW_TEXT_MAXCHARS','10240','uint','yes','no','yes','Max chars for text file preview'),
('PREVIEW_TEXT_ROWS','25','uint','yes','no','yes','Rows for text file preview'),
('PREVIEW_TEXT_COLS','80','uint','yes','no','yes','Columns for text file preview'),
('PREVIEW_IMAGE_MAXPXS','320','uint','yes','no','yes','Max pixels per axis for image file preview'),
('VENDOR_SIEVE','','string','yes','no','yes','Vendor sieve configuration'),
('IPV4LB_LISTSRC','false','string','yes','no','no','List source: IPv4 load balancers'),
('IPV4OBJ_LISTSRC','not ({\$typeid_3} or {\$typeid_9} or {\$typeid_10} or {\$typeid_11})','string','yes','no','no','List source: IPv4-enabled objects'),
('IPV4NAT_LISTSRC','{\$typeid_4} or {\$typeid_7} or {\$typeid_8} or {\$typeid_798}','string','yes','no','no','List source: IPv4 NAT performers'),
('ASSETWARN_LISTSRC','{\$typeid_4} or {\$typeid_7} or {\$typeid_8}','string','yes','no','no','List source: objects for that asset tag should be set'),
('NAMEWARN_LISTSRC','{\$typeid_4} or {\$typeid_7} or {\$typeid_8}','string','yes','no','no','List source: objects for that common name should be set'),
('RACKS_PER_ROW','12','uint','yes','no','yes','Racks per row'),
('FILTER_PREDICATE_SIEVE','','string','yes','no','yes','Predicate sieve regex(7)'),
('FILTER_DEFAULT_ANDOR','and','string','no','no','yes','Default list filter boolean operation (or/and)'),
('FILTER_SUGGEST_ANDOR','yes','string','no','no','yes','Suggest and/or selector in list filter'),
('FILTER_SUGGEST_TAGS','yes','string','no','no','yes','Suggest tags in list filter'),
('FILTER_SUGGEST_PREDICATES','yes','string','no','no','yes','Suggest predicates in list filter'),
('FILTER_SUGGEST_EXTRA','yes','string','no','no','yes','Suggest extra expression in list filter'),
('DEFAULT_SNMP_COMMUNITY','public','string','no','no','no','Default SNMP Community string'),
('IPV4_ENABLE_KNIGHT','yes','string','no','no','yes','Enable IPv4 knight feature'),
('TAGS_TOPLIST_SIZE','50','uint','yes','no','yes','Tags top list size'),
('TAGS_QUICKLIST_SIZE','20','uint','no','no','yes','Tags quick list size'),
('TAGS_QUICKLIST_THRESHOLD','50','uint','yes','no','yes','Tags quick list threshold'),
('ENABLE_MULTIPORT_FORM','no','string','no','no','yes','Enable \"Add/update multiple ports\" form'),
('DEFAULT_PORT_IIF_ID','1','uint','no','no','no','Default port inner interface ID'),
('DEFAULT_PORT_OIF_IDS','1=24; 3=1078; 4=1077; 5=1079; 6=1080; 8=1082; 9=1084; 10=1588; 11=1668','string','no','no','no','Default port outer interface IDs'),
('IPV4_TREE_RTR_AS_CELL','no','string','no','no','yes','Show full router info for each network in IPv4 tree view'),
('PROXIMITY_RANGE','0','uint','yes','no','yes','Proximity range (0 is current rack only)'),
('VLANSWITCH_LISTSRC', '', 'string', 'yes', 'no', 'yes', 'List of VLAN running switches'),
('VLANIPV4NET_LISTSRC', '', 'string', 'yes', 'no', 'yes', 'List of VLAN-based IPv4 networks'),
('IPV4_TREE_SHOW_VLAN','yes','string','no','no','yes','Show VLAN for each network in IPv4 tree'),
('DEFAULT_VDOM_ID','','uint','yes','no','yes','Default VLAN domain ID'),
('DEFAULT_VST_ID','','uint','yes','no','yes','Default VLAN switch template ID'),
('8021Q_DEPLOY_MINAGE','300','uint','no','no','no','802.1Q deploy minimum age'),
('8021Q_DEPLOY_MAXAGE','3600','uint','no','no','no','802.1Q deploy maximum age'),
('8021Q_DEPLOY_RETRY','10800','uint','no','no','no','802.1Q deploy retry timer'),
('8021Q_WRI_AFTER_CONFT_LISTSRC','false','string','no','no','no','802.1Q: save device configuration after deploy (RackCode)'),
('8021Q_INSTANT_DEPLOY','no','string','no','no','yes','802.1Q: instant deploy'),
('STATIC_FILTER','yes','string','no','no','yes','Enable Filter Caching'),
('ENABLE_BULKPORT_FORM','yes','string','no','no','yes','Enable \"Bulk Port\" form'),
('CDP_RUNNERS_LISTSRC', '', 'string', 'yes', 'no', 'no', 'List of devices running CDP'),
('LLDP_RUNNERS_LISTSRC', '', 'string', 'yes', 'no', 'no', 'List of devices running LLDP'),
('SHRINK_TAG_TREE_ON_CLICK','yes','string','no','no','yes','Dynamically hide useless tags in tagtree'),
('MAX_UNFILTERED_ENTITIES','0','uint','no','no','yes','Max item count to display on unfiltered result page'),
('SYNCDOMAIN_MAX_PROCESSES','0','uint','yes','no', 'no', 'How many worker proceses syncdomain cron script should create'),
('PORT_EXCLUSION_LISTSRC','{\$typeid_3} or {\$typeid_10} or {\$typeid_11} or {\$typeid_1505} or {\$typeid_1506}','string','yes','no','no','List source: objects without ports'),
('FILTER_RACKLIST_BY_TAGS','yes','string','yes','no','yes','Rackspace: show only racks matching the tags of the current object'),
('MGMT_PROTOS','ssh: {\$typeid_4}; telnet: {\$typeid_8}','string','yes','no','yes','Mapping of management protocol to devices'),
('SYNC_802Q_LISTSRC','','string','yes','no','no','List of VLAN switches sync is enabled on'),
('QUICK_LINK_PAGES','depot,ipv4space,rackspace','string','yes','no','yes','List of pages to display in quick links'),
('CACTI_LISTSRC','false','string','yes','no','no','List of object with Cacti graphs'),
('CACTI_RRA_ID','1','uint','no','no','yes','RRA ID for Cacti graphs displayed in RackTables'),
('MUNIN_LISTSRC','false','string','yes','no','no','List of object with Munin graphs'),
('VIRTUAL_OBJ_LISTSRC','1504,1505,1506,1507','string','no','no','no','List source: virtual objects'),
('DATETIME_ZONE','UTC','string','yes','no','yes','Timezone to use for displaying/calculating dates'),
('DATETIME_FORMAT','%Y-%m-%d','string','no','no','yes','PHP strftime() format to use for date output'),
('SEARCH_DOMAINS','','string','yes','no','yes','DNS domain list (comma-separated) to search in FQDN attributes'),
('8021Q_EXTSYNC_LISTSRC','false','string','yes','no','no','List source: objects with extended 802.1Q sync'),
('8021Q_MULTILINK_LISTSRC','false','string','yes','no','no','List source: IPv4/IPv6 networks allowing multiple VLANs from same domain'),
('REVERSED_RACKS_LISTSRC', 'false', 'string', 'yes', 'no', 'no', 'List of racks with reversed (top to bottom) units order'),
('NEAREST_RACKS_CHECKBOX', 'yes', 'string', 'yes', 'no', 'yes', 'Enable nearest racks in port list filter by default'),
('SHOW_OBJECTTYPE', 'yes', 'string', 'no', 'no', 'yes', 'Show object type column on depot page'),
('DB_VERSION','TBD','string','no','yes','no','Database version.');

INSERT INTO `Script` VALUES ('RackCode','allow {\$userid_1}');

-- Below isn't very efficient, but it is fine as a first pass, executes in < 1s.
delimiter //
create procedure TEMP_load_VLANValidID() 
begin
  declare i int default 1;
  while i <= 4094 do
    insert into VLANValidID (vlan_id) VALUES (i);
    set i = i+1;
  end while;
end;
// -- executes create procedure
delimiter ;

call TEMP_load_VLANValidID();
drop procedure TEMP_load_VLANValidID;
