INSERT INTO `AttributeValue` (`object_id`, `attr_id`, `string_value`, `uint_value`, `float_value`) VALUES (905,2,NULL,269,NULL);
INSERT INTO `AttributeValue` (`object_id`, `attr_id`, `string_value`, `uint_value`, `float_value`) VALUES (906,2,NULL,165,NULL);
INSERT INTO `AttributeValue` (`object_id`, `attr_id`, `string_value`, `uint_value`, `float_value`) VALUES (915,2,NULL,118,NULL);
INSERT INTO `AttributeValue` (`object_id`, `attr_id`, `string_value`, `uint_value`, `float_value`) VALUES (915,4,NULL,245,NULL);
INSERT INTO `AttributeValue` (`object_id`, `attr_id`, `string_value`, `uint_value`, `float_value`) VALUES (917,2,NULL,267,NULL);
INSERT INTO `AttributeValue` (`object_id`, `attr_id`, `string_value`, `uint_value`, `float_value`) VALUES (916,2,NULL,320,NULL);
INSERT INTO `AttributeValue` (`object_id`, `attr_id`, `string_value`, `uint_value`, `float_value`) VALUES (910,2,NULL,57,NULL);
INSERT INTO `AttributeValue` (`object_id`, `attr_id`, `string_value`, `uint_value`, `float_value`) VALUES (910,4,NULL,220,NULL);
INSERT INTO `AttributeValue` (`object_id`, `attr_id`, `string_value`, `uint_value`, `float_value`) VALUES (911,4,NULL,220,NULL);
INSERT INTO `AttributeValue` (`object_id`, `attr_id`, `string_value`, `uint_value`, `float_value`) VALUES (911,2,NULL,57,NULL);
INSERT INTO `AttributeValue` (`object_id`, `attr_id`, `string_value`, `uint_value`, `float_value`) VALUES (912,4,NULL,220,NULL);
INSERT INTO `AttributeValue` (`object_id`, `attr_id`, `string_value`, `uint_value`, `float_value`) VALUES (912,2,NULL,57,NULL);
INSERT INTO `AttributeValue` (`object_id`, `attr_id`, `string_value`, `uint_value`, `float_value`) VALUES (913,2,NULL,57,NULL);
INSERT INTO `AttributeValue` (`object_id`, `attr_id`, `string_value`, `uint_value`, `float_value`) VALUES (913,4,NULL,220,NULL);
INSERT INTO `AttributeValue` (`object_id`, `attr_id`, `string_value`, `uint_value`, `float_value`) VALUES (914,2,NULL,57,NULL);
INSERT INTO `AttributeValue` (`object_id`, `attr_id`, `string_value`, `uint_value`, `float_value`) VALUES (914,4,NULL,220,NULL);
INSERT INTO `AttributeValue` (`object_id`, `attr_id`, `string_value`, `uint_value`, `float_value`) VALUES (918,2,NULL,88,NULL);
INSERT INTO `AttributeValue` (`object_id`, `attr_id`, `string_value`, `uint_value`, `float_value`) VALUES (918,4,NULL,220,NULL);
INSERT INTO `AttributeValue` (`object_id`, `attr_id`, `string_value`, `uint_value`, `float_value`) VALUES (919,2,NULL,88,NULL);
INSERT INTO `AttributeValue` (`object_id`, `attr_id`, `string_value`, `uint_value`, `float_value`) VALUES (919,4,NULL,220,NULL);
INSERT INTO `AttributeValue` (`object_id`, `attr_id`, `string_value`, `uint_value`, `float_value`) VALUES (920,2,NULL,326,NULL);
INSERT INTO `AttributeValue` (`object_id`, `attr_id`, `string_value`, `uint_value`, `float_value`) VALUES (921,2,NULL,318,NULL);
INSERT INTO `AttributeValue` (`object_id`, `attr_id`, `string_value`, `uint_value`, `float_value`) VALUES (922,2,NULL,318,NULL);
INSERT INTO `AttributeValue` (`object_id`, `attr_id`, `string_value`, `uint_value`, `float_value`) VALUES (923,2,NULL,102,NULL);
INSERT INTO `AttributeValue` (`object_id`, `attr_id`, `string_value`, `uint_value`, `float_value`) VALUES (923,4,NULL,233,NULL);
INSERT INTO `AttributeValue` (`object_id`, `attr_id`, `string_value`, `uint_value`, `float_value`) VALUES (926,2,NULL,126,NULL);
INSERT INTO `AttributeValue` (`object_id`, `attr_id`, `string_value`, `uint_value`, `float_value`) VALUES (926,4,NULL,244,NULL);
INSERT INTO `AttributeValue` (`object_id`, `attr_id`, `string_value`, `uint_value`, `float_value`) VALUES (925,2,NULL,102,NULL);
INSERT INTO `AttributeValue` (`object_id`, `attr_id`, `string_value`, `uint_value`, `float_value`) VALUES (925,4,NULL,233,NULL);
INSERT INTO `AttributeValue` (`object_id`, `attr_id`, `string_value`, `uint_value`, `float_value`) VALUES (924,2,NULL,102,NULL);
INSERT INTO `AttributeValue` (`object_id`, `attr_id`, `string_value`, `uint_value`, `float_value`) VALUES (924,4,NULL,233,NULL);
INSERT INTO `AttributeValue` (`object_id`, `attr_id`, `string_value`, `uint_value`, `float_value`) VALUES (907,2,NULL,269,NULL);
INSERT INTO `AttributeValue` (`object_id`, `attr_id`, `string_value`, `uint_value`, `float_value`) VALUES (907,4,NULL,258,NULL);
INSERT INTO `AttributeValue` (`object_id`, `attr_id`, `string_value`, `uint_value`, `float_value`) VALUES (927,2,NULL,269,NULL);
INSERT INTO `AttributeValue` (`object_id`, `attr_id`, `string_value`, `uint_value`, `float_value`) VALUES (927,4,NULL,258,NULL);

INSERT INTO `Dictionary` (`chapter_no`, `dict_key`, `dict_value`) VALUES (3,50000,'Moscow');
INSERT INTO `Dictionary` (`chapter_no`, `dict_key`, `dict_value`) VALUES (3,50001,'Tokyo');
INSERT INTO `Dictionary` (`chapter_no`, `dict_key`, `dict_value`) VALUES (3,50002,'New-York');
INSERT INTO `Dictionary` (`chapter_no`, `dict_key`, `dict_value`) VALUES (3,50003,'London');

INSERT INTO `IPAddress` (`ip`, `name`, `reserved`) VALUES (180879678,'default gw','no');
INSERT INTO `IPAddress` (`ip`, `name`, `reserved`) VALUES (180879617,'',NULL);
INSERT INTO `IPAddress` (`ip`, `name`, `reserved`) VALUES (180879680,'network','yes');
INSERT INTO `IPAddress` (`ip`, `name`, `reserved`) VALUES (180879743,'broadcast','yes');
INSERT INTO `IPAddress` (`ip`, `name`, `reserved`) VALUES (180879681,'',NULL);
INSERT INTO `IPAddress` (`ip`, `name`, `reserved`) VALUES (180879683,'',NULL);
INSERT INTO `IPAddress` (`ip`, `name`, `reserved`) VALUES (180879684,'',NULL);
INSERT INTO `IPAddress` (`ip`, `name`, `reserved`) VALUES (180879685,'',NULL);
INSERT INTO `IPAddress` (`ip`, `name`, `reserved`) VALUES (180879616,'network','yes');
INSERT INTO `IPAddress` (`ip`, `name`, `reserved`) VALUES (180879679,'broadcast','yes');
INSERT INTO `IPAddress` (`ip`, `name`, `reserved`) VALUES (180879686,'',NULL);
INSERT INTO `IPAddress` (`ip`, `name`, `reserved`) VALUES (180879687,'',NULL);
INSERT INTO `IPAddress` (`ip`, `name`, `reserved`) VALUES (180879360,'',NULL);
INSERT INTO `IPAddress` (`ip`, `name`, `reserved`) VALUES (180879361,'',NULL);
INSERT INTO `IPAddress` (`ip`, `name`, `reserved`) VALUES (180880192,'network','yes');
INSERT INTO `IPAddress` (`ip`, `name`, `reserved`) VALUES (180880255,'broadcast','yes');
INSERT INTO `IPAddress` (`ip`, `name`, `reserved`) VALUES (180880448,'network','yes');
INSERT INTO `IPAddress` (`ip`, `name`, `reserved`) VALUES (180880511,'broadcast','yes');
INSERT INTO `IPAddress` (`ip`, `name`, `reserved`) VALUES (180880384,'network','yes');
INSERT INTO `IPAddress` (`ip`, `name`, `reserved`) VALUES (180880447,'broadcast','yes');
INSERT INTO `IPAddress` (`ip`, `name`, `reserved`) VALUES (180880128,'network','no');
INSERT INTO `IPAddress` (`ip`, `name`, `reserved`) VALUES (180880191,'broadcast','no');
INSERT INTO `IPAddress` (`ip`, `name`, `reserved`) VALUES (180879936,'network','yes');
INSERT INTO `IPAddress` (`ip`, `name`, `reserved`) VALUES (180879999,'broadcast','yes');
INSERT INTO `IPAddress` (`ip`, `name`, `reserved`) VALUES (180879872,'network','yes');
INSERT INTO `IPAddress` (`ip`, `name`, `reserved`) VALUES (180879935,'broadcast','yes');
INSERT INTO `IPAddress` (`ip`, `name`, `reserved`) VALUES (180880193,'',NULL);
INSERT INTO `IPAddress` (`ip`, `name`, `reserved`) VALUES (180880194,'',NULL);
INSERT INTO `IPAddress` (`ip`, `name`, `reserved`) VALUES (180880195,'',NULL);
INSERT INTO `IPAddress` (`ip`, `name`, `reserved`) VALUES (180879618,'',NULL);
INSERT INTO `IPAddress` (`ip`, `name`, `reserved`) VALUES (180879677,'',NULL);
INSERT INTO `IPAddress` (`ip`, `name`, `reserved`) VALUES (180879676,'',NULL);
INSERT INTO `IPAddress` (`ip`, `name`, `reserved`) VALUES (180879675,'',NULL);
INSERT INTO `IPAddress` (`ip`, `name`, `reserved`) VALUES (180880254,'',NULL);

INSERT INTO `IPBonds` (`object_id`, `ip`, `name`, `type`) VALUES (905,180879678,'fa2/0','regular');
INSERT INTO `IPBonds` (`object_id`, `ip`, `name`, `type`) VALUES (906,180879617,'','regular');
INSERT INTO `IPBonds` (`object_id`, `ip`, `name`, `type`) VALUES (910,180879681,'eth0','regular');
INSERT INTO `IPBonds` (`object_id`, `ip`, `name`, `type`) VALUES (911,180879682,'eth0','regular');
INSERT INTO `IPBonds` (`object_id`, `ip`, `name`, `type`) VALUES (912,180879683,'eth0','regular');
INSERT INTO `IPBonds` (`object_id`, `ip`, `name`, `type`) VALUES (913,180879684,'eth0','regular');
INSERT INTO `IPBonds` (`object_id`, `ip`, `name`, `type`) VALUES (914,180879685,'eth0','regular');
INSERT INTO `IPBonds` (`object_id`, `ip`, `name`, `type`) VALUES (918,180879686,'bge0','regular');
INSERT INTO `IPBonds` (`object_id`, `ip`, `name`, `type`) VALUES (919,180879687,'bge0','regular');
INSERT INTO `IPBonds` (`object_id`, `ip`, `name`, `type`) VALUES (908,180879360,'se1/0','regular');
INSERT INTO `IPBonds` (`object_id`, `ip`, `name`, `type`) VALUES (905,180879361,'se1/1','regular');
INSERT INTO `IPBonds` (`object_id`, `ip`, `name`, `type`) VALUES (923,180880193,'eth0','regular');
INSERT INTO `IPBonds` (`object_id`, `ip`, `name`, `type`) VALUES (924,180880194,'eth0','regular');
INSERT INTO `IPBonds` (`object_id`, `ip`, `name`, `type`) VALUES (925,180880195,'eth0','regular');
INSERT INTO `IPBonds` (`object_id`, `ip`, `name`, `type`) VALUES (915,180879618,'telnet access','regular');
INSERT INTO `IPBonds` (`object_id`, `ip`, `name`, `type`) VALUES (915,180879677,'VIP3','regular');
INSERT INTO `IPBonds` (`object_id`, `ip`, `name`, `type`) VALUES (915,180879676,'VIP2','regular');
INSERT INTO `IPBonds` (`object_id`, `ip`, `name`, `type`) VALUES (915,180879675,'VIP1','regular');
INSERT INTO `IPBonds` (`object_id`, `ip`, `name`, `type`) VALUES (910,180879675,'','virtual');
INSERT INTO `IPBonds` (`object_id`, `ip`, `name`, `type`) VALUES (911,180879675,'','virtual');
INSERT INTO `IPBonds` (`object_id`, `ip`, `name`, `type`) VALUES (912,180879675,'','virtual');
INSERT INTO `IPBonds` (`object_id`, `ip`, `name`, `type`) VALUES (919,180879677,'','virtual');
INSERT INTO `IPBonds` (`object_id`, `ip`, `name`, `type`) VALUES (918,180879677,'','virtual');
INSERT INTO `IPBonds` (`object_id`, `ip`, `name`, `type`) VALUES (909,180880254,'fa2/0','regular');
INSERT INTO `IPBonds` (`object_id`, `ip`, `name`, `type`) VALUES (914,180879676,'','virtual');
INSERT INTO `IPBonds` (`object_id`, `ip`, `name`, `type`) VALUES (913,180879676,'','virtual');
INSERT INTO `IPBonds` (`object_id`, `ip`, `name`, `type`) VALUES (932,180879973,'','regular');
INSERT INTO `IPBonds` (`object_id`, `ip`, `name`, `type`) VALUES (934,180879974,'','regular');
INSERT INTO `IPBonds` (`object_id`, `ip`, `name`, `type`) VALUES (936,180879975,'','regular');
INSERT INTO `IPBonds` (`object_id`, `ip`, `name`, `type`) VALUES (938,180879976,'','regular');
INSERT INTO `IPBonds` (`object_id`, `ip`, `name`, `type`) VALUES (940,180879977,'','regular');
INSERT INTO `IPBonds` (`object_id`, `ip`, `name`, `type`) VALUES (933,180879978,'','regular');
INSERT INTO `IPBonds` (`object_id`, `ip`, `name`, `type`) VALUES (935,180879979,'','regular');
INSERT INTO `IPBonds` (`object_id`, `ip`, `name`, `type`) VALUES (937,180879980,'','regular');
INSERT INTO `IPBonds` (`object_id`, `ip`, `name`, `type`) VALUES (939,180879981,'','regular');
INSERT INTO `IPBonds` (`object_id`, `ip`, `name`, `type`) VALUES (941,180879982,'','regular');
INSERT INTO `IPBonds` (`object_id`, `ip`, `name`, `type`) VALUES (928,180879877,'','regular');
INSERT INTO `IPBonds` (`object_id`, `ip`, `name`, `type`) VALUES (929,180879878,'','regular');

INSERT INTO `IPLoadBalancer` VALUES (928,1,1,NULL,NULL);
INSERT INTO `IPLoadBalancer` VALUES (929,1,1,NULL,NULL);
INSERT INTO `IPLoadBalancer` VALUES (929,2,2,NULL,NULL);

INSERT INTO `IPRanges` (`id`, `ip`, `mask`, `name`) VALUES (96,180879616,26,'London network devices and VIPs');
INSERT INTO `IPRanges` (`id`, `ip`, `mask`, `name`) VALUES (97,180879680,26,'London HA server farm');
INSERT INTO `IPRanges` (`id`, `ip`, `mask`, `name`) VALUES (98,180879872,26,'New-York network devices');
INSERT INTO `IPRanges` (`id`, `ip`, `mask`, `name`) VALUES (99,180879936,26,'New-York servers');
INSERT INTO `IPRanges` (`id`, `ip`, `mask`, `name`) VALUES (108,180880192,26,'Tokyo server farm');
INSERT INTO `IPRanges` (`id`, `ip`, `mask`, `name`) VALUES (102,180879360,31,'M-L P2P');
INSERT INTO `IPRanges` (`id`, `ip`, `mask`, `name`) VALUES (103,180879362,31,'L-NY P2P');
INSERT INTO `IPRanges` (`id`, `ip`, `mask`, `name`) VALUES (104,180879364,31,'NY-T P2P');
INSERT INTO `IPRanges` (`id`, `ip`, `mask`, `name`) VALUES (105,180879366,31,'T-M P2P');
INSERT INTO `IPRanges` (`id`, `ip`, `mask`, `name`) VALUES (106,180880384,26,'Moscow network devices');
INSERT INTO `IPRanges` (`id`, `ip`, `mask`, `name`) VALUES (107,180880448,26,'Moscow servers');

INSERT INTO `IPRealServer` VALUES (1,'yes',180879973,80,1,NULL);
INSERT INTO `IPRealServer` VALUES (2,'yes',180879974,80,1,NULL);
INSERT INTO `IPRealServer` VALUES (3,'no',180879975,80,1,NULL);
INSERT INTO `IPRealServer` VALUES (4,'yes',180879976,80,1,NULL);
INSERT INTO `IPRealServer` VALUES (5,'yes',180879977,80,1,NULL);
INSERT INTO `IPRealServer` VALUES (6,'no',180879978,8080,2,NULL);
INSERT INTO `IPRealServer` VALUES (7,'yes',180879979,8080,2,NULL);
INSERT INTO `IPRealServer` VALUES (8,'yes',180879980,8080,2,NULL);
INSERT INTO `IPRealServer` VALUES (9,'yes',180879981,8080,2,NULL);
INSERT INTO `IPRealServer` VALUES (10,'yes',180879982,8080,2,NULL);

INSERT INTO `IPRSPool` VALUES (1,'Apache servers',NULL,NULL);
INSERT INTO `IPRSPool` VALUES (2,'Resin servers',NULL,NULL);

INSERT INTO `IPVirtualService` VALUES (1,180879877,80,'TCP','virtual web','lvs_sched wlc\r\nlvs_method NAT\r\ndelay_loop 3\r\nalpha\r\nomega\r\nquorum 3\r\nhysteresis 1\r\n\r\n# this is a comment\r\n# VS name is %VNAME%\r\n#\r\n','HTTP_GET {\r\nurl {\r\npath /\r\nstatus_code 200\r\n}\r\nconnect_timeout 1\r\n}');
INSERT INTO `IPVirtualService` VALUES (2,180879878,80,'TCP','virtual app','lvs_sched wlc\r\nlvs_method NAT\r\ndelay_loop 3\r\nalpha\r\nomega\r\nquorum 3\r\nhysteresis 1\r\n\r\n','HTTP_GET {\r\nurl {\r\npath /\r\nstatus_code 200\r\n}\r\nconnect_timeout 1\r\n}');

INSERT INTO `Link` (`porta`, `portb`) VALUES (3057,3071);
INSERT INTO `Link` (`porta`, `portb`) VALUES (3058,3084);
INSERT INTO `Link` (`porta`, `portb`) VALUES (3059,3069);
INSERT INTO `Link` (`porta`, `portb`) VALUES (3062,3094);
INSERT INTO `Link` (`porta`, `portb`) VALUES (3063,3079);
INSERT INTO `Link` (`porta`, `portb`) VALUES (3070,3083);
INSERT INTO `Link` (`porta`, `portb`) VALUES (3072,3080);
INSERT INTO `Link` (`porta`, `portb`) VALUES (3073,3086);
INSERT INTO `Link` (`porta`, `portb`) VALUES (3074,3088);
INSERT INTO `Link` (`porta`, `portb`) VALUES (3075,3090);
INSERT INTO `Link` (`porta`, `portb`) VALUES (3076,3092);
INSERT INTO `Link` (`porta`, `portb`) VALUES (3077,3097);
INSERT INTO `Link` (`porta`, `portb`) VALUES (3078,3095);
INSERT INTO `Link` (`porta`, `portb`) VALUES (3082,3085);
INSERT INTO `Link` (`porta`, `portb`) VALUES (3099,3112);
INSERT INTO `Link` (`porta`, `portb`) VALUES (3101,3113);
INSERT INTO `Link` (`porta`, `portb`) VALUES (3102,3114);
INSERT INTO `Link` (`porta`, `portb`) VALUES (3103,3115);
INSERT INTO `Link` (`porta`, `portb`) VALUES (3104,3116);
INSERT INTO `Link` (`porta`, `portb`) VALUES (3105,3117);
INSERT INTO `Link` (`porta`, `portb`) VALUES (3106,3118);

INSERT INTO `Port` (`id`, `object_id`, `name`, `type`, `l2address`, `reservation_comment`, `label`) VALUES (3057,905,'se1/0',32,NULL,NULL,'');
INSERT INTO `Port` (`id`, `object_id`, `name`, `type`, `l2address`, `reservation_comment`, `label`) VALUES (3058,905,'se1/1',32,NULL,NULL,'');
INSERT INTO `Port` (`id`, `object_id`, `name`, `type`, `l2address`, `reservation_comment`, `label`) VALUES (3059,905,'fa2/0',19,'00000000A001',NULL,'');
INSERT INTO `Port` (`id`, `object_id`, `name`, `type`, `l2address`, `reservation_comment`, `label`) VALUES (3060,905,'fa2/1',19,'00000000A002','ISP uplink','');
INSERT INTO `Port` (`id`, `object_id`, `name`, `type`, `l2address`, `reservation_comment`, `label`) VALUES (3063,906,'gi1',24,'00000000B001',NULL,'1');
INSERT INTO `Port` (`id`, `object_id`, `name`, `type`, `l2address`, `reservation_comment`, `label`) VALUES (3062,906,'gi2',24,'00000000B002',NULL,'2');
INSERT INTO `Port` (`id`, `object_id`, `name`, `type`, `l2address`, `reservation_comment`, `label`) VALUES (3064,906,'gi3',24,'00000000B003',NULL,'3');
INSERT INTO `Port` (`id`, `object_id`, `name`, `type`, `l2address`, `reservation_comment`, `label`) VALUES (3065,906,'gi4',24,'00000000B004',NULL,'4');
INSERT INTO `Port` (`id`, `object_id`, `name`, `type`, `l2address`, `reservation_comment`, `label`) VALUES (3066,906,'gi5',24,'00000000B005',NULL,'5');
INSERT INTO `Port` (`id`, `object_id`, `name`, `type`, `l2address`, `reservation_comment`, `label`) VALUES (3067,906,'gi6',24,'00000000B006',NULL,'6');
INSERT INTO `Port` (`id`, `object_id`, `name`, `type`, `l2address`, `reservation_comment`, `label`) VALUES (3068,906,'gi7',24,'00000000B007',NULL,'7');
INSERT INTO `Port` (`id`, `object_id`, `name`, `type`, `l2address`, `reservation_comment`, `label`) VALUES (3069,906,'gi8',24,'00000000B008',NULL,'8');
INSERT INTO `Port` (`id`, `object_id`, `name`, `type`, `l2address`, `reservation_comment`, `label`) VALUES (3070,907,'se1/0',32,NULL,NULL,'');
INSERT INTO `Port` (`id`, `object_id`, `name`, `type`, `l2address`, `reservation_comment`, `label`) VALUES (3071,907,'se1/1',32,NULL,NULL,'');
INSERT INTO `Port` (`id`, `object_id`, `name`, `type`, `l2address`, `reservation_comment`, `label`) VALUES (3072,915,'e1',19,NULL,NULL,'1');
INSERT INTO `Port` (`id`, `object_id`, `name`, `type`, `l2address`, `reservation_comment`, `label`) VALUES (3073,915,'e2',19,NULL,NULL,'2');
INSERT INTO `Port` (`id`, `object_id`, `name`, `type`, `l2address`, `reservation_comment`, `label`) VALUES (3074,915,'e3',19,NULL,NULL,'3');
INSERT INTO `Port` (`id`, `object_id`, `name`, `type`, `l2address`, `reservation_comment`, `label`) VALUES (3075,915,'e4',19,NULL,NULL,'4');
INSERT INTO `Port` (`id`, `object_id`, `name`, `type`, `l2address`, `reservation_comment`, `label`) VALUES (3076,915,'e5',19,NULL,NULL,'5');
INSERT INTO `Port` (`id`, `object_id`, `name`, `type`, `l2address`, `reservation_comment`, `label`) VALUES (3077,915,'e6',19,NULL,NULL,'6');
INSERT INTO `Port` (`id`, `object_id`, `name`, `type`, `l2address`, `reservation_comment`, `label`) VALUES (3078,915,'e7',19,NULL,NULL,'7');
INSERT INTO `Port` (`id`, `object_id`, `name`, `type`, `l2address`, `reservation_comment`, `label`) VALUES (3079,915,'e8',19,NULL,NULL,'8');
INSERT INTO `Port` (`id`, `object_id`, `name`, `type`, `l2address`, `reservation_comment`, `label`) VALUES (3080,910,'eth0',24,NULL,NULL,'1');
INSERT INTO `Port` (`id`, `object_id`, `name`, `type`, `l2address`, `reservation_comment`, `label`) VALUES (3081,910,'eth1',24,NULL,NULL,'2');
INSERT INTO `Port` (`id`, `object_id`, `name`, `type`, `l2address`, `reservation_comment`, `label`) VALUES (3082,909,'se1/0',32,NULL,NULL,'');
INSERT INTO `Port` (`id`, `object_id`, `name`, `type`, `l2address`, `reservation_comment`, `label`) VALUES (3083,909,'se1/1',32,NULL,NULL,'');
INSERT INTO `Port` (`id`, `object_id`, `name`, `type`, `l2address`, `reservation_comment`, `label`) VALUES (3084,908,'se1/0',32,NULL,NULL,'');
INSERT INTO `Port` (`id`, `object_id`, `name`, `type`, `l2address`, `reservation_comment`, `label`) VALUES (3085,908,'se1/1',32,NULL,NULL,'');
INSERT INTO `Port` (`id`, `object_id`, `name`, `type`, `l2address`, `reservation_comment`, `label`) VALUES (3086,911,'eth0',24,NULL,NULL,'1');
INSERT INTO `Port` (`id`, `object_id`, `name`, `type`, `l2address`, `reservation_comment`, `label`) VALUES (3087,911,'eth1',24,NULL,NULL,'2');
INSERT INTO `Port` (`id`, `object_id`, `name`, `type`, `l2address`, `reservation_comment`, `label`) VALUES (3088,912,'eth0',24,NULL,NULL,'1');
INSERT INTO `Port` (`id`, `object_id`, `name`, `type`, `l2address`, `reservation_comment`, `label`) VALUES (3089,912,'eth1',24,NULL,NULL,'2');
INSERT INTO `Port` (`id`, `object_id`, `name`, `type`, `l2address`, `reservation_comment`, `label`) VALUES (3090,913,'eth0',24,NULL,NULL,'1');
INSERT INTO `Port` (`id`, `object_id`, `name`, `type`, `l2address`, `reservation_comment`, `label`) VALUES (3091,913,'eth1',24,NULL,NULL,'2');
INSERT INTO `Port` (`id`, `object_id`, `name`, `type`, `l2address`, `reservation_comment`, `label`) VALUES (3092,914,'eth0',24,NULL,NULL,'1');
INSERT INTO `Port` (`id`, `object_id`, `name`, `type`, `l2address`, `reservation_comment`, `label`) VALUES (3093,914,'eth1',24,NULL,NULL,'2');
INSERT INTO `Port` (`id`, `object_id`, `name`, `type`, `l2address`, `reservation_comment`, `label`) VALUES (3094,917,'fa0/0',19,NULL,NULL,'');
INSERT INTO `Port` (`id`, `object_id`, `name`, `type`, `l2address`, `reservation_comment`, `label`) VALUES (3095,919,'bge0',24,NULL,NULL,'');
INSERT INTO `Port` (`id`, `object_id`, `name`, `type`, `l2address`, `reservation_comment`, `label`) VALUES (3096,919,'bge1',24,NULL,NULL,'');
INSERT INTO `Port` (`id`, `object_id`, `name`, `type`, `l2address`, `reservation_comment`, `label`) VALUES (3097,918,'bge0',24,NULL,NULL,'');
INSERT INTO `Port` (`id`, `object_id`, `name`, `type`, `l2address`, `reservation_comment`, `label`) VALUES (3098,918,'bge1',24,NULL,NULL,'');
INSERT INTO `Port` (`id`, `object_id`, `name`, `type`, `l2address`, `reservation_comment`, `label`) VALUES (3099,909,'fa2/0',19,NULL,NULL,'');
INSERT INTO `Port` (`id`, `object_id`, `name`, `type`, `l2address`, `reservation_comment`, `label`) VALUES (3100,909,'fa2/1',19,NULL,'ISP uplink','');
INSERT INTO `Port` (`id`, `object_id`, `name`, `type`, `l2address`, `reservation_comment`, `label`) VALUES (3101,926,'fa1',19,NULL,NULL,'1');
INSERT INTO `Port` (`id`, `object_id`, `name`, `type`, `l2address`, `reservation_comment`, `label`) VALUES (3102,926,'fa2',19,NULL,NULL,'2');
INSERT INTO `Port` (`id`, `object_id`, `name`, `type`, `l2address`, `reservation_comment`, `label`) VALUES (3103,926,'fa3',19,NULL,NULL,'3');
INSERT INTO `Port` (`id`, `object_id`, `name`, `type`, `l2address`, `reservation_comment`, `label`) VALUES (3104,926,'fa4',19,NULL,NULL,'4');
INSERT INTO `Port` (`id`, `object_id`, `name`, `type`, `l2address`, `reservation_comment`, `label`) VALUES (3105,926,'fa5',19,NULL,NULL,'5');
INSERT INTO `Port` (`id`, `object_id`, `name`, `type`, `l2address`, `reservation_comment`, `label`) VALUES (3106,926,'fa6',19,NULL,NULL,'6');
INSERT INTO `Port` (`id`, `object_id`, `name`, `type`, `l2address`, `reservation_comment`, `label`) VALUES (3107,926,'fa7',19,NULL,NULL,'7');
INSERT INTO `Port` (`id`, `object_id`, `name`, `type`, `l2address`, `reservation_comment`, `label`) VALUES (3108,926,'fa8',19,NULL,NULL,'8');
INSERT INTO `Port` (`id`, `object_id`, `name`, `type`, `l2address`, `reservation_comment`, `label`) VALUES (3109,926,'fa9',19,NULL,NULL,'9');
INSERT INTO `Port` (`id`, `object_id`, `name`, `type`, `l2address`, `reservation_comment`, `label`) VALUES (3110,926,'fa10',19,NULL,NULL,'10');
INSERT INTO `Port` (`id`, `object_id`, `name`, `type`, `l2address`, `reservation_comment`, `label`) VALUES (3111,926,'fa11',19,NULL,NULL,'11');
INSERT INTO `Port` (`id`, `object_id`, `name`, `type`, `l2address`, `reservation_comment`, `label`) VALUES (3112,926,'fa12',19,NULL,NULL,'12');
INSERT INTO `Port` (`id`, `object_id`, `name`, `type`, `l2address`, `reservation_comment`, `label`) VALUES (3113,923,'eth0',24,NULL,NULL,'1');
INSERT INTO `Port` (`id`, `object_id`, `name`, `type`, `l2address`, `reservation_comment`, `label`) VALUES (3114,923,'eth1',24,NULL,NULL,'2');
INSERT INTO `Port` (`id`, `object_id`, `name`, `type`, `l2address`, `reservation_comment`, `label`) VALUES (3115,924,'eth0',24,NULL,NULL,'1');
INSERT INTO `Port` (`id`, `object_id`, `name`, `type`, `l2address`, `reservation_comment`, `label`) VALUES (3116,924,'eth1',24,NULL,NULL,'2');
INSERT INTO `Port` (`id`, `object_id`, `name`, `type`, `l2address`, `reservation_comment`, `label`) VALUES (3117,925,'eth0',24,NULL,NULL,'1');
INSERT INTO `Port` (`id`, `object_id`, `name`, `type`, `l2address`, `reservation_comment`, `label`) VALUES (3118,925,'eth1',24,NULL,NULL,'2');
INSERT INTO `Port` (`id`, `object_id`, `name`, `type`, `l2address`, `reservation_comment`, `label`) VALUES (3119,908,'fa2/0',19,NULL,NULL,'');
INSERT INTO `Port` (`id`, `object_id`, `name`, `type`, `l2address`, `reservation_comment`, `label`) VALUES (3120,908,'fa2/1',19,NULL,'ISP uplink','');
INSERT INTO `Port` (`id`, `object_id`, `name`, `type`, `l2address`, `reservation_comment`, `label`) VALUES (3121,907,'fa2/0',19,NULL,NULL,'');
INSERT INTO `Port` (`id`, `object_id`, `name`, `type`, `l2address`, `reservation_comment`, `label`) VALUES (3122,907,'fa2/1',19,NULL,NULL,'');
INSERT INTO `Port` (`id`, `object_id`, `name`, `type`, `l2address`, `reservation_comment`, `label`) VALUES (3123,927,'gi3/0',25,NULL,'ISP uplink','');
INSERT INTO `Port` (`id`, `object_id`, `name`, `type`, `l2address`, `reservation_comment`, `label`) VALUES (3124,927,'gi4/0',25,NULL,NULL,'');
INSERT INTO `Port` (`id`, `object_id`, `name`, `type`, `l2address`, `reservation_comment`, `label`) VALUES (3125,907,'gi3/0',25,NULL,'ISP uplink','');
INSERT INTO `Port` (`id`, `object_id`, `name`, `type`, `l2address`, `reservation_comment`, `label`) VALUES (3126,907,'gi4/0',25,NULL,NULL,'');

INSERT INTO `PortForwarding` (`object_id`, `proto`, `localip`, `localport`, `remoteip`, `remoteport`, `description`) VALUES (915,336,180879675,80,180879681,80,'');
INSERT INTO `PortForwarding` (`object_id`, `proto`, `localip`, `localport`, `remoteip`, `remoteport`, `description`) VALUES (915,336,180879675,80,180879682,80,'');
INSERT INTO `PortForwarding` (`object_id`, `proto`, `localip`, `localport`, `remoteip`, `remoteport`, `description`) VALUES (915,336,180879675,80,180879683,80,'');
INSERT INTO `PortForwarding` (`object_id`, `proto`, `localip`, `localport`, `remoteip`, `remoteport`, `description`) VALUES (915,337,180879676,53,180879684,53,'');
INSERT INTO `PortForwarding` (`object_id`, `proto`, `localip`, `localport`, `remoteip`, `remoteport`, `description`) VALUES (915,337,180879676,53,180879685,53,'');
INSERT INTO `PortForwarding` (`object_id`, `proto`, `localip`, `localport`, `remoteip`, `remoteport`, `description`) VALUES (915,336,180879677,443,180879686,443,'');
INSERT INTO `PortForwarding` (`object_id`, `proto`, `localip`, `localport`, `remoteip`, `remoteport`, `description`) VALUES (915,336,180879677,443,180879687,443,'');

INSERT INTO `Rack` (`id`, `name`, `deleted`, `row_id`, `height`, `comment`) VALUES (40,'L01','no',50003,42,'test');
INSERT INTO `Rack` (`id`, `name`, `deleted`, `row_id`, `height`, `comment`) VALUES (41,'L02','no',50003,12,'network equipment mini-rack');
INSERT INTO `Rack` (`id`, `name`, `deleted`, `row_id`, `height`, `comment`) VALUES (42,'L03','no',50003,42,'');
INSERT INTO `Rack` (`id`, `name`, `deleted`, `row_id`, `height`, `comment`) VALUES (43,'NY100','no',50002,16,'');
INSERT INTO `Rack` (`id`, `name`, `deleted`, `row_id`, `height`, `comment`) VALUES (44,'NY101','no',50002,42,'server farm wing A');
INSERT INTO `Rack` (`id`, `name`, `deleted`, `row_id`, `height`, `comment`) VALUES (45,'M01','no',50000,42,'');
INSERT INTO `Rack` (`id`, `name`, `deleted`, `row_id`, `height`, `comment`) VALUES (46,'NY102','no',50002,42,'server farm wing B');
INSERT INTO `Rack` (`id`, `name`, `deleted`, `row_id`, `height`, `comment`) VALUES (47,'T01','no',50001,16,'');

INSERT INTO `RackObject` (`id`, `name`, `label`, `barcode`, `deleted`, `objtype_id`, `asset_no`, `has_problems`, `comment`) VALUES (905,'london router','bbrtr1',NULL,'no',7,'net247','no','');
INSERT INTO `RackObject` (`id`, `name`, `label`, `barcode`, `deleted`, `objtype_id`, `asset_no`, `has_problems`, `comment`) VALUES (906,'londonswitch1','',NULL,'no',8,NULL,'no','');
INSERT INTO `RackObject` (`id`, `name`, `label`, `barcode`, `deleted`, `objtype_id`, `asset_no`, `has_problems`, `comment`) VALUES (907,'New-York router 1','bbrtr2a',NULL,'no',7,'net55','no','');
INSERT INTO `RackObject` (`id`, `name`, `label`, `barcode`, `deleted`, `objtype_id`, `asset_no`, `has_problems`, `comment`) VALUES (908,'moscow router','bbrtr3',NULL,'no',7,NULL,'no',NULL);
INSERT INTO `RackObject` (`id`, `name`, `label`, `barcode`, `deleted`, `objtype_id`, `asset_no`, `has_problems`, `comment`) VALUES (909,'tokyo router','bbrtr4',NULL,'no',7,NULL,'no',NULL);
INSERT INTO `RackObject` (`id`, `name`, `label`, `barcode`, `deleted`, `objtype_id`, `asset_no`, `has_problems`, `comment`) VALUES (910,'London server 1','lserver01',NULL,'no',4,'srv500','no','');
INSERT INTO `RackObject` (`id`, `name`, `label`, `barcode`, `deleted`, `objtype_id`, `asset_no`, `has_problems`, `comment`) VALUES (911,'London server 2','lserver02',NULL,'no',4,'srv501','no','');
INSERT INTO `RackObject` (`id`, `name`, `label`, `barcode`, `deleted`, `objtype_id`, `asset_no`, `has_problems`, `comment`) VALUES (912,'London server 3','lserver03',NULL,'no',4,'srv502','no','');
INSERT INTO `RackObject` (`id`, `name`, `label`, `barcode`, `deleted`, `objtype_id`, `asset_no`, `has_problems`, `comment`) VALUES (913,'London server 4','lserver04',NULL,'no',4,'srv503','yes','this one needs replacement');
INSERT INTO `RackObject` (`id`, `name`, `label`, `barcode`, `deleted`, `objtype_id`, `asset_no`, `has_problems`, `comment`) VALUES (914,'London server 5','lserver05',NULL,'no',4,'srv504','no','');
INSERT INTO `RackObject` (`id`, `name`, `label`, `barcode`, `deleted`, `objtype_id`, `asset_no`, `has_problems`, `comment`) VALUES (915,'london LB','llb',NULL,'no',8,'net1000','no','');
INSERT INTO `RackObject` (`id`, `name`, `label`, `barcode`, `deleted`, `objtype_id`, `asset_no`, `has_problems`, `comment`) VALUES (916,'shared storage','',NULL,'no',5,NULL,'no','');
INSERT INTO `RackObject` (`id`, `name`, `label`, `barcode`, `deleted`, `objtype_id`, `asset_no`, `has_problems`, `comment`) VALUES (917,'london-NAS','',NULL,'no',7,'net1001','no','');
INSERT INTO `RackObject` (`id`, `name`, `label`, `barcode`, `deleted`, `objtype_id`, `asset_no`, `has_problems`, `comment`) VALUES (918,'London server 6','lserver06',NULL,'no',4,'srv505','no',NULL);
INSERT INTO `RackObject` (`id`, `name`, `label`, `barcode`, `deleted`, `objtype_id`, `asset_no`, `has_problems`, `comment`) VALUES (919,'London server 7','lserver07',NULL,'no',4,'srv506','no',NULL);
INSERT INTO `RackObject` (`id`, `name`, `label`, `barcode`, `deleted`, `objtype_id`, `asset_no`, `has_problems`, `comment`) VALUES (920,'backup library','lbackup',NULL,'no',6,'misc200','no',NULL);
INSERT INTO `RackObject` (`id`, `name`, `label`, `barcode`, `deleted`, `objtype_id`, `asset_no`, `has_problems`, `comment`) VALUES (921,'lserver06 array','lserver06 array',NULL,'no',5,NULL,'no',NULL);
INSERT INTO `RackObject` (`id`, `name`, `label`, `barcode`, `deleted`, `objtype_id`, `asset_no`, `has_problems`, `comment`) VALUES (922,'lserver07 array','lserver07 array',NULL,'no',5,NULL,'no',NULL);
INSERT INTO `RackObject` (`id`, `name`, `label`, `barcode`, `deleted`, `objtype_id`, `asset_no`, `has_problems`, `comment`) VALUES (923,'Tokyo server 1','tserver01',NULL,'no',4,'srv654','no',NULL);
INSERT INTO `RackObject` (`id`, `name`, `label`, `barcode`, `deleted`, `objtype_id`, `asset_no`, `has_problems`, `comment`) VALUES (924,'Tokyo server 2','tserver02',NULL,'no',4,'srv848','no',NULL);
INSERT INTO `RackObject` (`id`, `name`, `label`, `barcode`, `deleted`, `objtype_id`, `asset_no`, `has_problems`, `comment`) VALUES (925,'Tokyo server 3','tserver03',NULL,'no',4,'srv139','no',NULL);
INSERT INTO `RackObject` (`id`, `name`, `label`, `barcode`, `deleted`, `objtype_id`, `asset_no`, `has_problems`, `comment`) VALUES (926,'Tokyo switch','tswitch',NULL,'no',8,'net385','no',NULL);
INSERT INTO `RackObject` (`id`, `name`, `label`, `barcode`, `deleted`, `objtype_id`, `asset_no`, `has_problems`, `comment`) VALUES (927,'New-York router 2','bbrtr2b',NULL,'no',7,'net498','no',NULL);
INSERT INTO `RackObject` (`id`, `name`, `label`, `barcode`, `deleted`, `objtype_id`, `asset_no`, `has_problems`, `comment`) VALUES (928,'New-York IPVS LB A','nylba',NULL,'no',4,'net554','no',NULL);
INSERT INTO `RackObject` (`id`, `name`, `label`, `barcode`, `deleted`, `objtype_id`, `asset_no`, `has_problems`, `comment`) VALUES (929,'New-York IPVS LB B','nylbb',NULL,'no',4,'net555','no',NULL);
INSERT INTO `RackObject` (`id`, `name`, `label`, `barcode`, `deleted`, `objtype_id`, `asset_no`, `has_problems`, `comment`) VALUES (930,'New-York server switch A','nyswitcha',NULL,'no',8,'net084','no',NULL);
INSERT INTO `RackObject` (`id`, `name`, `label`, `barcode`, `deleted`, `objtype_id`, `asset_no`, `has_problems`, `comment`) VALUES (931,'New-York server switch B','nyswitchb',NULL,'no',8,'net486','no',NULL);
INSERT INTO `RackObject` (`id`, `name`, `label`, `barcode`, `deleted`, `objtype_id`, `asset_no`, `has_problems`, `comment`) VALUES (932,'New-York server 1A','nysrv1a',NULL,'no',4,'srv287','no',NULL);
INSERT INTO `RackObject` (`id`, `name`, `label`, `barcode`, `deleted`, `objtype_id`, `asset_no`, `has_problems`, `comment`) VALUES (933,'New-York server 1B','nysrv1b',NULL,'no',4,'srv288','no',NULL);
INSERT INTO `RackObject` (`id`, `name`, `label`, `barcode`, `deleted`, `objtype_id`, `asset_no`, `has_problems`, `comment`) VALUES (934,'New-York server 2A','nysrv2a',NULL,'no',4,NULL,'no',NULL);
INSERT INTO `RackObject` (`id`, `name`, `label`, `barcode`, `deleted`, `objtype_id`, `asset_no`, `has_problems`, `comment`) VALUES (935,'New-York server 2B','nysrv2b',NULL,'no',4,NULL,'no',NULL);
INSERT INTO `RackObject` (`id`, `name`, `label`, `barcode`, `deleted`, `objtype_id`, `asset_no`, `has_problems`, `comment`) VALUES (936,'New-York server 3A','nysrv3a',NULL,'no',4,NULL,'no',NULL);
INSERT INTO `RackObject` (`id`, `name`, `label`, `barcode`, `deleted`, `objtype_id`, `asset_no`, `has_problems`, `comment`) VALUES (937,'New-York server 3B','nysrv3b',NULL,'no',4,NULL,'no',NULL);
INSERT INTO `RackObject` (`id`, `name`, `label`, `barcode`, `deleted`, `objtype_id`, `asset_no`, `has_problems`, `comment`) VALUES (938,'New-York server 4A','nysrv4a',NULL,'no',4,NULL,'no',NULL);
INSERT INTO `RackObject` (`id`, `name`, `label`, `barcode`, `deleted`, `objtype_id`, `asset_no`, `has_problems`, `comment`) VALUES (939,'New-York server 4B','nysrv4b',NULL,'no',4,NULL,'no',NULL);
INSERT INTO `RackObject` (`id`, `name`, `label`, `barcode`, `deleted`, `objtype_id`, `asset_no`, `has_problems`, `comment`) VALUES (940,'New-York server 5A','nysrv5a',NULL,'no',4,NULL,'no',NULL);
INSERT INTO `RackObject` (`id`, `name`, `label`, `barcode`, `deleted`, `objtype_id`, `asset_no`, `has_problems`, `comment`) VALUES (941,'New-York server 5B','nysrv5b',NULL,'no',4,NULL,'no',NULL);
INSERT INTO `RackObject` (`id`, `name`, `label`, `barcode`, `deleted`, `objtype_id`, `asset_no`, `has_problems`, `comment`) VALUES (942,'wing A UPS','',NULL,'no',12,NULL,'no',NULL);
INSERT INTO `RackObject` (`id`, `name`, `label`, `barcode`, `deleted`, `objtype_id`, `asset_no`, `has_problems`, `comment`) VALUES (943,'wing B UPS','',NULL,'no',12,NULL,'no',NULL);
INSERT INTO `RackObject` (`id`, `name`, `label`, `barcode`, `deleted`, `objtype_id`, `asset_no`, `has_problems`, `comment`) VALUES (944,'network UPS','',NULL,'no',12,NULL,'no',NULL);
INSERT INTO `RackObject` (`id`, `name`, `label`, `barcode`, `deleted`, `objtype_id`, `asset_no`, `has_problems`, `comment`) VALUES (945,NULL,'',NULL,'no',9,NULL,'no',NULL);
INSERT INTO `RackObject` (`id`, `name`, `label`, `barcode`, `deleted`, `objtype_id`, `asset_no`, `has_problems`, `comment`) VALUES (946,NULL,'',NULL,'no',9,NULL,'no',NULL);
INSERT INTO `RackObject` (`id`, `name`, `label`, `barcode`, `deleted`, `objtype_id`, `asset_no`, `has_problems`, `comment`) VALUES (947,NULL,'',NULL,'no',2,NULL,'no',NULL);
INSERT INTO `RackObject` (`id`, `name`, `label`, `barcode`, `deleted`, `objtype_id`, `asset_no`, `has_problems`, `comment`) VALUES (948,NULL,'',NULL,'no',2,NULL,'no',NULL);
INSERT INTO `RackObject` (`id`, `name`, `label`, `barcode`, `deleted`, `objtype_id`, `asset_no`, `has_problems`, `comment`) VALUES (949,NULL,'',NULL,'no',2,NULL,'no',NULL);
INSERT INTO `RackObject` (`id`, `name`, `label`, `barcode`, `deleted`, `objtype_id`, `asset_no`, `has_problems`, `comment`) VALUES (950,NULL,'',NULL,'no',2,NULL,'no',NULL);
INSERT INTO `RackObject` (`id`, `name`, `label`, `barcode`, `deleted`, `objtype_id`, `asset_no`, `has_problems`, `comment`) VALUES (951,NULL,'',NULL,'no',2,NULL,'no',NULL);
INSERT INTO `RackObject` (`id`, `name`, `label`, `barcode`, `deleted`, `objtype_id`, `asset_no`, `has_problems`, `comment`) VALUES (952,NULL,'',NULL,'no',2,NULL,'no',NULL);
INSERT INTO `RackObject` (`id`, `name`, `label`, `barcode`, `deleted`, `objtype_id`, `asset_no`, `has_problems`, `comment`) VALUES (953,NULL,'',NULL,'no',2,NULL,'no',NULL);
INSERT INTO `RackObject` (`id`, `name`, `label`, `barcode`, `deleted`, `objtype_id`, `asset_no`, `has_problems`, `comment`) VALUES (954,NULL,'',NULL,'no',2,NULL,'no',NULL);
INSERT INTO `RackObject` (`id`, `name`, `label`, `barcode`, `deleted`, `objtype_id`, `asset_no`, `has_problems`, `comment`) VALUES (955,NULL,'',NULL,'no',2,NULL,'no',NULL);

INSERT INTO `RackSpace` (`rack_id`, `unit_no`, `atom`, `state`, `object_id`) VALUES (41,9,'interior','T',905);
INSERT INTO `RackSpace` (`rack_id`, `unit_no`, `atom`, `state`, `object_id`) VALUES (41,9,'front','T',905);
INSERT INTO `RackSpace` (`rack_id`, `unit_no`, `atom`, `state`, `object_id`) VALUES (41,10,'interior','T',905);
INSERT INTO `RackSpace` (`rack_id`, `unit_no`, `atom`, `state`, `object_id`) VALUES (41,10,'front','T',905);
INSERT INTO `RackSpace` (`rack_id`, `unit_no`, `atom`, `state`, `object_id`) VALUES (41,11,'interior','T',905);
INSERT INTO `RackSpace` (`rack_id`, `unit_no`, `atom`, `state`, `object_id`) VALUES (41,11,'front','T',905);
INSERT INTO `RackSpace` (`rack_id`, `unit_no`, `atom`, `state`, `object_id`) VALUES (41,7,'front','T',906);
INSERT INTO `RackSpace` (`rack_id`, `unit_no`, `atom`, `state`, `object_id`) VALUES (41,7,'interior','T',906);
INSERT INTO `RackSpace` (`rack_id`, `unit_no`, `atom`, `state`, `object_id`) VALUES (43,16,'interior','T',907);
INSERT INTO `RackSpace` (`rack_id`, `unit_no`, `atom`, `state`, `object_id`) VALUES (43,16,'rear','T',907);
INSERT INTO `RackSpace` (`rack_id`, `unit_no`, `atom`, `state`, `object_id`) VALUES (43,15,'interior','T',907);
INSERT INTO `RackSpace` (`rack_id`, `unit_no`, `atom`, `state`, `object_id`) VALUES (43,15,'rear','T',907);
INSERT INTO `RackSpace` (`rack_id`, `unit_no`, `atom`, `state`, `object_id`) VALUES (43,14,'interior','T',907);
INSERT INTO `RackSpace` (`rack_id`, `unit_no`, `atom`, `state`, `object_id`) VALUES (43,14,'rear','T',907);
INSERT INTO `RackSpace` (`rack_id`, `unit_no`, `atom`, `state`, `object_id`) VALUES (47,15,'interior','T',909);
INSERT INTO `RackSpace` (`rack_id`, `unit_no`, `atom`, `state`, `object_id`) VALUES (47,15,'rear','T',909);
INSERT INTO `RackSpace` (`rack_id`, `unit_no`, `atom`, `state`, `object_id`) VALUES (47,14,'interior','T',909);
INSERT INTO `RackSpace` (`rack_id`, `unit_no`, `atom`, `state`, `object_id`) VALUES (47,14,'rear','T',909);
INSERT INTO `RackSpace` (`rack_id`, `unit_no`, `atom`, `state`, `object_id`) VALUES (47,13,'interior','T',909);
INSERT INTO `RackSpace` (`rack_id`, `unit_no`, `atom`, `state`, `object_id`) VALUES (47,13,'rear','T',909);
INSERT INTO `RackSpace` (`rack_id`, `unit_no`, `atom`, `state`, `object_id`) VALUES (45,20,'interior','T',908);
INSERT INTO `RackSpace` (`rack_id`, `unit_no`, `atom`, `state`, `object_id`) VALUES (45,20,'rear','T',908);
INSERT INTO `RackSpace` (`rack_id`, `unit_no`, `atom`, `state`, `object_id`) VALUES (45,19,'interior','T',908);
INSERT INTO `RackSpace` (`rack_id`, `unit_no`, `atom`, `state`, `object_id`) VALUES (45,19,'rear','T',908);
INSERT INTO `RackSpace` (`rack_id`, `unit_no`, `atom`, `state`, `object_id`) VALUES (45,18,'interior','T',908);
INSERT INTO `RackSpace` (`rack_id`, `unit_no`, `atom`, `state`, `object_id`) VALUES (45,18,'rear','T',908);
INSERT INTO `RackSpace` (`rack_id`, `unit_no`, `atom`, `state`, `object_id`) VALUES (40,2,'front','T',910);
INSERT INTO `RackSpace` (`rack_id`, `unit_no`, `atom`, `state`, `object_id`) VALUES (40,2,'interior','T',910);
INSERT INTO `RackSpace` (`rack_id`, `unit_no`, `atom`, `state`, `object_id`) VALUES (40,2,'rear','T',910);
INSERT INTO `RackSpace` (`rack_id`, `unit_no`, `atom`, `state`, `object_id`) VALUES (40,4,'front','T',911);
INSERT INTO `RackSpace` (`rack_id`, `unit_no`, `atom`, `state`, `object_id`) VALUES (40,4,'interior','T',911);
INSERT INTO `RackSpace` (`rack_id`, `unit_no`, `atom`, `state`, `object_id`) VALUES (40,4,'rear','T',911);
INSERT INTO `RackSpace` (`rack_id`, `unit_no`, `atom`, `state`, `object_id`) VALUES (40,6,'front','T',912);
INSERT INTO `RackSpace` (`rack_id`, `unit_no`, `atom`, `state`, `object_id`) VALUES (40,6,'interior','T',912);
INSERT INTO `RackSpace` (`rack_id`, `unit_no`, `atom`, `state`, `object_id`) VALUES (40,6,'rear','T',912);
INSERT INTO `RackSpace` (`rack_id`, `unit_no`, `atom`, `state`, `object_id`) VALUES (40,8,'front','T',913);
INSERT INTO `RackSpace` (`rack_id`, `unit_no`, `atom`, `state`, `object_id`) VALUES (40,8,'interior','T',913);
INSERT INTO `RackSpace` (`rack_id`, `unit_no`, `atom`, `state`, `object_id`) VALUES (40,8,'rear','T',913);
INSERT INTO `RackSpace` (`rack_id`, `unit_no`, `atom`, `state`, `object_id`) VALUES (40,10,'front','T',914);
INSERT INTO `RackSpace` (`rack_id`, `unit_no`, `atom`, `state`, `object_id`) VALUES (40,10,'interior','T',914);
INSERT INTO `RackSpace` (`rack_id`, `unit_no`, `atom`, `state`, `object_id`) VALUES (40,10,'rear','T',914);
INSERT INTO `RackSpace` (`rack_id`, `unit_no`, `atom`, `state`, `object_id`) VALUES (40,23,'rear','T',916);
INSERT INTO `RackSpace` (`rack_id`, `unit_no`, `atom`, `state`, `object_id`) VALUES (40,23,'interior','T',916);
INSERT INTO `RackSpace` (`rack_id`, `unit_no`, `atom`, `state`, `object_id`) VALUES (40,23,'front','T',916);
INSERT INTO `RackSpace` (`rack_id`, `unit_no`, `atom`, `state`, `object_id`) VALUES (41,5,'front','T',915);
INSERT INTO `RackSpace` (`rack_id`, `unit_no`, `atom`, `state`, `object_id`) VALUES (41,5,'interior','T',915);
INSERT INTO `RackSpace` (`rack_id`, `unit_no`, `atom`, `state`, `object_id`) VALUES (41,4,'interior','T',915);
INSERT INTO `RackSpace` (`rack_id`, `unit_no`, `atom`, `state`, `object_id`) VALUES (41,4,'front','T',915);
INSERT INTO `RackSpace` (`rack_id`, `unit_no`, `atom`, `state`, `object_id`) VALUES (40,22,'front','T',916);
INSERT INTO `RackSpace` (`rack_id`, `unit_no`, `atom`, `state`, `object_id`) VALUES (40,22,'interior','T',916);
INSERT INTO `RackSpace` (`rack_id`, `unit_no`, `atom`, `state`, `object_id`) VALUES (40,22,'rear','T',916);
INSERT INTO `RackSpace` (`rack_id`, `unit_no`, `atom`, `state`, `object_id`) VALUES (42,7,'front','T',918);
INSERT INTO `RackSpace` (`rack_id`, `unit_no`, `atom`, `state`, `object_id`) VALUES (42,7,'interior','T',918);
INSERT INTO `RackSpace` (`rack_id`, `unit_no`, `atom`, `state`, `object_id`) VALUES (42,7,'rear','T',918);
INSERT INTO `RackSpace` (`rack_id`, `unit_no`, `atom`, `state`, `object_id`) VALUES (42,6,'front','T',918);
INSERT INTO `RackSpace` (`rack_id`, `unit_no`, `atom`, `state`, `object_id`) VALUES (42,6,'interior','T',918);
INSERT INTO `RackSpace` (`rack_id`, `unit_no`, `atom`, `state`, `object_id`) VALUES (42,6,'rear','T',918);
INSERT INTO `RackSpace` (`rack_id`, `unit_no`, `atom`, `state`, `object_id`) VALUES (42,5,'front','T',918);
INSERT INTO `RackSpace` (`rack_id`, `unit_no`, `atom`, `state`, `object_id`) VALUES (42,5,'interior','T',918);
INSERT INTO `RackSpace` (`rack_id`, `unit_no`, `atom`, `state`, `object_id`) VALUES (42,5,'rear','T',918);
INSERT INTO `RackSpace` (`rack_id`, `unit_no`, `atom`, `state`, `object_id`) VALUES (42,4,'front','T',918);
INSERT INTO `RackSpace` (`rack_id`, `unit_no`, `atom`, `state`, `object_id`) VALUES (42,4,'interior','T',918);
INSERT INTO `RackSpace` (`rack_id`, `unit_no`, `atom`, `state`, `object_id`) VALUES (42,4,'rear','T',918);
INSERT INTO `RackSpace` (`rack_id`, `unit_no`, `atom`, `state`, `object_id`) VALUES (42,3,'front','T',918);
INSERT INTO `RackSpace` (`rack_id`, `unit_no`, `atom`, `state`, `object_id`) VALUES (42,3,'interior','T',918);
INSERT INTO `RackSpace` (`rack_id`, `unit_no`, `atom`, `state`, `object_id`) VALUES (42,3,'rear','T',918);
INSERT INTO `RackSpace` (`rack_id`, `unit_no`, `atom`, `state`, `object_id`) VALUES (42,13,'front','T',919);
INSERT INTO `RackSpace` (`rack_id`, `unit_no`, `atom`, `state`, `object_id`) VALUES (42,13,'interior','T',919);
INSERT INTO `RackSpace` (`rack_id`, `unit_no`, `atom`, `state`, `object_id`) VALUES (42,13,'rear','T',919);
INSERT INTO `RackSpace` (`rack_id`, `unit_no`, `atom`, `state`, `object_id`) VALUES (42,12,'front','T',919);
INSERT INTO `RackSpace` (`rack_id`, `unit_no`, `atom`, `state`, `object_id`) VALUES (42,12,'interior','T',919);
INSERT INTO `RackSpace` (`rack_id`, `unit_no`, `atom`, `state`, `object_id`) VALUES (42,12,'rear','T',919);
INSERT INTO `RackSpace` (`rack_id`, `unit_no`, `atom`, `state`, `object_id`) VALUES (42,11,'front','T',919);
INSERT INTO `RackSpace` (`rack_id`, `unit_no`, `atom`, `state`, `object_id`) VALUES (42,11,'interior','T',919);
INSERT INTO `RackSpace` (`rack_id`, `unit_no`, `atom`, `state`, `object_id`) VALUES (42,11,'rear','T',919);
INSERT INTO `RackSpace` (`rack_id`, `unit_no`, `atom`, `state`, `object_id`) VALUES (42,10,'front','T',919);
INSERT INTO `RackSpace` (`rack_id`, `unit_no`, `atom`, `state`, `object_id`) VALUES (42,10,'interior','T',919);
INSERT INTO `RackSpace` (`rack_id`, `unit_no`, `atom`, `state`, `object_id`) VALUES (42,10,'rear','T',919);
INSERT INTO `RackSpace` (`rack_id`, `unit_no`, `atom`, `state`, `object_id`) VALUES (42,9,'front','T',919);
INSERT INTO `RackSpace` (`rack_id`, `unit_no`, `atom`, `state`, `object_id`) VALUES (42,9,'interior','T',919);
INSERT INTO `RackSpace` (`rack_id`, `unit_no`, `atom`, `state`, `object_id`) VALUES (42,9,'rear','T',919);
INSERT INTO `RackSpace` (`rack_id`, `unit_no`, `atom`, `state`, `object_id`) VALUES (42,37,'front','T',920);
INSERT INTO `RackSpace` (`rack_id`, `unit_no`, `atom`, `state`, `object_id`) VALUES (42,37,'interior','T',920);
INSERT INTO `RackSpace` (`rack_id`, `unit_no`, `atom`, `state`, `object_id`) VALUES (42,37,'rear','T',920);
INSERT INTO `RackSpace` (`rack_id`, `unit_no`, `atom`, `state`, `object_id`) VALUES (42,36,'front','T',920);
INSERT INTO `RackSpace` (`rack_id`, `unit_no`, `atom`, `state`, `object_id`) VALUES (42,36,'interior','T',920);
INSERT INTO `RackSpace` (`rack_id`, `unit_no`, `atom`, `state`, `object_id`) VALUES (42,36,'rear','T',920);
INSERT INTO `RackSpace` (`rack_id`, `unit_no`, `atom`, `state`, `object_id`) VALUES (42,35,'front','T',920);
INSERT INTO `RackSpace` (`rack_id`, `unit_no`, `atom`, `state`, `object_id`) VALUES (42,35,'interior','T',920);
INSERT INTO `RackSpace` (`rack_id`, `unit_no`, `atom`, `state`, `object_id`) VALUES (42,35,'rear','T',920);
INSERT INTO `RackSpace` (`rack_id`, `unit_no`, `atom`, `state`, `object_id`) VALUES (42,34,'front','T',920);
INSERT INTO `RackSpace` (`rack_id`, `unit_no`, `atom`, `state`, `object_id`) VALUES (42,34,'interior','T',920);
INSERT INTO `RackSpace` (`rack_id`, `unit_no`, `atom`, `state`, `object_id`) VALUES (42,34,'rear','T',920);
INSERT INTO `RackSpace` (`rack_id`, `unit_no`, `atom`, `state`, `object_id`) VALUES (42,33,'front','T',920);
INSERT INTO `RackSpace` (`rack_id`, `unit_no`, `atom`, `state`, `object_id`) VALUES (42,33,'interior','T',920);
INSERT INTO `RackSpace` (`rack_id`, `unit_no`, `atom`, `state`, `object_id`) VALUES (42,33,'rear','T',920);
INSERT INTO `RackSpace` (`rack_id`, `unit_no`, `atom`, `state`, `object_id`) VALUES (42,32,'front','T',920);
INSERT INTO `RackSpace` (`rack_id`, `unit_no`, `atom`, `state`, `object_id`) VALUES (42,32,'interior','T',920);
INSERT INTO `RackSpace` (`rack_id`, `unit_no`, `atom`, `state`, `object_id`) VALUES (42,32,'rear','T',920);
INSERT INTO `RackSpace` (`rack_id`, `unit_no`, `atom`, `state`, `object_id`) VALUES (42,31,'front','T',920);
INSERT INTO `RackSpace` (`rack_id`, `unit_no`, `atom`, `state`, `object_id`) VALUES (42,31,'interior','T',920);
INSERT INTO `RackSpace` (`rack_id`, `unit_no`, `atom`, `state`, `object_id`) VALUES (42,31,'rear','T',920);
INSERT INTO `RackSpace` (`rack_id`, `unit_no`, `atom`, `state`, `object_id`) VALUES (42,30,'front','T',920);
INSERT INTO `RackSpace` (`rack_id`, `unit_no`, `atom`, `state`, `object_id`) VALUES (42,30,'interior','T',920);
INSERT INTO `RackSpace` (`rack_id`, `unit_no`, `atom`, `state`, `object_id`) VALUES (42,30,'rear','T',920);
INSERT INTO `RackSpace` (`rack_id`, `unit_no`, `atom`, `state`, `object_id`) VALUES (42,16,'front','T',921);
INSERT INTO `RackSpace` (`rack_id`, `unit_no`, `atom`, `state`, `object_id`) VALUES (42,16,'interior','T',921);
INSERT INTO `RackSpace` (`rack_id`, `unit_no`, `atom`, `state`, `object_id`) VALUES (42,16,'rear','T',921);
INSERT INTO `RackSpace` (`rack_id`, `unit_no`, `atom`, `state`, `object_id`) VALUES (42,15,'front','T',921);
INSERT INTO `RackSpace` (`rack_id`, `unit_no`, `atom`, `state`, `object_id`) VALUES (42,15,'interior','T',921);
INSERT INTO `RackSpace` (`rack_id`, `unit_no`, `atom`, `state`, `object_id`) VALUES (42,15,'rear','T',921);
INSERT INTO `RackSpace` (`rack_id`, `unit_no`, `atom`, `state`, `object_id`) VALUES (42,18,'front','T',922);
INSERT INTO `RackSpace` (`rack_id`, `unit_no`, `atom`, `state`, `object_id`) VALUES (42,18,'interior','T',922);
INSERT INTO `RackSpace` (`rack_id`, `unit_no`, `atom`, `state`, `object_id`) VALUES (42,18,'rear','T',922);
INSERT INTO `RackSpace` (`rack_id`, `unit_no`, `atom`, `state`, `object_id`) VALUES (42,17,'front','T',922);
INSERT INTO `RackSpace` (`rack_id`, `unit_no`, `atom`, `state`, `object_id`) VALUES (42,17,'interior','T',922);
INSERT INTO `RackSpace` (`rack_id`, `unit_no`, `atom`, `state`, `object_id`) VALUES (42,17,'rear','T',922);
INSERT INTO `RackSpace` (`rack_id`, `unit_no`, `atom`, `state`, `object_id`) VALUES (47,11,'interior','T',926);
INSERT INTO `RackSpace` (`rack_id`, `unit_no`, `atom`, `state`, `object_id`) VALUES (47,11,'rear','T',926);
INSERT INTO `RackSpace` (`rack_id`, `unit_no`, `atom`, `state`, `object_id`) VALUES (47,1,'front','T',923);
INSERT INTO `RackSpace` (`rack_id`, `unit_no`, `atom`, `state`, `object_id`) VALUES (47,1,'interior','T',923);
INSERT INTO `RackSpace` (`rack_id`, `unit_no`, `atom`, `state`, `object_id`) VALUES (47,1,'rear','T',923);
INSERT INTO `RackSpace` (`rack_id`, `unit_no`, `atom`, `state`, `object_id`) VALUES (47,3,'front','T',924);
INSERT INTO `RackSpace` (`rack_id`, `unit_no`, `atom`, `state`, `object_id`) VALUES (47,3,'interior','T',924);
INSERT INTO `RackSpace` (`rack_id`, `unit_no`, `atom`, `state`, `object_id`) VALUES (47,3,'rear','T',924);
INSERT INTO `RackSpace` (`rack_id`, `unit_no`, `atom`, `state`, `object_id`) VALUES (47,5,'front','T',925);
INSERT INTO `RackSpace` (`rack_id`, `unit_no`, `atom`, `state`, `object_id`) VALUES (47,5,'interior','T',925);
INSERT INTO `RackSpace` (`rack_id`, `unit_no`, `atom`, `state`, `object_id`) VALUES (47,5,'rear','T',925);
INSERT INTO `RackSpace` (`rack_id`, `unit_no`, `atom`, `state`, `object_id`) VALUES (43,12,'interior','T',927);
INSERT INTO `RackSpace` (`rack_id`, `unit_no`, `atom`, `state`, `object_id`) VALUES (43,12,'rear','T',927);
INSERT INTO `RackSpace` (`rack_id`, `unit_no`, `atom`, `state`, `object_id`) VALUES (43,11,'interior','T',927);
INSERT INTO `RackSpace` (`rack_id`, `unit_no`, `atom`, `state`, `object_id`) VALUES (43,11,'rear','T',927);
INSERT INTO `RackSpace` (`rack_id`, `unit_no`, `atom`, `state`, `object_id`) VALUES (43,10,'interior','T',927);
INSERT INTO `RackSpace` (`rack_id`, `unit_no`, `atom`, `state`, `object_id`) VALUES (43,10,'rear','T',927);
INSERT INTO `RackSpace` (`rack_id`, `unit_no`, `atom`, `state`, `object_id`) VALUES (43,2,'front','T',944);
INSERT INTO `RackSpace` (`rack_id`, `unit_no`, `atom`, `state`, `object_id`) VALUES (43,2,'interior','T',944);
INSERT INTO `RackSpace` (`rack_id`, `unit_no`, `atom`, `state`, `object_id`) VALUES (43,2,'rear','T',944);
INSERT INTO `RackSpace` (`rack_id`, `unit_no`, `atom`, `state`, `object_id`) VALUES (43,1,'front','T',944);
INSERT INTO `RackSpace` (`rack_id`, `unit_no`, `atom`, `state`, `object_id`) VALUES (43,1,'interior','T',944);
INSERT INTO `RackSpace` (`rack_id`, `unit_no`, `atom`, `state`, `object_id`) VALUES (43,1,'rear','T',944);
INSERT INTO `RackSpace` (`rack_id`, `unit_no`, `atom`, `state`, `object_id`) VALUES (44,5,'front','T',942);
INSERT INTO `RackSpace` (`rack_id`, `unit_no`, `atom`, `state`, `object_id`) VALUES (44,5,'interior','T',942);
INSERT INTO `RackSpace` (`rack_id`, `unit_no`, `atom`, `state`, `object_id`) VALUES (44,5,'rear','T',942);
INSERT INTO `RackSpace` (`rack_id`, `unit_no`, `atom`, `state`, `object_id`) VALUES (44,4,'front','T',942);
INSERT INTO `RackSpace` (`rack_id`, `unit_no`, `atom`, `state`, `object_id`) VALUES (44,4,'interior','T',942);
INSERT INTO `RackSpace` (`rack_id`, `unit_no`, `atom`, `state`, `object_id`) VALUES (44,4,'rear','T',942);
INSERT INTO `RackSpace` (`rack_id`, `unit_no`, `atom`, `state`, `object_id`) VALUES (44,3,'front','T',942);
INSERT INTO `RackSpace` (`rack_id`, `unit_no`, `atom`, `state`, `object_id`) VALUES (44,3,'interior','T',942);
INSERT INTO `RackSpace` (`rack_id`, `unit_no`, `atom`, `state`, `object_id`) VALUES (44,3,'rear','T',942);
INSERT INTO `RackSpace` (`rack_id`, `unit_no`, `atom`, `state`, `object_id`) VALUES (44,2,'front','T',942);
INSERT INTO `RackSpace` (`rack_id`, `unit_no`, `atom`, `state`, `object_id`) VALUES (44,2,'interior','T',942);
INSERT INTO `RackSpace` (`rack_id`, `unit_no`, `atom`, `state`, `object_id`) VALUES (44,2,'rear','T',942);
INSERT INTO `RackSpace` (`rack_id`, `unit_no`, `atom`, `state`, `object_id`) VALUES (44,1,'front','T',942);
INSERT INTO `RackSpace` (`rack_id`, `unit_no`, `atom`, `state`, `object_id`) VALUES (44,1,'interior','T',942);
INSERT INTO `RackSpace` (`rack_id`, `unit_no`, `atom`, `state`, `object_id`) VALUES (44,1,'rear','T',942);
INSERT INTO `RackSpace` (`rack_id`, `unit_no`, `atom`, `state`, `object_id`) VALUES (46,5,'front','T',943);
INSERT INTO `RackSpace` (`rack_id`, `unit_no`, `atom`, `state`, `object_id`) VALUES (46,5,'interior','T',943);
INSERT INTO `RackSpace` (`rack_id`, `unit_no`, `atom`, `state`, `object_id`) VALUES (46,5,'rear','T',943);
INSERT INTO `RackSpace` (`rack_id`, `unit_no`, `atom`, `state`, `object_id`) VALUES (46,4,'front','T',943);
INSERT INTO `RackSpace` (`rack_id`, `unit_no`, `atom`, `state`, `object_id`) VALUES (46,4,'interior','T',943);
INSERT INTO `RackSpace` (`rack_id`, `unit_no`, `atom`, `state`, `object_id`) VALUES (46,4,'rear','T',943);
INSERT INTO `RackSpace` (`rack_id`, `unit_no`, `atom`, `state`, `object_id`) VALUES (46,3,'front','T',943);
INSERT INTO `RackSpace` (`rack_id`, `unit_no`, `atom`, `state`, `object_id`) VALUES (46,3,'interior','T',943);
INSERT INTO `RackSpace` (`rack_id`, `unit_no`, `atom`, `state`, `object_id`) VALUES (46,3,'rear','T',943);
INSERT INTO `RackSpace` (`rack_id`, `unit_no`, `atom`, `state`, `object_id`) VALUES (46,2,'front','T',943);
INSERT INTO `RackSpace` (`rack_id`, `unit_no`, `atom`, `state`, `object_id`) VALUES (46,2,'interior','T',943);
INSERT INTO `RackSpace` (`rack_id`, `unit_no`, `atom`, `state`, `object_id`) VALUES (46,2,'rear','T',943);
INSERT INTO `RackSpace` (`rack_id`, `unit_no`, `atom`, `state`, `object_id`) VALUES (46,1,'front','T',943);
INSERT INTO `RackSpace` (`rack_id`, `unit_no`, `atom`, `state`, `object_id`) VALUES (46,1,'interior','T',943);
INSERT INTO `RackSpace` (`rack_id`, `unit_no`, `atom`, `state`, `object_id`) VALUES (46,1,'rear','T',943);
INSERT INTO `RackSpace` (`rack_id`, `unit_no`, `atom`, `state`, `object_id`) VALUES (44,6,'front','U',NULL);
INSERT INTO `RackSpace` (`rack_id`, `unit_no`, `atom`, `state`, `object_id`) VALUES (44,6,'interior','U',NULL);
INSERT INTO `RackSpace` (`rack_id`, `unit_no`, `atom`, `state`, `object_id`) VALUES (44,6,'rear','U',NULL);
INSERT INTO `RackSpace` (`rack_id`, `unit_no`, `atom`, `state`, `object_id`) VALUES (46,6,'front','U',NULL);
INSERT INTO `RackSpace` (`rack_id`, `unit_no`, `atom`, `state`, `object_id`) VALUES (46,6,'interior','U',NULL);
INSERT INTO `RackSpace` (`rack_id`, `unit_no`, `atom`, `state`, `object_id`) VALUES (46,6,'rear','U',NULL);
INSERT INTO `RackSpace` (`rack_id`, `unit_no`, `atom`, `state`, `object_id`) VALUES (46,17,'rear','T',954);
INSERT INTO `RackSpace` (`rack_id`, `unit_no`, `atom`, `state`, `object_id`) VALUES (45,20,'front','T',953);
INSERT INTO `RackSpace` (`rack_id`, `unit_no`, `atom`, `state`, `object_id`) VALUES (41,6,'front','T',952);
INSERT INTO `RackSpace` (`rack_id`, `unit_no`, `atom`, `state`, `object_id`) VALUES (40,1,'rear','T',949);
INSERT INTO `RackSpace` (`rack_id`, `unit_no`, `atom`, `state`, `object_id`) VALUES (46,37,'rear','T',931);
INSERT INTO `RackSpace` (`rack_id`, `unit_no`, `atom`, `state`, `object_id`) VALUES (46,37,'interior','T',931);
INSERT INTO `RackSpace` (`rack_id`, `unit_no`, `atom`, `state`, `object_id`) VALUES (46,40,'rear','T',929);
INSERT INTO `RackSpace` (`rack_id`, `unit_no`, `atom`, `state`, `object_id`) VALUES (46,40,'interior','T',929);
INSERT INTO `RackSpace` (`rack_id`, `unit_no`, `atom`, `state`, `object_id`) VALUES (46,15,'rear','T',941);
INSERT INTO `RackSpace` (`rack_id`, `unit_no`, `atom`, `state`, `object_id`) VALUES (46,15,'interior','T',941);
INSERT INTO `RackSpace` (`rack_id`, `unit_no`, `atom`, `state`, `object_id`) VALUES (46,15,'front','T',941);
INSERT INTO `RackSpace` (`rack_id`, `unit_no`, `atom`, `state`, `object_id`) VALUES (46,13,'front','T',939);
INSERT INTO `RackSpace` (`rack_id`, `unit_no`, `atom`, `state`, `object_id`) VALUES (46,11,'rear','T',937);
INSERT INTO `RackSpace` (`rack_id`, `unit_no`, `atom`, `state`, `object_id`) VALUES (46,11,'interior','T',937);
INSERT INTO `RackSpace` (`rack_id`, `unit_no`, `atom`, `state`, `object_id`) VALUES (46,9,'interior','T',935);
INSERT INTO `RackSpace` (`rack_id`, `unit_no`, `atom`, `state`, `object_id`) VALUES (46,7,'interior','T',933);
INSERT INTO `RackSpace` (`rack_id`, `unit_no`, `atom`, `state`, `object_id`) VALUES (47,16,'rear','T',946);
INSERT INTO `RackSpace` (`rack_id`, `unit_no`, `atom`, `state`, `object_id`) VALUES (44,38,'rear','T',930);
INSERT INTO `RackSpace` (`rack_id`, `unit_no`, `atom`, `state`, `object_id`) VALUES (44,40,'interior','T',928);
INSERT INTO `RackSpace` (`rack_id`, `unit_no`, `atom`, `state`, `object_id`) VALUES (44,15,'rear','T',940);
INSERT INTO `RackSpace` (`rack_id`, `unit_no`, `atom`, `state`, `object_id`) VALUES (44,13,'rear','T',938);
INSERT INTO `RackSpace` (`rack_id`, `unit_no`, `atom`, `state`, `object_id`) VALUES (44,11,'rear','T',936);
INSERT INTO `RackSpace` (`rack_id`, `unit_no`, `atom`, `state`, `object_id`) VALUES (44,9,'rear','T',934);
INSERT INTO `RackSpace` (`rack_id`, `unit_no`, `atom`, `state`, `object_id`) VALUES (44,7,'rear','T',932);
INSERT INTO `RackSpace` (`rack_id`, `unit_no`, `atom`, `state`, `object_id`) VALUES (41,12,'rear','A',NULL);
INSERT INTO `RackSpace` (`rack_id`, `unit_no`, `atom`, `state`, `object_id`) VALUES (41,11,'rear','A',NULL);
INSERT INTO `RackSpace` (`rack_id`, `unit_no`, `atom`, `state`, `object_id`) VALUES (41,10,'rear','A',NULL);
INSERT INTO `RackSpace` (`rack_id`, `unit_no`, `atom`, `state`, `object_id`) VALUES (41,9,'rear','A',NULL);
INSERT INTO `RackSpace` (`rack_id`, `unit_no`, `atom`, `state`, `object_id`) VALUES (41,8,'rear','A',NULL);
INSERT INTO `RackSpace` (`rack_id`, `unit_no`, `atom`, `state`, `object_id`) VALUES (41,7,'rear','A',NULL);
INSERT INTO `RackSpace` (`rack_id`, `unit_no`, `atom`, `state`, `object_id`) VALUES (41,6,'rear','A',NULL);
INSERT INTO `RackSpace` (`rack_id`, `unit_no`, `atom`, `state`, `object_id`) VALUES (41,5,'rear','A',NULL);
INSERT INTO `RackSpace` (`rack_id`, `unit_no`, `atom`, `state`, `object_id`) VALUES (41,4,'rear','A',NULL);
INSERT INTO `RackSpace` (`rack_id`, `unit_no`, `atom`, `state`, `object_id`) VALUES (41,3,'rear','A',NULL);
INSERT INTO `RackSpace` (`rack_id`, `unit_no`, `atom`, `state`, `object_id`) VALUES (41,2,'rear','A',NULL);
INSERT INTO `RackSpace` (`rack_id`, `unit_no`, `atom`, `state`, `object_id`) VALUES (41,1,'rear','A',NULL);
INSERT INTO `RackSpace` (`rack_id`, `unit_no`, `atom`, `state`, `object_id`) VALUES (47,9,'rear','T',955);
INSERT INTO `RackSpace` (`rack_id`, `unit_no`, `atom`, `state`, `object_id`) VALUES (44,17,'rear','T',951);
INSERT INTO `RackSpace` (`rack_id`, `unit_no`, `atom`, `state`, `object_id`) VALUES (43,9,'rear','T',948);
INSERT INTO `RackSpace` (`rack_id`, `unit_no`, `atom`, `state`, `object_id`) VALUES (42,14,'rear','T',950);
INSERT INTO `RackSpace` (`rack_id`, `unit_no`, `atom`, `state`, `object_id`) VALUES (42,2,'rear','T',947);
INSERT INTO `RackSpace` (`rack_id`, `unit_no`, `atom`, `state`, `object_id`) VALUES (46,38,'rear','T',931);
INSERT INTO `RackSpace` (`rack_id`, `unit_no`, `atom`, `state`, `object_id`) VALUES (46,38,'interior','T',931);
INSERT INTO `RackSpace` (`rack_id`, `unit_no`, `atom`, `state`, `object_id`) VALUES (46,41,'rear','T',929);
INSERT INTO `RackSpace` (`rack_id`, `unit_no`, `atom`, `state`, `object_id`) VALUES (46,41,'interior','T',929);
INSERT INTO `RackSpace` (`rack_id`, `unit_no`, `atom`, `state`, `object_id`) VALUES (46,13,'rear','T',939);
INSERT INTO `RackSpace` (`rack_id`, `unit_no`, `atom`, `state`, `object_id`) VALUES (46,13,'interior','T',939);
INSERT INTO `RackSpace` (`rack_id`, `unit_no`, `atom`, `state`, `object_id`) VALUES (46,11,'front','T',937);
INSERT INTO `RackSpace` (`rack_id`, `unit_no`, `atom`, `state`, `object_id`) VALUES (46,9,'rear','T',935);
INSERT INTO `RackSpace` (`rack_id`, `unit_no`, `atom`, `state`, `object_id`) VALUES (46,9,'front','T',935);
INSERT INTO `RackSpace` (`rack_id`, `unit_no`, `atom`, `state`, `object_id`) VALUES (46,7,'rear','T',933);
INSERT INTO `RackSpace` (`rack_id`, `unit_no`, `atom`, `state`, `object_id`) VALUES (46,7,'front','T',933);
INSERT INTO `RackSpace` (`rack_id`, `unit_no`, `atom`, `state`, `object_id`) VALUES (43,13,'rear','T',945);
INSERT INTO `RackSpace` (`rack_id`, `unit_no`, `atom`, `state`, `object_id`) VALUES (44,37,'rear','T',930);
INSERT INTO `RackSpace` (`rack_id`, `unit_no`, `atom`, `state`, `object_id`) VALUES (44,37,'interior','T',930);
INSERT INTO `RackSpace` (`rack_id`, `unit_no`, `atom`, `state`, `object_id`) VALUES (44,38,'interior','T',930);
INSERT INTO `RackSpace` (`rack_id`, `unit_no`, `atom`, `state`, `object_id`) VALUES (44,40,'rear','T',928);
INSERT INTO `RackSpace` (`rack_id`, `unit_no`, `atom`, `state`, `object_id`) VALUES (44,41,'rear','T',928);
INSERT INTO `RackSpace` (`rack_id`, `unit_no`, `atom`, `state`, `object_id`) VALUES (44,41,'interior','T',928);
INSERT INTO `RackSpace` (`rack_id`, `unit_no`, `atom`, `state`, `object_id`) VALUES (44,15,'interior','T',940);
INSERT INTO `RackSpace` (`rack_id`, `unit_no`, `atom`, `state`, `object_id`) VALUES (44,15,'front','T',940);
INSERT INTO `RackSpace` (`rack_id`, `unit_no`, `atom`, `state`, `object_id`) VALUES (44,13,'interior','T',938);
INSERT INTO `RackSpace` (`rack_id`, `unit_no`, `atom`, `state`, `object_id`) VALUES (44,13,'front','T',938);
INSERT INTO `RackSpace` (`rack_id`, `unit_no`, `atom`, `state`, `object_id`) VALUES (44,11,'interior','T',936);
INSERT INTO `RackSpace` (`rack_id`, `unit_no`, `atom`, `state`, `object_id`) VALUES (44,11,'front','T',936);
INSERT INTO `RackSpace` (`rack_id`, `unit_no`, `atom`, `state`, `object_id`) VALUES (44,9,'interior','T',934);
INSERT INTO `RackSpace` (`rack_id`, `unit_no`, `atom`, `state`, `object_id`) VALUES (44,9,'front','T',934);
INSERT INTO `RackSpace` (`rack_id`, `unit_no`, `atom`, `state`, `object_id`) VALUES (44,7,'interior','T',932);
INSERT INTO `RackSpace` (`rack_id`, `unit_no`, `atom`, `state`, `object_id`) VALUES (44,7,'front','T',932);
INSERT INTO `RackSpace` (`rack_id`, `unit_no`, `atom`, `state`, `object_id`) VALUES (41,2,'front','T',917);
INSERT INTO `RackSpace` (`rack_id`, `unit_no`, `atom`, `state`, `object_id`) VALUES (41,2,'interior','T',917);
INSERT INTO `RackSpace` (`rack_id`, `unit_no`, `atom`, `state`, `object_id`) VALUES (41,1,'front','T',917);
INSERT INTO `RackSpace` (`rack_id`, `unit_no`, `atom`, `state`, `object_id`) VALUES (41,1,'interior','T',917);
