LOCK TABLES `AttributeValue` WRITE;
/*!40000 ALTER TABLE `AttributeValue` DISABLE KEYS */;
INSERT INTO `AttributeValue` (`object_id`, `attr_id`, `string_value`, `uint_value`, `float_value`) VALUES (905,2,NULL,8,NULL);
INSERT INTO `AttributeValue` (`object_id`, `attr_id`, `string_value`, `uint_value`, `float_value`) VALUES (906,2,NULL,69,NULL);
INSERT INTO `AttributeValue` (`object_id`, `attr_id`, `string_value`, `uint_value`, `float_value`) VALUES (915,2,NULL,14,NULL);
INSERT INTO `AttributeValue` (`object_id`, `attr_id`, `string_value`, `uint_value`, `float_value`) VALUES (915,4,NULL,2,NULL);
INSERT INTO `AttributeValue` (`object_id`, `attr_id`, `string_value`, `uint_value`, `float_value`) VALUES (917,2,NULL,6,NULL);
INSERT INTO `AttributeValue` (`object_id`, `attr_id`, `string_value`, `uint_value`, `float_value`) VALUES (916,2,NULL,10,NULL);
INSERT INTO `AttributeValue` (`object_id`, `attr_id`, `string_value`, `uint_value`, `float_value`) VALUES (910,2,NULL,17,NULL);
INSERT INTO `AttributeValue` (`object_id`, `attr_id`, `string_value`, `uint_value`, `float_value`) VALUES (910,4,NULL,9,NULL);
INSERT INTO `AttributeValue` (`object_id`, `attr_id`, `string_value`, `uint_value`, `float_value`) VALUES (911,4,NULL,9,NULL);
INSERT INTO `AttributeValue` (`object_id`, `attr_id`, `string_value`, `uint_value`, `float_value`) VALUES (911,2,NULL,17,NULL);
INSERT INTO `AttributeValue` (`object_id`, `attr_id`, `string_value`, `uint_value`, `float_value`) VALUES (912,4,NULL,9,NULL);
INSERT INTO `AttributeValue` (`object_id`, `attr_id`, `string_value`, `uint_value`, `float_value`) VALUES (912,2,NULL,17,NULL);
INSERT INTO `AttributeValue` (`object_id`, `attr_id`, `string_value`, `uint_value`, `float_value`) VALUES (913,2,NULL,17,NULL);
INSERT INTO `AttributeValue` (`object_id`, `attr_id`, `string_value`, `uint_value`, `float_value`) VALUES (913,4,NULL,9,NULL);
INSERT INTO `AttributeValue` (`object_id`, `attr_id`, `string_value`, `uint_value`, `float_value`) VALUES (914,2,NULL,17,NULL);
INSERT INTO `AttributeValue` (`object_id`, `attr_id`, `string_value`, `uint_value`, `float_value`) VALUES (914,4,NULL,9,NULL);
INSERT INTO `AttributeValue` (`object_id`, `attr_id`, `string_value`, `uint_value`, `float_value`) VALUES (918,2,NULL,50,NULL);
INSERT INTO `AttributeValue` (`object_id`, `attr_id`, `string_value`, `uint_value`, `float_value`) VALUES (918,4,NULL,9,NULL);
INSERT INTO `AttributeValue` (`object_id`, `attr_id`, `string_value`, `uint_value`, `float_value`) VALUES (919,2,NULL,50,NULL);
INSERT INTO `AttributeValue` (`object_id`, `attr_id`, `string_value`, `uint_value`, `float_value`) VALUES (919,4,NULL,9,NULL);
INSERT INTO `AttributeValue` (`object_id`, `attr_id`, `string_value`, `uint_value`, `float_value`) VALUES (920,2,NULL,2,NULL);
INSERT INTO `AttributeValue` (`object_id`, `attr_id`, `string_value`, `uint_value`, `float_value`) VALUES (921,2,NULL,8,NULL);
INSERT INTO `AttributeValue` (`object_id`, `attr_id`, `string_value`, `uint_value`, `float_value`) VALUES (922,2,NULL,8,NULL);
INSERT INTO `AttributeValue` (`object_id`, `attr_id`, `string_value`, `uint_value`, `float_value`) VALUES (923,2,NULL,64,NULL);
INSERT INTO `AttributeValue` (`object_id`, `attr_id`, `string_value`, `uint_value`, `float_value`) VALUES (923,4,NULL,22,NULL);
INSERT INTO `AttributeValue` (`object_id`, `attr_id`, `string_value`, `uint_value`, `float_value`) VALUES (926,2,NULL,29,NULL);
INSERT INTO `AttributeValue` (`object_id`, `attr_id`, `string_value`, `uint_value`, `float_value`) VALUES (926,4,NULL,1,NULL);
INSERT INTO `AttributeValue` (`object_id`, `attr_id`, `string_value`, `uint_value`, `float_value`) VALUES (925,2,NULL,64,NULL);
INSERT INTO `AttributeValue` (`object_id`, `attr_id`, `string_value`, `uint_value`, `float_value`) VALUES (925,4,NULL,22,NULL);
INSERT INTO `AttributeValue` (`object_id`, `attr_id`, `string_value`, `uint_value`, `float_value`) VALUES (924,2,NULL,64,NULL);
INSERT INTO `AttributeValue` (`object_id`, `attr_id`, `string_value`, `uint_value`, `float_value`) VALUES (924,4,NULL,22,NULL);
INSERT INTO `AttributeValue` (`object_id`, `attr_id`, `string_value`, `uint_value`, `float_value`) VALUES (907,2,NULL,8,NULL);
INSERT INTO `AttributeValue` (`object_id`, `attr_id`, `string_value`, `uint_value`, `float_value`) VALUES (907,4,NULL,5,NULL);
INSERT INTO `AttributeValue` (`object_id`, `attr_id`, `string_value`, `uint_value`, `float_value`) VALUES (927,2,NULL,8,NULL);
INSERT INTO `AttributeValue` (`object_id`, `attr_id`, `string_value`, `uint_value`, `float_value`) VALUES (927,4,NULL,5,NULL);
/*!40000 ALTER TABLE `AttributeValue` ENABLE KEYS */;
UNLOCK TABLES;

INSERT INTO `Dictionary` (`chapter_no`, `dict_key`, `dict_value`) VALUES (3,1,'Moscow');
INSERT INTO `Dictionary` (`chapter_no`, `dict_key`, `dict_value`) VALUES (3,2,'Tokyo');
INSERT INTO `Dictionary` (`chapter_no`, `dict_key`, `dict_value`) VALUES (3,3,'New-York');
INSERT INTO `Dictionary` (`chapter_no`, `dict_key`, `dict_value`) VALUES (3,4,'London');


LOCK TABLES `IPAddress` WRITE;
/*!40000 ALTER TABLE `IPAddress` DISABLE KEYS */;
INSERT INTO `IPAddress` (`ip`, `name`, `reserved`) VALUES (180879678,'default gw','no');
INSERT INTO `IPAddress` (`ip`, `name`, `reserved`) VALUES (180879617,'',NULL);
INSERT INTO `IPAddress` (`ip`, `name`, `reserved`) VALUES (180879682,'','no');
INSERT INTO `IPAddress` (`ip`, `name`, `reserved`) VALUES (180879680,'network','yes');
INSERT INTO `IPAddress` (`ip`, `name`, `reserved`) VALUES (180879743,'broadcast','yes');
INSERT INTO `IPAddress` (`ip`, `name`, `reserved`) VALUES (180879681,'',NULL);
INSERT INTO `IPAddress` (`ip`, `name`, `reserved`) VALUES (180879683,'',NULL);
INSERT INTO `IPAddress` (`ip`, `name`, `reserved`) VALUES (180879684,'',NULL);
INSERT INTO `IPAddress` (`ip`, `name`, `reserved`) VALUES (180879685,'',NULL);
INSERT INTO `IPAddress` (`ip`, `name`, `reserved`) VALUES (180879616,'network','yes');
INSERT INTO `IPAddress` (`ip`, `name`, `reserved`) VALUES (180879679,'broadcast','yes');
INSERT INTO `IPAddress` (`ip`, `name`, `reserved`) VALUES (180879686,'',NULL);
INSERT INTO `IPAddress` (`ip`, `name`, `reserved`) VALUES (180879687,'',NULL);
INSERT INTO `IPAddress` (`ip`, `name`, `reserved`) VALUES (180879360,'',NULL);
INSERT INTO `IPAddress` (`ip`, `name`, `reserved`) VALUES (180879361,'',NULL);
INSERT INTO `IPAddress` (`ip`, `name`, `reserved`) VALUES (180880256,'','no');
INSERT INTO `IPAddress` (`ip`, `name`, `reserved`) VALUES (180880192,'network','yes');
INSERT INTO `IPAddress` (`ip`, `name`, `reserved`) VALUES (180880255,'broadcast','yes');
INSERT INTO `IPAddress` (`ip`, `name`, `reserved`) VALUES (180880448,'network','yes');
INSERT INTO `IPAddress` (`ip`, `name`, `reserved`) VALUES (180880511,'broadcast','yes');
INSERT INTO `IPAddress` (`ip`, `name`, `reserved`) VALUES (180880384,'network','yes');
INSERT INTO `IPAddress` (`ip`, `name`, `reserved`) VALUES (180880447,'broadcast','yes');
INSERT INTO `IPAddress` (`ip`, `name`, `reserved`) VALUES (180880128,'network','no');
INSERT INTO `IPAddress` (`ip`, `name`, `reserved`) VALUES (180880191,'broadcast','no');
INSERT INTO `IPAddress` (`ip`, `name`, `reserved`) VALUES (180879936,'network','yes');
INSERT INTO `IPAddress` (`ip`, `name`, `reserved`) VALUES (180879999,'broadcast','yes');
INSERT INTO `IPAddress` (`ip`, `name`, `reserved`) VALUES (180879872,'network','yes');
INSERT INTO `IPAddress` (`ip`, `name`, `reserved`) VALUES (180879935,'broadcast','yes');
INSERT INTO `IPAddress` (`ip`, `name`, `reserved`) VALUES (180880193,'',NULL);
INSERT INTO `IPAddress` (`ip`, `name`, `reserved`) VALUES (180880194,'',NULL);
INSERT INTO `IPAddress` (`ip`, `name`, `reserved`) VALUES (180880195,'',NULL);
INSERT INTO `IPAddress` (`ip`, `name`, `reserved`) VALUES (180879618,'',NULL);
INSERT INTO `IPAddress` (`ip`, `name`, `reserved`) VALUES (180879677,'',NULL);
INSERT INTO `IPAddress` (`ip`, `name`, `reserved`) VALUES (180879676,'',NULL);
INSERT INTO `IPAddress` (`ip`, `name`, `reserved`) VALUES (180879675,'',NULL);
INSERT INTO `IPAddress` (`ip`, `name`, `reserved`) VALUES (180880254,'',NULL);
/*!40000 ALTER TABLE `IPAddress` ENABLE KEYS */;
UNLOCK TABLES;

LOCK TABLES `IPBonds` WRITE;
/*!40000 ALTER TABLE `IPBonds` DISABLE KEYS */;
INSERT INTO `IPBonds` (`object_id`, `ip`, `name`, `type`) VALUES (905,180879678,'fa2/0','regular');
INSERT INTO `IPBonds` (`object_id`, `ip`, `name`, `type`) VALUES (906,180879617,'','regular');
INSERT INTO `IPBonds` (`object_id`, `ip`, `name`, `type`) VALUES (910,180879681,'eth0','regular');
INSERT INTO `IPBonds` (`object_id`, `ip`, `name`, `type`) VALUES (911,180879682,'eth0','regular');
INSERT INTO `IPBonds` (`object_id`, `ip`, `name`, `type`) VALUES (912,180879683,'eth0','regular');
INSERT INTO `IPBonds` (`object_id`, `ip`, `name`, `type`) VALUES (913,180879684,'eth0','regular');
INSERT INTO `IPBonds` (`object_id`, `ip`, `name`, `type`) VALUES (914,180879685,'eth0','regular');
INSERT INTO `IPBonds` (`object_id`, `ip`, `name`, `type`) VALUES (918,180879686,'bge0','regular');
INSERT INTO `IPBonds` (`object_id`, `ip`, `name`, `type`) VALUES (919,180879687,'bge0','regular');
INSERT INTO `IPBonds` (`object_id`, `ip`, `name`, `type`) VALUES (908,180879360,'se1/0','regular');
INSERT INTO `IPBonds` (`object_id`, `ip`, `name`, `type`) VALUES (905,180879361,'se1/1','regular');
INSERT INTO `IPBonds` (`object_id`, `ip`, `name`, `type`) VALUES (923,180880193,'eth0','regular');
INSERT INTO `IPBonds` (`object_id`, `ip`, `name`, `type`) VALUES (924,180880194,'eth0','regular');
INSERT INTO `IPBonds` (`object_id`, `ip`, `name`, `type`) VALUES (925,180880195,'eth0','regular');
INSERT INTO `IPBonds` (`object_id`, `ip`, `name`, `type`) VALUES (915,180879618,'telnet access','regular');
INSERT INTO `IPBonds` (`object_id`, `ip`, `name`, `type`) VALUES (915,180879677,'VIP3','regular');
INSERT INTO `IPBonds` (`object_id`, `ip`, `name`, `type`) VALUES (915,180879676,'VIP2','regular');
INSERT INTO `IPBonds` (`object_id`, `ip`, `name`, `type`) VALUES (915,180879675,'VIP1','regular');
INSERT INTO `IPBonds` (`object_id`, `ip`, `name`, `type`) VALUES (910,180879675,'','virtual');
INSERT INTO `IPBonds` (`object_id`, `ip`, `name`, `type`) VALUES (911,180879675,'','virtual');
INSERT INTO `IPBonds` (`object_id`, `ip`, `name`, `type`) VALUES (912,180879675,'','virtual');
INSERT INTO `IPBonds` (`object_id`, `ip`, `name`, `type`) VALUES (919,180879677,'','virtual');
INSERT INTO `IPBonds` (`object_id`, `ip`, `name`, `type`) VALUES (918,180879677,'','virtual');
INSERT INTO `IPBonds` (`object_id`, `ip`, `name`, `type`) VALUES (909,180880254,'fa2/0','regular');
INSERT INTO `IPBonds` (`object_id`, `ip`, `name`, `type`) VALUES (914,180879676,'','virtual');
INSERT INTO `IPBonds` (`object_id`, `ip`, `name`, `type`) VALUES (913,180879676,'','virtual');
/*!40000 ALTER TABLE `IPBonds` ENABLE KEYS */;
UNLOCK TABLES;

LOCK TABLES `IPRanges` WRITE;
/*!40000 ALTER TABLE `IPRanges` DISABLE KEYS */;
INSERT INTO `IPRanges` (`id`, `ip`, `mask`, `name`) VALUES (96,180879616,26,'London network devices and VIPs');
INSERT INTO `IPRanges` (`id`, `ip`, `mask`, `name`) VALUES (97,180879680,26,'London HA server farm');
INSERT INTO `IPRanges` (`id`, `ip`, `mask`, `name`) VALUES (98,180879872,26,'New-York network devices');
INSERT INTO `IPRanges` (`id`, `ip`, `mask`, `name`) VALUES (99,180879936,26,'New-York servers');
INSERT INTO `IPRanges` (`id`, `ip`, `mask`, `name`) VALUES (108,180880192,26,'Tokyo server farm');
INSERT INTO `IPRanges` (`id`, `ip`, `mask`, `name`) VALUES (102,180879360,31,'M-L P2P');
INSERT INTO `IPRanges` (`id`, `ip`, `mask`, `name`) VALUES (103,180879362,31,'L-NY P2P');
INSERT INTO `IPRanges` (`id`, `ip`, `mask`, `name`) VALUES (104,180879364,31,'NY-T P2P');
INSERT INTO `IPRanges` (`id`, `ip`, `mask`, `name`) VALUES (105,180879366,31,'T-M P2P');
INSERT INTO `IPRanges` (`id`, `ip`, `mask`, `name`) VALUES (106,180880384,26,'Moscow network devices');
INSERT INTO `IPRanges` (`id`, `ip`, `mask`, `name`) VALUES (107,180880448,26,'Moscow servers');
/*!40000 ALTER TABLE `IPRanges` ENABLE KEYS */;
UNLOCK TABLES;

LOCK TABLES `Link` WRITE;
/*!40000 ALTER TABLE `Link` DISABLE KEYS */;
INSERT INTO `Link` (`porta`, `portb`) VALUES (3057,3071);
INSERT INTO `Link` (`porta`, `portb`) VALUES (3058,3084);
INSERT INTO `Link` (`porta`, `portb`) VALUES (3059,3069);
INSERT INTO `Link` (`porta`, `portb`) VALUES (3062,3094);
INSERT INTO `Link` (`porta`, `portb`) VALUES (3063,3079);
INSERT INTO `Link` (`porta`, `portb`) VALUES (3070,3083);
INSERT INTO `Link` (`porta`, `portb`) VALUES (3072,3080);
INSERT INTO `Link` (`porta`, `portb`) VALUES (3073,3086);
INSERT INTO `Link` (`porta`, `portb`) VALUES (3074,3088);
INSERT INTO `Link` (`porta`, `portb`) VALUES (3075,3090);
INSERT INTO `Link` (`porta`, `portb`) VALUES (3076,3092);
INSERT INTO `Link` (`porta`, `portb`) VALUES (3077,3097);
INSERT INTO `Link` (`porta`, `portb`) VALUES (3078,3095);
INSERT INTO `Link` (`porta`, `portb`) VALUES (3082,3085);
INSERT INTO `Link` (`porta`, `portb`) VALUES (3099,3112);
INSERT INTO `Link` (`porta`, `portb`) VALUES (3101,3113);
INSERT INTO `Link` (`porta`, `portb`) VALUES (3102,3114);
INSERT INTO `Link` (`porta`, `portb`) VALUES (3103,3115);
INSERT INTO `Link` (`porta`, `portb`) VALUES (3104,3116);
INSERT INTO `Link` (`porta`, `portb`) VALUES (3105,3117);
INSERT INTO `Link` (`porta`, `portb`) VALUES (3106,3118);
/*!40000 ALTER TABLE `Link` ENABLE KEYS */;
UNLOCK TABLES;

LOCK TABLES `Molecule` WRITE;
/*!40000 ALTER TABLE `Molecule` DISABLE KEYS */;
INSERT INTO `Molecule` (`id`) VALUES (1445);
INSERT INTO `Molecule` (`id`) VALUES (1446);
INSERT INTO `Molecule` (`id`) VALUES (1447);
INSERT INTO `Molecule` (`id`) VALUES (1448);
INSERT INTO `Molecule` (`id`) VALUES (1449);
INSERT INTO `Molecule` (`id`) VALUES (1450);
INSERT INTO `Molecule` (`id`) VALUES (1451);
INSERT INTO `Molecule` (`id`) VALUES (1452);
INSERT INTO `Molecule` (`id`) VALUES (1453);
INSERT INTO `Molecule` (`id`) VALUES (1454);
INSERT INTO `Molecule` (`id`) VALUES (1455);
INSERT INTO `Molecule` (`id`) VALUES (1456);
INSERT INTO `Molecule` (`id`) VALUES (1457);
INSERT INTO `Molecule` (`id`) VALUES (1458);
INSERT INTO `Molecule` (`id`) VALUES (1459);
INSERT INTO `Molecule` (`id`) VALUES (1460);
INSERT INTO `Molecule` (`id`) VALUES (1461);
INSERT INTO `Molecule` (`id`) VALUES (1462);
INSERT INTO `Molecule` (`id`) VALUES (1463);
INSERT INTO `Molecule` (`id`) VALUES (1464);
INSERT INTO `Molecule` (`id`) VALUES (1465);
INSERT INTO `Molecule` (`id`) VALUES (1466);
INSERT INTO `Molecule` (`id`) VALUES (1467);
INSERT INTO `Molecule` (`id`) VALUES (1468);
INSERT INTO `Molecule` (`id`) VALUES (1469);
INSERT INTO `Molecule` (`id`) VALUES (1470);
INSERT INTO `Molecule` (`id`) VALUES (1471);
INSERT INTO `Molecule` (`id`) VALUES (1472);
INSERT INTO `Molecule` (`id`) VALUES (1473);
INSERT INTO `Molecule` (`id`) VALUES (1474);
INSERT INTO `Molecule` (`id`) VALUES (1475);
INSERT INTO `Molecule` (`id`) VALUES (1476);
INSERT INTO `Molecule` (`id`) VALUES (1477);
INSERT INTO `Molecule` (`id`) VALUES (1478);
INSERT INTO `Molecule` (`id`) VALUES (1479);
INSERT INTO `Molecule` (`id`) VALUES (1480);
INSERT INTO `Molecule` (`id`) VALUES (1481);
INSERT INTO `Molecule` (`id`) VALUES (1482);
INSERT INTO `Molecule` (`id`) VALUES (1483);
INSERT INTO `Molecule` (`id`) VALUES (1484);
INSERT INTO `Molecule` (`id`) VALUES (1485);
INSERT INTO `Molecule` (`id`) VALUES (1486);
INSERT INTO `Molecule` (`id`) VALUES (1487);
INSERT INTO `Molecule` (`id`) VALUES (1488);
INSERT INTO `Molecule` (`id`) VALUES (1489);
INSERT INTO `Molecule` (`id`) VALUES (1490);
INSERT INTO `Molecule` (`id`) VALUES (1491);
INSERT INTO `Molecule` (`id`) VALUES (1492);
INSERT INTO `Molecule` (`id`) VALUES (1493);
INSERT INTO `Molecule` (`id`) VALUES (1494);
INSERT INTO `Molecule` (`id`) VALUES (1495);
INSERT INTO `Molecule` (`id`) VALUES (1496);
INSERT INTO `Molecule` (`id`) VALUES (1497);
INSERT INTO `Molecule` (`id`) VALUES (1498);
INSERT INTO `Molecule` (`id`) VALUES (1499);
INSERT INTO `Molecule` (`id`) VALUES (1500);
INSERT INTO `Molecule` (`id`) VALUES (1501);
INSERT INTO `Molecule` (`id`) VALUES (1502);
INSERT INTO `Molecule` (`id`) VALUES (1503);
INSERT INTO `Molecule` (`id`) VALUES (1504);
INSERT INTO `Molecule` (`id`) VALUES (1505);
INSERT INTO `Molecule` (`id`) VALUES (1506);
INSERT INTO `Molecule` (`id`) VALUES (1507);
INSERT INTO `Molecule` (`id`) VALUES (1508);
INSERT INTO `Molecule` (`id`) VALUES (1509);
INSERT INTO `Molecule` (`id`) VALUES (1510);
INSERT INTO `Molecule` (`id`) VALUES (1511);
INSERT INTO `Molecule` (`id`) VALUES (1512);
INSERT INTO `Molecule` (`id`) VALUES (1513);
INSERT INTO `Molecule` (`id`) VALUES (1514);
INSERT INTO `Molecule` (`id`) VALUES (1515);
/*!40000 ALTER TABLE `Molecule` ENABLE KEYS */;
UNLOCK TABLES;


LOCK TABLES `MountOperation` WRITE;
/*!40000 ALTER TABLE `MountOperation` DISABLE KEYS */;
INSERT INTO `MountOperation` (`id`, `object_id`, `ctime`, `user_name`, `old_molecule_id`, `new_molecule_id`, `comment`) VALUES (1234,905,'2007-02-17 16:37:35','admin',NULL,1445,NULL);
INSERT INTO `MountOperation` (`id`, `object_id`, `ctime`, `user_name`, `old_molecule_id`, `new_molecule_id`, `comment`) VALUES (1235,906,'2007-02-17 17:02:03','admin',NULL,1446,NULL);
INSERT INTO `MountOperation` (`id`, `object_id`, `ctime`, `user_name`, `old_molecule_id`, `new_molecule_id`, `comment`) VALUES (1236,907,'2007-02-17 17:13:46','admin',NULL,1447,NULL);
INSERT INTO `MountOperation` (`id`, `object_id`, `ctime`, `user_name`, `old_molecule_id`, `new_molecule_id`, `comment`) VALUES (1237,909,'2007-02-17 17:22:56','admin',NULL,1448,NULL);
INSERT INTO `MountOperation` (`id`, `object_id`, `ctime`, `user_name`, `old_molecule_id`, `new_molecule_id`, `comment`) VALUES (1238,908,'2007-02-17 17:23:16','admin',NULL,1449,NULL);
INSERT INTO `MountOperation` (`id`, `object_id`, `ctime`, `user_name`, `old_molecule_id`, `new_molecule_id`, `comment`) VALUES (1239,910,'2007-02-17 18:09:30','admin',NULL,1450,NULL);
INSERT INTO `MountOperation` (`id`, `object_id`, `ctime`, `user_name`, `old_molecule_id`, `new_molecule_id`, `comment`) VALUES (1240,911,'2007-02-17 18:09:40','admin',NULL,1451,NULL);
INSERT INTO `MountOperation` (`id`, `object_id`, `ctime`, `user_name`, `old_molecule_id`, `new_molecule_id`, `comment`) VALUES (1241,912,'2007-02-17 18:10:06','admin',NULL,1452,NULL);
INSERT INTO `MountOperation` (`id`, `object_id`, `ctime`, `user_name`, `old_molecule_id`, `new_molecule_id`, `comment`) VALUES (1242,913,'2007-02-17 18:10:18','admin',NULL,1453,NULL);
INSERT INTO `MountOperation` (`id`, `object_id`, `ctime`, `user_name`, `old_molecule_id`, `new_molecule_id`, `comment`) VALUES (1243,914,'2007-02-17 18:10:31','admin',NULL,1454,NULL);
INSERT INTO `MountOperation` (`id`, `object_id`, `ctime`, `user_name`, `old_molecule_id`, `new_molecule_id`, `comment`) VALUES (1244,915,'2007-02-17 18:12:12','admin',NULL,1455,NULL);
INSERT INTO `MountOperation` (`id`, `object_id`, `ctime`, `user_name`, `old_molecule_id`, `new_molecule_id`, `comment`) VALUES (1245,916,'2007-02-19 08:14:36','admin',NULL,1456,NULL);
INSERT INTO `MountOperation` (`id`, `object_id`, `ctime`, `user_name`, `old_molecule_id`, `new_molecule_id`, `comment`) VALUES (1246,917,'2007-02-20 17:02:30','admin',NULL,1457,'installing NAS in London');
INSERT INTO `MountOperation` (`id`, `object_id`, `ctime`, `user_name`, `old_molecule_id`, `new_molecule_id`, `comment`) VALUES (1247,916,'2007-02-20 17:12:40','admin',1458,1459,'moving array');
INSERT INTO `MountOperation` (`id`, `object_id`, `ctime`, `user_name`, `old_molecule_id`, `new_molecule_id`, `comment`) VALUES (1248,917,'2007-02-20 17:14:05','admin',1460,1461,NULL);
INSERT INTO `MountOperation` (`id`, `object_id`, `ctime`, `user_name`, `old_molecule_id`, `new_molecule_id`, `comment`) VALUES (1249,906,'2007-02-20 17:14:14','admin',1462,1463,NULL);
INSERT INTO `MountOperation` (`id`, `object_id`, `ctime`, `user_name`, `old_molecule_id`, `new_molecule_id`, `comment`) VALUES (1250,918,'2007-02-20 17:26:28','admin',NULL,1464,NULL);
INSERT INTO `MountOperation` (`id`, `object_id`, `ctime`, `user_name`, `old_molecule_id`, `new_molecule_id`, `comment`) VALUES (1251,919,'2007-02-20 17:26:50','admin',NULL,1465,NULL);
INSERT INTO `MountOperation` (`id`, `object_id`, `ctime`, `user_name`, `old_molecule_id`, `new_molecule_id`, `comment`) VALUES (1252,920,'2007-02-20 17:35:08','admin',NULL,1466,'Installed a tape library...');
INSERT INTO `MountOperation` (`id`, `object_id`, `ctime`, `user_name`, `old_molecule_id`, `new_molecule_id`, `comment`) VALUES (1253,921,'2007-02-20 17:41:49','admin',NULL,1467,NULL);
INSERT INTO `MountOperation` (`id`, `object_id`, `ctime`, `user_name`, `old_molecule_id`, `new_molecule_id`, `comment`) VALUES (1254,922,'2007-02-20 17:42:10','admin',NULL,1468,NULL);
INSERT INTO `MountOperation` (`id`, `object_id`, `ctime`, `user_name`, `old_molecule_id`, `new_molecule_id`, `comment`) VALUES (1255,915,'2007-02-20 17:43:02','admin',1469,1470,'moving LB');
INSERT INTO `MountOperation` (`id`, `object_id`, `ctime`, `user_name`, `old_molecule_id`, `new_molecule_id`, `comment`) VALUES (1256,926,'2007-02-20 18:14:35','admin',NULL,1471,NULL);
INSERT INTO `MountOperation` (`id`, `object_id`, `ctime`, `user_name`, `old_molecule_id`, `new_molecule_id`, `comment`) VALUES (1257,923,'2007-02-20 18:14:47','admin',NULL,1472,NULL);
INSERT INTO `MountOperation` (`id`, `object_id`, `ctime`, `user_name`, `old_molecule_id`, `new_molecule_id`, `comment`) VALUES (1258,924,'2007-02-20 18:14:58','admin',NULL,1473,NULL);
INSERT INTO `MountOperation` (`id`, `object_id`, `ctime`, `user_name`, `old_molecule_id`, `new_molecule_id`, `comment`) VALUES (1259,925,'2007-02-20 18:15:09','admin',NULL,1474,NULL);
INSERT INTO `MountOperation` (`id`, `object_id`, `ctime`, `user_name`, `old_molecule_id`, `new_molecule_id`, `comment`) VALUES (1260,927,'2007-02-20 18:40:29','admin',NULL,1475,NULL);
INSERT INTO `MountOperation` (`id`, `object_id`, `ctime`, `user_name`, `old_molecule_id`, `new_molecule_id`, `comment`) VALUES (1261,944,'2007-02-20 18:53:09','admin',NULL,1476,NULL);
INSERT INTO `MountOperation` (`id`, `object_id`, `ctime`, `user_name`, `old_molecule_id`, `new_molecule_id`, `comment`) VALUES (1262,942,'2007-02-20 18:53:30','admin',NULL,1477,NULL);
INSERT INTO `MountOperation` (`id`, `object_id`, `ctime`, `user_name`, `old_molecule_id`, `new_molecule_id`, `comment`) VALUES (1263,943,'2007-02-20 18:53:48','admin',NULL,1478,NULL);
INSERT INTO `MountOperation` (`id`, `object_id`, `ctime`, `user_name`, `old_molecule_id`, `new_molecule_id`, `comment`) VALUES (1264,917,'2007-02-20 18:57:03','admin',1479,1480,NULL);
INSERT INTO `MountOperation` (`id`, `object_id`, `ctime`, `user_name`, `old_molecule_id`, `new_molecule_id`, `comment`) VALUES (1265,917,'2007-02-20 18:57:10','admin',1481,1482,NULL);
INSERT INTO `MountOperation` (`id`, `object_id`, `ctime`, `user_name`, `old_molecule_id`, `new_molecule_id`, `comment`) VALUES (1266,915,'2007-02-20 18:57:24','admin',1483,1484,NULL);
INSERT INTO `MountOperation` (`id`, `object_id`, `ctime`, `user_name`, `old_molecule_id`, `new_molecule_id`, `comment`) VALUES (1267,915,'2007-02-20 18:57:28','admin',1485,1486,NULL);
INSERT INTO `MountOperation` (`id`, `object_id`, `ctime`, `user_name`, `old_molecule_id`, `new_molecule_id`, `comment`) VALUES (1268,906,'2007-02-20 18:57:43','admin',1487,1488,NULL);
INSERT INTO `MountOperation` (`id`, `object_id`, `ctime`, `user_name`, `old_molecule_id`, `new_molecule_id`, `comment`) VALUES (1269,905,'2007-02-20 18:57:59','admin',1489,1490,NULL);
INSERT INTO `MountOperation` (`id`, `object_id`, `ctime`, `user_name`, `old_molecule_id`, `new_molecule_id`, `comment`) VALUES (1270,932,'2007-02-20 19:00:40','admin',NULL,1491,NULL);
INSERT INTO `MountOperation` (`id`, `object_id`, `ctime`, `user_name`, `old_molecule_id`, `new_molecule_id`, `comment`) VALUES (1271,934,'2007-02-20 19:00:56','admin',NULL,1492,NULL);
INSERT INTO `MountOperation` (`id`, `object_id`, `ctime`, `user_name`, `old_molecule_id`, `new_molecule_id`, `comment`) VALUES (1272,936,'2007-02-20 19:01:06','admin',NULL,1493,NULL);
INSERT INTO `MountOperation` (`id`, `object_id`, `ctime`, `user_name`, `old_molecule_id`, `new_molecule_id`, `comment`) VALUES (1273,938,'2007-02-20 19:02:06','admin',NULL,1494,NULL);
INSERT INTO `MountOperation` (`id`, `object_id`, `ctime`, `user_name`, `old_molecule_id`, `new_molecule_id`, `comment`) VALUES (1274,940,'2007-02-20 19:02:16','admin',NULL,1495,NULL);
INSERT INTO `MountOperation` (`id`, `object_id`, `ctime`, `user_name`, `old_molecule_id`, `new_molecule_id`, `comment`) VALUES (1275,928,'2007-02-20 19:02:37','admin',NULL,1496,NULL);
INSERT INTO `MountOperation` (`id`, `object_id`, `ctime`, `user_name`, `old_molecule_id`, `new_molecule_id`, `comment`) VALUES (1276,930,'2007-02-20 19:02:49','admin',NULL,1497,NULL);
INSERT INTO `MountOperation` (`id`, `object_id`, `ctime`, `user_name`, `old_molecule_id`, `new_molecule_id`, `comment`) VALUES (1277,946,'2007-02-20 19:03:35','admin',NULL,1498,NULL);
INSERT INTO `MountOperation` (`id`, `object_id`, `ctime`, `user_name`, `old_molecule_id`, `new_molecule_id`, `comment`) VALUES (1278,945,'2007-02-20 19:03:51','admin',NULL,1499,NULL);
INSERT INTO `MountOperation` (`id`, `object_id`, `ctime`, `user_name`, `old_molecule_id`, `new_molecule_id`, `comment`) VALUES (1279,933,'2007-02-20 19:04:36','admin',NULL,1500,NULL);
INSERT INTO `MountOperation` (`id`, `object_id`, `ctime`, `user_name`, `old_molecule_id`, `new_molecule_id`, `comment`) VALUES (1280,935,'2007-02-20 19:05:03','admin',NULL,1501,NULL);
INSERT INTO `MountOperation` (`id`, `object_id`, `ctime`, `user_name`, `old_molecule_id`, `new_molecule_id`, `comment`) VALUES (1281,937,'2007-02-20 19:05:14','admin',NULL,1502,NULL);
INSERT INTO `MountOperation` (`id`, `object_id`, `ctime`, `user_name`, `old_molecule_id`, `new_molecule_id`, `comment`) VALUES (1282,939,'2007-02-20 19:05:38','admin',NULL,1503,NULL);
INSERT INTO `MountOperation` (`id`, `object_id`, `ctime`, `user_name`, `old_molecule_id`, `new_molecule_id`, `comment`) VALUES (1283,941,'2007-02-20 19:05:48','admin',NULL,1504,NULL);
INSERT INTO `MountOperation` (`id`, `object_id`, `ctime`, `user_name`, `old_molecule_id`, `new_molecule_id`, `comment`) VALUES (1284,929,'2007-02-20 19:06:08','admin',NULL,1505,NULL);
INSERT INTO `MountOperation` (`id`, `object_id`, `ctime`, `user_name`, `old_molecule_id`, `new_molecule_id`, `comment`) VALUES (1285,931,'2007-02-20 19:06:24','admin',NULL,1506,NULL);
INSERT INTO `MountOperation` (`id`, `object_id`, `ctime`, `user_name`, `old_molecule_id`, `new_molecule_id`, `comment`) VALUES (1286,949,'2007-02-20 19:07:50','admin',NULL,1507,NULL);
INSERT INTO `MountOperation` (`id`, `object_id`, `ctime`, `user_name`, `old_molecule_id`, `new_molecule_id`, `comment`) VALUES (1287,952,'2007-02-20 19:08:10','admin',NULL,1508,NULL);
INSERT INTO `MountOperation` (`id`, `object_id`, `ctime`, `user_name`, `old_molecule_id`, `new_molecule_id`, `comment`) VALUES (1288,947,'2007-02-20 19:08:36','admin',NULL,1509,NULL);
INSERT INTO `MountOperation` (`id`, `object_id`, `ctime`, `user_name`, `old_molecule_id`, `new_molecule_id`, `comment`) VALUES (1289,950,'2007-02-20 19:08:49','admin',NULL,1510,NULL);
INSERT INTO `MountOperation` (`id`, `object_id`, `ctime`, `user_name`, `old_molecule_id`, `new_molecule_id`, `comment`) VALUES (1290,953,'2007-02-20 19:09:09','admin',NULL,1511,NULL);
INSERT INTO `MountOperation` (`id`, `object_id`, `ctime`, `user_name`, `old_molecule_id`, `new_molecule_id`, `comment`) VALUES (1291,948,'2007-02-20 19:09:28','admin',NULL,1512,NULL);
INSERT INTO `MountOperation` (`id`, `object_id`, `ctime`, `user_name`, `old_molecule_id`, `new_molecule_id`, `comment`) VALUES (1292,951,'2007-02-20 19:09:48','admin',NULL,1513,NULL);
INSERT INTO `MountOperation` (`id`, `object_id`, `ctime`, `user_name`, `old_molecule_id`, `new_molecule_id`, `comment`) VALUES (1293,954,'2007-02-20 19:10:02','admin',NULL,1514,NULL);
INSERT INTO `MountOperation` (`id`, `object_id`, `ctime`, `user_name`, `old_molecule_id`, `new_molecule_id`, `comment`) VALUES (1294,955,'2007-02-20 19:10:26','admin',NULL,1515,NULL);
/*!40000 ALTER TABLE `MountOperation` ENABLE KEYS */;
UNLOCK TABLES;

LOCK TABLES `Port` WRITE;
/*!40000 ALTER TABLE `Port` DISABLE KEYS */;
INSERT INTO `Port` (`id`, `object_id`, `name`, `type`, `l2address`, `reservation_comment`, `label`) VALUES (3057,905,'se1/0',19,NULL,NULL,'');
INSERT INTO `Port` (`id`, `object_id`, `name`, `type`, `l2address`, `reservation_comment`, `label`) VALUES (3058,905,'se1/1',19,NULL,NULL,'');
INSERT INTO `Port` (`id`, `object_id`, `name`, `type`, `l2address`, `reservation_comment`, `label`) VALUES (3059,905,'fa2/0',6,'00000000A001',NULL,'');
INSERT INTO `Port` (`id`, `object_id`, `name`, `type`, `l2address`, `reservation_comment`, `label`) VALUES (3060,905,'fa2/1',6,'00000000A002','ISP uplink','');
INSERT INTO `Port` (`id`, `object_id`, `name`, `type`, `l2address`, `reservation_comment`, `label`) VALUES (3063,906,'gi1',11,'00000000B001',NULL,'1');
INSERT INTO `Port` (`id`, `object_id`, `name`, `type`, `l2address`, `reservation_comment`, `label`) VALUES (3062,906,'gi2',11,'00000000B002',NULL,'2');
INSERT INTO `Port` (`id`, `object_id`, `name`, `type`, `l2address`, `reservation_comment`, `label`) VALUES (3064,906,'gi3',11,'00000000B003',NULL,'3');
INSERT INTO `Port` (`id`, `object_id`, `name`, `type`, `l2address`, `reservation_comment`, `label`) VALUES (3065,906,'gi4',11,'00000000B004',NULL,'4');
INSERT INTO `Port` (`id`, `object_id`, `name`, `type`, `l2address`, `reservation_comment`, `label`) VALUES (3066,906,'gi5',11,'00000000B005',NULL,'5');
INSERT INTO `Port` (`id`, `object_id`, `name`, `type`, `l2address`, `reservation_comment`, `label`) VALUES (3067,906,'gi6',11,'00000000B006',NULL,'6');
INSERT INTO `Port` (`id`, `object_id`, `name`, `type`, `l2address`, `reservation_comment`, `label`) VALUES (3068,906,'gi7',11,'00000000B007',NULL,'7');
INSERT INTO `Port` (`id`, `object_id`, `name`, `type`, `l2address`, `reservation_comment`, `label`) VALUES (3069,906,'gi8',11,'00000000B008',NULL,'8');
INSERT INTO `Port` (`id`, `object_id`, `name`, `type`, `l2address`, `reservation_comment`, `label`) VALUES (3070,907,'se1/0',19,NULL,NULL,'');
INSERT INTO `Port` (`id`, `object_id`, `name`, `type`, `l2address`, `reservation_comment`, `label`) VALUES (3071,907,'se1/1',19,NULL,NULL,'');
INSERT INTO `Port` (`id`, `object_id`, `name`, `type`, `l2address`, `reservation_comment`, `label`) VALUES (3072,915,'e1',6,NULL,NULL,'1');
INSERT INTO `Port` (`id`, `object_id`, `name`, `type`, `l2address`, `reservation_comment`, `label`) VALUES (3073,915,'e2',6,NULL,NULL,'2');
INSERT INTO `Port` (`id`, `object_id`, `name`, `type`, `l2address`, `reservation_comment`, `label`) VALUES (3074,915,'e3',6,NULL,NULL,'3');
INSERT INTO `Port` (`id`, `object_id`, `name`, `type`, `l2address`, `reservation_comment`, `label`) VALUES (3075,915,'e4',6,NULL,NULL,'4');
INSERT INTO `Port` (`id`, `object_id`, `name`, `type`, `l2address`, `reservation_comment`, `label`) VALUES (3076,915,'e5',6,NULL,NULL,'5');
INSERT INTO `Port` (`id`, `object_id`, `name`, `type`, `l2address`, `reservation_comment`, `label`) VALUES (3077,915,'e6',6,NULL,NULL,'6');
INSERT INTO `Port` (`id`, `object_id`, `name`, `type`, `l2address`, `reservation_comment`, `label`) VALUES (3078,915,'e7',6,NULL,NULL,'7');
INSERT INTO `Port` (`id`, `object_id`, `name`, `type`, `l2address`, `reservation_comment`, `label`) VALUES (3079,915,'e8',6,NULL,NULL,'8');
INSERT INTO `Port` (`id`, `object_id`, `name`, `type`, `l2address`, `reservation_comment`, `label`) VALUES (3080,910,'eth0',11,NULL,NULL,'1');
INSERT INTO `Port` (`id`, `object_id`, `name`, `type`, `l2address`, `reservation_comment`, `label`) VALUES (3081,910,'eth1',11,NULL,NULL,'2');
INSERT INTO `Port` (`id`, `object_id`, `name`, `type`, `l2address`, `reservation_comment`, `label`) VALUES (3082,909,'se1/0',19,NULL,NULL,'');
INSERT INTO `Port` (`id`, `object_id`, `name`, `type`, `l2address`, `reservation_comment`, `label`) VALUES (3083,909,'se1/1',19,NULL,NULL,'');
INSERT INTO `Port` (`id`, `object_id`, `name`, `type`, `l2address`, `reservation_comment`, `label`) VALUES (3084,908,'se1/0',19,NULL,NULL,'');
INSERT INTO `Port` (`id`, `object_id`, `name`, `type`, `l2address`, `reservation_comment`, `label`) VALUES (3085,908,'se1/1',19,NULL,NULL,'');
INSERT INTO `Port` (`id`, `object_id`, `name`, `type`, `l2address`, `reservation_comment`, `label`) VALUES (3086,911,'eth0',11,NULL,NULL,'1');
INSERT INTO `Port` (`id`, `object_id`, `name`, `type`, `l2address`, `reservation_comment`, `label`) VALUES (3087,911,'eth1',11,NULL,NULL,'2');
INSERT INTO `Port` (`id`, `object_id`, `name`, `type`, `l2address`, `reservation_comment`, `label`) VALUES (3088,912,'eth0',11,NULL,NULL,'1');
INSERT INTO `Port` (`id`, `object_id`, `name`, `type`, `l2address`, `reservation_comment`, `label`) VALUES (3089,912,'eth1',11,NULL,NULL,'2');
INSERT INTO `Port` (`id`, `object_id`, `name`, `type`, `l2address`, `reservation_comment`, `label`) VALUES (3090,913,'eth0',11,NULL,NULL,'1');
INSERT INTO `Port` (`id`, `object_id`, `name`, `type`, `l2address`, `reservation_comment`, `label`) VALUES (3091,913,'eth1',11,NULL,NULL,'2');
INSERT INTO `Port` (`id`, `object_id`, `name`, `type`, `l2address`, `reservation_comment`, `label`) VALUES (3092,914,'eth0',11,NULL,NULL,'1');
INSERT INTO `Port` (`id`, `object_id`, `name`, `type`, `l2address`, `reservation_comment`, `label`) VALUES (3093,914,'eth1',11,NULL,NULL,'2');
INSERT INTO `Port` (`id`, `object_id`, `name`, `type`, `l2address`, `reservation_comment`, `label`) VALUES (3094,917,'fa0/0',6,NULL,NULL,'');
INSERT INTO `Port` (`id`, `object_id`, `name`, `type`, `l2address`, `reservation_comment`, `label`) VALUES (3095,919,'bge0',11,NULL,NULL,'');
INSERT INTO `Port` (`id`, `object_id`, `name`, `type`, `l2address`, `reservation_comment`, `label`) VALUES (3096,919,'bge1',11,NULL,NULL,'');
INSERT INTO `Port` (`id`, `object_id`, `name`, `type`, `l2address`, `reservation_comment`, `label`) VALUES (3097,918,'bge0',11,NULL,NULL,'');
INSERT INTO `Port` (`id`, `object_id`, `name`, `type`, `l2address`, `reservation_comment`, `label`) VALUES (3098,918,'bge1',11,NULL,NULL,'');
INSERT INTO `Port` (`id`, `object_id`, `name`, `type`, `l2address`, `reservation_comment`, `label`) VALUES (3099,909,'fa2/0',6,NULL,NULL,'');
INSERT INTO `Port` (`id`, `object_id`, `name`, `type`, `l2address`, `reservation_comment`, `label`) VALUES (3100,909,'fa2/1',6,NULL,'ISP uplink','');
INSERT INTO `Port` (`id`, `object_id`, `name`, `type`, `l2address`, `reservation_comment`, `label`) VALUES (3101,926,'fa1',6,NULL,NULL,'1');
INSERT INTO `Port` (`id`, `object_id`, `name`, `type`, `l2address`, `reservation_comment`, `label`) VALUES (3102,926,'fa2',6,NULL,NULL,'2');
INSERT INTO `Port` (`id`, `object_id`, `name`, `type`, `l2address`, `reservation_comment`, `label`) VALUES (3103,926,'fa3',6,NULL,NULL,'3');
INSERT INTO `Port` (`id`, `object_id`, `name`, `type`, `l2address`, `reservation_comment`, `label`) VALUES (3104,926,'fa4',6,NULL,NULL,'4');
INSERT INTO `Port` (`id`, `object_id`, `name`, `type`, `l2address`, `reservation_comment`, `label`) VALUES (3105,926,'fa5',6,NULL,NULL,'5');
INSERT INTO `Port` (`id`, `object_id`, `name`, `type`, `l2address`, `reservation_comment`, `label`) VALUES (3106,926,'fa6',6,NULL,NULL,'6');
INSERT INTO `Port` (`id`, `object_id`, `name`, `type`, `l2address`, `reservation_comment`, `label`) VALUES (3107,926,'fa7',6,NULL,NULL,'7');
INSERT INTO `Port` (`id`, `object_id`, `name`, `type`, `l2address`, `reservation_comment`, `label`) VALUES (3108,926,'fa8',6,NULL,NULL,'8');
INSERT INTO `Port` (`id`, `object_id`, `name`, `type`, `l2address`, `reservation_comment`, `label`) VALUES (3109,926,'fa9',6,NULL,NULL,'9');
INSERT INTO `Port` (`id`, `object_id`, `name`, `type`, `l2address`, `reservation_comment`, `label`) VALUES (3110,926,'fa10',6,NULL,NULL,'10');
INSERT INTO `Port` (`id`, `object_id`, `name`, `type`, `l2address`, `reservation_comment`, `label`) VALUES (3111,926,'fa11',6,NULL,NULL,'11');
INSERT INTO `Port` (`id`, `object_id`, `name`, `type`, `l2address`, `reservation_comment`, `label`) VALUES (3112,926,'fa12',6,NULL,NULL,'12');
INSERT INTO `Port` (`id`, `object_id`, `name`, `type`, `l2address`, `reservation_comment`, `label`) VALUES (3113,923,'eth0',11,NULL,NULL,'1');
INSERT INTO `Port` (`id`, `object_id`, `name`, `type`, `l2address`, `reservation_comment`, `label`) VALUES (3114,923,'eth1',11,NULL,NULL,'2');
INSERT INTO `Port` (`id`, `object_id`, `name`, `type`, `l2address`, `reservation_comment`, `label`) VALUES (3115,924,'eth0',11,NULL,NULL,'1');
INSERT INTO `Port` (`id`, `object_id`, `name`, `type`, `l2address`, `reservation_comment`, `label`) VALUES (3116,924,'eth1',11,NULL,NULL,'2');
INSERT INTO `Port` (`id`, `object_id`, `name`, `type`, `l2address`, `reservation_comment`, `label`) VALUES (3117,925,'eth0',11,NULL,NULL,'1');
INSERT INTO `Port` (`id`, `object_id`, `name`, `type`, `l2address`, `reservation_comment`, `label`) VALUES (3118,925,'eth1',11,NULL,NULL,'2');
INSERT INTO `Port` (`id`, `object_id`, `name`, `type`, `l2address`, `reservation_comment`, `label`) VALUES (3119,908,'fa2/0',6,NULL,NULL,'');
INSERT INTO `Port` (`id`, `object_id`, `name`, `type`, `l2address`, `reservation_comment`, `label`) VALUES (3120,908,'fa2/1',6,NULL,'ISP uplink','');
INSERT INTO `Port` (`id`, `object_id`, `name`, `type`, `l2address`, `reservation_comment`, `label`) VALUES (3121,907,'fa2/0',6,NULL,NULL,'');
INSERT INTO `Port` (`id`, `object_id`, `name`, `type`, `l2address`, `reservation_comment`, `label`) VALUES (3122,907,'fa2/1',6,NULL,NULL,'');
INSERT INTO `Port` (`id`, `object_id`, `name`, `type`, `l2address`, `reservation_comment`, `label`) VALUES (3123,927,'gi3/0',12,NULL,'ISP uplink','');
INSERT INTO `Port` (`id`, `object_id`, `name`, `type`, `l2address`, `reservation_comment`, `label`) VALUES (3124,927,'gi4/0',12,NULL,NULL,'');
INSERT INTO `Port` (`id`, `object_id`, `name`, `type`, `l2address`, `reservation_comment`, `label`) VALUES (3125,907,'gi3/0',12,NULL,'ISP uplink','');
INSERT INTO `Port` (`id`, `object_id`, `name`, `type`, `l2address`, `reservation_comment`, `label`) VALUES (3126,907,'gi4/0',12,NULL,NULL,'');
/*!40000 ALTER TABLE `Port` ENABLE KEYS */;
UNLOCK TABLES;


LOCK TABLES `PortForwarding` WRITE;
/*!40000 ALTER TABLE `PortForwarding` DISABLE KEYS */;
INSERT INTO `PortForwarding` (`object_id`, `proto`, `localip`, `localport`, `remoteip`, `remoteport`, `description`) VALUES (915,1,180879675,80,180879681,80,'');
INSERT INTO `PortForwarding` (`object_id`, `proto`, `localip`, `localport`, `remoteip`, `remoteport`, `description`) VALUES (915,1,180879675,80,180879682,80,'');
INSERT INTO `PortForwarding` (`object_id`, `proto`, `localip`, `localport`, `remoteip`, `remoteport`, `description`) VALUES (915,1,180879675,80,180879683,80,'');
INSERT INTO `PortForwarding` (`object_id`, `proto`, `localip`, `localport`, `remoteip`, `remoteport`, `description`) VALUES (915,2,180879676,53,180879684,53,'');
INSERT INTO `PortForwarding` (`object_id`, `proto`, `localip`, `localport`, `remoteip`, `remoteport`, `description`) VALUES (915,2,180879676,53,180879685,53,'');
INSERT INTO `PortForwarding` (`object_id`, `proto`, `localip`, `localport`, `remoteip`, `remoteport`, `description`) VALUES (915,1,180879677,443,180879686,443,'');
INSERT INTO `PortForwarding` (`object_id`, `proto`, `localip`, `localport`, `remoteip`, `remoteport`, `description`) VALUES (915,1,180879677,443,180879687,443,'');
/*!40000 ALTER TABLE `PortForwarding` ENABLE KEYS */;
UNLOCK TABLES;

LOCK TABLES `Rack` WRITE;
/*!40000 ALTER TABLE `Rack` DISABLE KEYS */;
INSERT INTO `Rack` (`id`, `name`, `deleted`, `row_id`, `height`, `comment`) VALUES (40,'L01','no',4,42,'test');
INSERT INTO `Rack` (`id`, `name`, `deleted`, `row_id`, `height`, `comment`) VALUES (41,'L02','no',4,12,'network equipment mini-rack');
INSERT INTO `Rack` (`id`, `name`, `deleted`, `row_id`, `height`, `comment`) VALUES (42,'L03','no',4,42,'');
INSERT INTO `Rack` (`id`, `name`, `deleted`, `row_id`, `height`, `comment`) VALUES (43,'NY100','no',3,16,'');
INSERT INTO `Rack` (`id`, `name`, `deleted`, `row_id`, `height`, `comment`) VALUES (44,'NY101','no',3,42,'server farm wing A');
INSERT INTO `Rack` (`id`, `name`, `deleted`, `row_id`, `height`, `comment`) VALUES (45,'M01','no',1,42,'');
INSERT INTO `Rack` (`id`, `name`, `deleted`, `row_id`, `height`, `comment`) VALUES (46,'NY102','no',3,42,'server farm wing B');
INSERT INTO `Rack` (`id`, `name`, `deleted`, `row_id`, `height`, `comment`) VALUES (47,'T01','no',2,16,'');
/*!40000 ALTER TABLE `Rack` ENABLE KEYS */;
UNLOCK TABLES;


LOCK TABLES `RackHistory` WRITE;
/*!40000 ALTER TABLE `RackHistory` DISABLE KEYS */;
INSERT INTO `RackHistory` (`id`, `name`, `deleted`, `row_id`, `height`, `comment`, `ctime`, `user_name`) VALUES (40,'LSX01','no',4,42,'','2007-02-16 15:12:37','admin');
INSERT INTO `RackHistory` (`id`, `name`, `deleted`, `row_id`, `height`, `comment`, `ctime`, `user_name`) VALUES (41,'LSX02','no',4,42,'','2007-02-16 15:12:45','admin');
INSERT INTO `RackHistory` (`id`, `name`, `deleted`, `row_id`, `height`, `comment`, `ctime`, `user_name`) VALUES (42,'LSX03','no',4,42,'','2007-02-16 15:12:54','admin');
INSERT INTO `RackHistory` (`id`, `name`, `deleted`, `row_id`, `height`, `comment`, `ctime`, `user_name`) VALUES (40,'L01','no',4,42,'','2007-02-16 15:14:05','admin');
INSERT INTO `RackHistory` (`id`, `name`, `deleted`, `row_id`, `height`, `comment`, `ctime`, `user_name`) VALUES (41,'L02','no',4,42,'','2007-02-16 15:14:13','admin');
INSERT INTO `RackHistory` (`id`, `name`, `deleted`, `row_id`, `height`, `comment`, `ctime`, `user_name`) VALUES (42,'L03','no',4,42,'','2007-02-16 15:14:21','admin');
INSERT INTO `RackHistory` (`id`, `name`, `deleted`, `row_id`, `height`, `comment`, `ctime`, `user_name`) VALUES (43,'NY100','no',3,16,'','2007-02-16 15:14:47','admin');
INSERT INTO `RackHistory` (`id`, `name`, `deleted`, `row_id`, `height`, `comment`, `ctime`, `user_name`) VALUES (44,'NY101','no',3,42,'','2007-02-16 15:14:54','admin');
INSERT INTO `RackHistory` (`id`, `name`, `deleted`, `row_id`, `height`, `comment`, `ctime`, `user_name`) VALUES (45,'M01','no',1,42,'','2007-02-17 17:22:18','admin');
INSERT INTO `RackHistory` (`id`, `name`, `deleted`, `row_id`, `height`, `comment`, `ctime`, `user_name`) VALUES (46,'M02','no',1,42,'','2007-02-17 17:22:23','admin');
INSERT INTO `RackHistory` (`id`, `name`, `deleted`, `row_id`, `height`, `comment`, `ctime`, `user_name`) VALUES (47,'T01','no',2,16,'','2007-02-17 17:22:36','admin');
INSERT INTO `RackHistory` (`id`, `name`, `deleted`, `row_id`, `height`, `comment`, `ctime`, `user_name`) VALUES (46,'M02','no',3,42,'','2007-02-19 10:53:43','admin');
INSERT INTO `RackHistory` (`id`, `name`, `deleted`, `row_id`, `height`, `comment`, `ctime`, `user_name`) VALUES (40,'testkit','no',4,12,'test','2007-02-19 10:56:43','admin');
INSERT INTO `RackHistory` (`id`, `name`, `deleted`, `row_id`, `height`, `comment`, `ctime`, `user_name`) VALUES (40,'L02','no',4,42,'test','2007-02-20 16:58:41','admin');
INSERT INTO `RackHistory` (`id`, `name`, `deleted`, `row_id`, `height`, `comment`, `ctime`, `user_name`) VALUES (40,'L01','no',4,42,'test','2007-02-20 17:08:16','admin');
INSERT INTO `RackHistory` (`id`, `name`, `deleted`, `row_id`, `height`, `comment`, `ctime`, `user_name`) VALUES (46,'M02','no',1,42,'','2007-02-20 18:49:34','admin');
INSERT INTO `RackHistory` (`id`, `name`, `deleted`, `row_id`, `height`, `comment`, `ctime`, `user_name`) VALUES (46,'NY102','no',3,42,'','2007-02-20 18:49:55','admin');
INSERT INTO `RackHistory` (`id`, `name`, `deleted`, `row_id`, `height`, `comment`, `ctime`, `user_name`) VALUES (46,'NY102','no',3,42,'server farm wing B','2007-02-20 18:54:07','admin');
INSERT INTO `RackHistory` (`id`, `name`, `deleted`, `row_id`, `height`, `comment`, `ctime`, `user_name`) VALUES (44,'NY101','no',3,42,'server farm wing A','2007-02-20 18:54:23','admin');
INSERT INTO `RackHistory` (`id`, `name`, `deleted`, `row_id`, `height`, `comment`, `ctime`, `user_name`) VALUES (41,'L02','no',4,12,'network equipment mini-rack','2007-02-20 18:59:21','admin');
/*!40000 ALTER TABLE `RackHistory` ENABLE KEYS */;
UNLOCK TABLES;

LOCK TABLES `RackObject` WRITE;
/*!40000 ALTER TABLE `RackObject` DISABLE KEYS */;
INSERT INTO `RackObject` (`id`, `name`, `label`, `barcode`, `deleted`, `objtype_id`, `asset_no`, `has_problems`, `comment`) VALUES (905,'london router','bbrtr1',NULL,'no',7,'net247','no','');
INSERT INTO `RackObject` (`id`, `name`, `label`, `barcode`, `deleted`, `objtype_id`, `asset_no`, `has_problems`, `comment`) VALUES (906,'londonswitch1','',NULL,'no',8,NULL,'no','');
INSERT INTO `RackObject` (`id`, `name`, `label`, `barcode`, `deleted`, `objtype_id`, `asset_no`, `has_problems`, `comment`) VALUES (907,'New-York router 1','bbrtr2a',NULL,'no',7,'net55','no','');
INSERT INTO `RackObject` (`id`, `name`, `label`, `barcode`, `deleted`, `objtype_id`, `asset_no`, `has_problems`, `comment`) VALUES (908,'moscow router','bbrtr3',NULL,'no',7,NULL,'no',NULL);
INSERT INTO `RackObject` (`id`, `name`, `label`, `barcode`, `deleted`, `objtype_id`, `asset_no`, `has_problems`, `comment`) VALUES (909,'tokyo router','bbrtr4',NULL,'no',7,NULL,'no',NULL);
INSERT INTO `RackObject` (`id`, `name`, `label`, `barcode`, `deleted`, `objtype_id`, `asset_no`, `has_problems`, `comment`) VALUES (910,'London server 1','lserver01',NULL,'no',4,'srv500','no','');
INSERT INTO `RackObject` (`id`, `name`, `label`, `barcode`, `deleted`, `objtype_id`, `asset_no`, `has_problems`, `comment`) VALUES (911,'London server 2','lserver02',NULL,'no',4,'srv501','no','');
INSERT INTO `RackObject` (`id`, `name`, `label`, `barcode`, `deleted`, `objtype_id`, `asset_no`, `has_problems`, `comment`) VALUES (912,'London server 3','lserver03',NULL,'no',4,'srv502','no','');
INSERT INTO `RackObject` (`id`, `name`, `label`, `barcode`, `deleted`, `objtype_id`, `asset_no`, `has_problems`, `comment`) VALUES (913,'London server 4','lserver04',NULL,'no',4,'srv503','yes','this one needs replacement');
INSERT INTO `RackObject` (`id`, `name`, `label`, `barcode`, `deleted`, `objtype_id`, `asset_no`, `has_problems`, `comment`) VALUES (914,'London server 5','lserver05',NULL,'no',4,'srv504','no','');
INSERT INTO `RackObject` (`id`, `name`, `label`, `barcode`, `deleted`, `objtype_id`, `asset_no`, `has_problems`, `comment`) VALUES (915,'london LB','llb',NULL,'no',8,'net1000','no','');
INSERT INTO `RackObject` (`id`, `name`, `label`, `barcode`, `deleted`, `objtype_id`, `asset_no`, `has_problems`, `comment`) VALUES (916,'shared storage','',NULL,'no',5,NULL,'no','');
INSERT INTO `RackObject` (`id`, `name`, `label`, `barcode`, `deleted`, `objtype_id`, `asset_no`, `has_problems`, `comment`) VALUES (917,'london-NAS','',NULL,'no',7,'net1001','no','');
INSERT INTO `RackObject` (`id`, `name`, `label`, `barcode`, `deleted`, `objtype_id`, `asset_no`, `has_problems`, `comment`) VALUES (918,'London server 6','lserver06',NULL,'no',4,'srv505','no',NULL);
INSERT INTO `RackObject` (`id`, `name`, `label`, `barcode`, `deleted`, `objtype_id`, `asset_no`, `has_problems`, `comment`) VALUES (919,'London server 7','lserver07',NULL,'no',4,'srv506','no',NULL);
INSERT INTO `RackObject` (`id`, `name`, `label`, `barcode`, `deleted`, `objtype_id`, `asset_no`, `has_problems`, `comment`) VALUES (920,'backup library','lbackup',NULL,'no',6,'misc200','no',NULL);
INSERT INTO `RackObject` (`id`, `name`, `label`, `barcode`, `deleted`, `objtype_id`, `asset_no`, `has_problems`, `comment`) VALUES (921,'lserver06 array','lserver06 array',NULL,'no',5,NULL,'no',NULL);
INSERT INTO `RackObject` (`id`, `name`, `label`, `barcode`, `deleted`, `objtype_id`, `asset_no`, `has_problems`, `comment`) VALUES (922,'lserver07 array','lserver07 array',NULL,'no',5,NULL,'no',NULL);
INSERT INTO `RackObject` (`id`, `name`, `label`, `barcode`, `deleted`, `objtype_id`, `asset_no`, `has_problems`, `comment`) VALUES (923,'Tokyo server 1','tserver01',NULL,'no',4,'srv654','no',NULL);
INSERT INTO `RackObject` (`id`, `name`, `label`, `barcode`, `deleted`, `objtype_id`, `asset_no`, `has_problems`, `comment`) VALUES (924,'Tokyo server 2','tserver02',NULL,'no',4,'srv848','no',NULL);
INSERT INTO `RackObject` (`id`, `name`, `label`, `barcode`, `deleted`, `objtype_id`, `asset_no`, `has_problems`, `comment`) VALUES (925,'Tokyo server 3','tserver03',NULL,'no',4,'srv139','no',NULL);
INSERT INTO `RackObject` (`id`, `name`, `label`, `barcode`, `deleted`, `objtype_id`, `asset_no`, `has_problems`, `comment`) VALUES (926,'Tokyo switch','tswitch',NULL,'no',8,'net385','no',NULL);
INSERT INTO `RackObject` (`id`, `name`, `label`, `barcode`, `deleted`, `objtype_id`, `asset_no`, `has_problems`, `comment`) VALUES (927,'New-York router 2','bbrtr2b',NULL,'no',7,'net498','no',NULL);
INSERT INTO `RackObject` (`id`, `name`, `label`, `barcode`, `deleted`, `objtype_id`, `asset_no`, `has_problems`, `comment`) VALUES (928,'New-York LB A','nylba',NULL,'no',8,'net554','no',NULL);
INSERT INTO `RackObject` (`id`, `name`, `label`, `barcode`, `deleted`, `objtype_id`, `asset_no`, `has_problems`, `comment`) VALUES (929,'New-York LB B','nylbb',NULL,'no',8,'net555','no',NULL);
INSERT INTO `RackObject` (`id`, `name`, `label`, `barcode`, `deleted`, `objtype_id`, `asset_no`, `has_problems`, `comment`) VALUES (930,'New-York server switch A','nyswitcha',NULL,'no',8,'net084','no',NULL);
INSERT INTO `RackObject` (`id`, `name`, `label`, `barcode`, `deleted`, `objtype_id`, `asset_no`, `has_problems`, `comment`) VALUES (931,'New-York server switch B','nyswitchb',NULL,'no',8,'net486','no',NULL);
INSERT INTO `RackObject` (`id`, `name`, `label`, `barcode`, `deleted`, `objtype_id`, `asset_no`, `has_problems`, `comment`) VALUES (932,'New-York server 1A','nysrv1a',NULL,'no',4,'srv287','no',NULL);
INSERT INTO `RackObject` (`id`, `name`, `label`, `barcode`, `deleted`, `objtype_id`, `asset_no`, `has_problems`, `comment`) VALUES (933,'New-York server 1B','nysrv1b',NULL,'no',4,'srv288','no',NULL);
INSERT INTO `RackObject` (`id`, `name`, `label`, `barcode`, `deleted`, `objtype_id`, `asset_no`, `has_problems`, `comment`) VALUES (934,'New-York server 2A','nysrv2a',NULL,'no',4,NULL,'no',NULL);
INSERT INTO `RackObject` (`id`, `name`, `label`, `barcode`, `deleted`, `objtype_id`, `asset_no`, `has_problems`, `comment`) VALUES (935,'New-York server 2B','nysrv2b',NULL,'no',4,NULL,'no',NULL);
INSERT INTO `RackObject` (`id`, `name`, `label`, `barcode`, `deleted`, `objtype_id`, `asset_no`, `has_problems`, `comment`) VALUES (936,'New-York server 3A','nysrv3a',NULL,'no',4,NULL,'no',NULL);
INSERT INTO `RackObject` (`id`, `name`, `label`, `barcode`, `deleted`, `objtype_id`, `asset_no`, `has_problems`, `comment`) VALUES (937,'New-York server 3B','nysrv3b',NULL,'no',4,NULL,'no',NULL);
INSERT INTO `RackObject` (`id`, `name`, `label`, `barcode`, `deleted`, `objtype_id`, `asset_no`, `has_problems`, `comment`) VALUES (938,'New-York server 4A','nysrv4a',NULL,'no',4,NULL,'no',NULL);
INSERT INTO `RackObject` (`id`, `name`, `label`, `barcode`, `deleted`, `objtype_id`, `asset_no`, `has_problems`, `comment`) VALUES (939,'New-York server 4B','nysrv4b',NULL,'no',4,NULL,'no',NULL);
INSERT INTO `RackObject` (`id`, `name`, `label`, `barcode`, `deleted`, `objtype_id`, `asset_no`, `has_problems`, `comment`) VALUES (940,'New-York server 5A','nysrv5a',NULL,'no',4,NULL,'no',NULL);
INSERT INTO `RackObject` (`id`, `name`, `label`, `barcode`, `deleted`, `objtype_id`, `asset_no`, `has_problems`, `comment`) VALUES (941,'New-York server 5B','nysrv5b',NULL,'no',4,NULL,'no',NULL);
INSERT INTO `RackObject` (`id`, `name`, `label`, `barcode`, `deleted`, `objtype_id`, `asset_no`, `has_problems`, `comment`) VALUES (942,'wing A UPS','',NULL,'no',12,NULL,'no',NULL);
INSERT INTO `RackObject` (`id`, `name`, `label`, `barcode`, `deleted`, `objtype_id`, `asset_no`, `has_problems`, `comment`) VALUES (943,'wing B UPS','',NULL,'no',12,NULL,'no',NULL);
INSERT INTO `RackObject` (`id`, `name`, `label`, `barcode`, `deleted`, `objtype_id`, `asset_no`, `has_problems`, `comment`) VALUES (944,'network UPS','',NULL,'no',12,NULL,'no',NULL);
INSERT INTO `RackObject` (`id`, `name`, `label`, `barcode`, `deleted`, `objtype_id`, `asset_no`, `has_problems`, `comment`) VALUES (945,NULL,'',NULL,'no',9,NULL,'no',NULL);
INSERT INTO `RackObject` (`id`, `name`, `label`, `barcode`, `deleted`, `objtype_id`, `asset_no`, `has_problems`, `comment`) VALUES (946,NULL,'',NULL,'no',9,NULL,'no',NULL);
INSERT INTO `RackObject` (`id`, `name`, `label`, `barcode`, `deleted`, `objtype_id`, `asset_no`, `has_problems`, `comment`) VALUES (947,NULL,'',NULL,'no',2,NULL,'no',NULL);
INSERT INTO `RackObject` (`id`, `name`, `label`, `barcode`, `deleted`, `objtype_id`, `asset_no`, `has_problems`, `comment`) VALUES (948,NULL,'',NULL,'no',2,NULL,'no',NULL);
INSERT INTO `RackObject` (`id`, `name`, `label`, `barcode`, `deleted`, `objtype_id`, `asset_no`, `has_problems`, `comment`) VALUES (949,NULL,'',NULL,'no',2,NULL,'no',NULL);
INSERT INTO `RackObject` (`id`, `name`, `label`, `barcode`, `deleted`, `objtype_id`, `asset_no`, `has_problems`, `comment`) VALUES (950,NULL,'',NULL,'no',2,NULL,'no',NULL);
INSERT INTO `RackObject` (`id`, `name`, `label`, `barcode`, `deleted`, `objtype_id`, `asset_no`, `has_problems`, `comment`) VALUES (951,NULL,'',NULL,'no',2,NULL,'no',NULL);
INSERT INTO `RackObject` (`id`, `name`, `label`, `barcode`, `deleted`, `objtype_id`, `asset_no`, `has_problems`, `comment`) VALUES (952,NULL,'',NULL,'no',2,NULL,'no',NULL);
INSERT INTO `RackObject` (`id`, `name`, `label`, `barcode`, `deleted`, `objtype_id`, `asset_no`, `has_problems`, `comment`) VALUES (953,NULL,'',NULL,'no',2,NULL,'no',NULL);
INSERT INTO `RackObject` (`id`, `name`, `label`, `barcode`, `deleted`, `objtype_id`, `asset_no`, `has_problems`, `comment`) VALUES (954,NULL,'',NULL,'no',2,NULL,'no',NULL);
INSERT INTO `RackObject` (`id`, `name`, `label`, `barcode`, `deleted`, `objtype_id`, `asset_no`, `has_problems`, `comment`) VALUES (955,NULL,'',NULL,'no',2,NULL,'no',NULL);
/*!40000 ALTER TABLE `RackObject` ENABLE KEYS */;
UNLOCK TABLES;


LOCK TABLES `RackObjectHistory` WRITE;
/*!40000 ALTER TABLE `RackObjectHistory` DISABLE KEYS */;
INSERT INTO `RackObjectHistory` (`id`, `name`, `label`, `barcode`, `deleted`, `objtype_id`, `asset_no`, `has_problems`, `comment`, `ctime`, `user_name`) VALUES (905,'backbone router 1','bbrtr1',NULL,'no',7,NULL,'no',NULL,'2007-02-17 16:35:47','admin');
INSERT INTO `RackObjectHistory` (`id`, `name`, `label`, `barcode`, `deleted`, `objtype_id`, `asset_no`, `has_problems`, `comment`, `ctime`, `user_name`) VALUES (906,'switch1','',NULL,'no',8,NULL,'no',NULL,'2007-02-17 17:01:44','admin');
INSERT INTO `RackObjectHistory` (`id`, `name`, `label`, `barcode`, `deleted`, `objtype_id`, `asset_no`, `has_problems`, `comment`, `ctime`, `user_name`) VALUES (905,'london router','bbrtr1',NULL,'no',7,NULL,'no','','2007-02-17 17:11:54','admin');
INSERT INTO `RackObjectHistory` (`id`, `name`, `label`, `barcode`, `deleted`, `objtype_id`, `asset_no`, `has_problems`, `comment`, `ctime`, `user_name`) VALUES (907,'new-york router','bbrtr2',NULL,'no',7,NULL,'no',NULL,'2007-02-17 17:13:21','admin');
INSERT INTO `RackObjectHistory` (`id`, `name`, `label`, `barcode`, `deleted`, `objtype_id`, `asset_no`, `has_problems`, `comment`, `ctime`, `user_name`) VALUES (908,'moscow router','bbrtr3',NULL,'no',7,NULL,'no',NULL,'2007-02-17 17:13:21','admin');
INSERT INTO `RackObjectHistory` (`id`, `name`, `label`, `barcode`, `deleted`, `objtype_id`, `asset_no`, `has_problems`, `comment`, `ctime`, `user_name`) VALUES (909,'tokyo router','bbrtr4',NULL,'no',7,NULL,'no',NULL,'2007-02-17 17:13:21','admin');
INSERT INTO `RackObjectHistory` (`id`, `name`, `label`, `barcode`, `deleted`, `objtype_id`, `asset_no`, `has_problems`, `comment`, `ctime`, `user_name`) VALUES (910,'lserver01','',NULL,'no',4,NULL,'no',NULL,'2007-02-17 18:09:08','admin');
INSERT INTO `RackObjectHistory` (`id`, `name`, `label`, `barcode`, `deleted`, `objtype_id`, `asset_no`, `has_problems`, `comment`, `ctime`, `user_name`) VALUES (911,'lserver02','',NULL,'no',4,NULL,'no',NULL,'2007-02-17 18:09:08','admin');
INSERT INTO `RackObjectHistory` (`id`, `name`, `label`, `barcode`, `deleted`, `objtype_id`, `asset_no`, `has_problems`, `comment`, `ctime`, `user_name`) VALUES (912,'lserver03','',NULL,'no',4,NULL,'no',NULL,'2007-02-17 18:09:08','admin');
INSERT INTO `RackObjectHistory` (`id`, `name`, `label`, `barcode`, `deleted`, `objtype_id`, `asset_no`, `has_problems`, `comment`, `ctime`, `user_name`) VALUES (913,'lserver04','',NULL,'no',4,NULL,'no',NULL,'2007-02-17 18:09:08','admin');
INSERT INTO `RackObjectHistory` (`id`, `name`, `label`, `barcode`, `deleted`, `objtype_id`, `asset_no`, `has_problems`, `comment`, `ctime`, `user_name`) VALUES (914,'lserver05','',NULL,'no',4,NULL,'no',NULL,'2007-02-17 18:09:08','admin');
INSERT INTO `RackObjectHistory` (`id`, `name`, `label`, `barcode`, `deleted`, `objtype_id`, `asset_no`, `has_problems`, `comment`, `ctime`, `user_name`) VALUES (915,'london-','',NULL,'no',8,NULL,'no',NULL,'2007-02-17 18:10:50','admin');
INSERT INTO `RackObjectHistory` (`id`, `name`, `label`, `barcode`, `deleted`, `objtype_id`, `asset_no`, `has_problems`, `comment`, `ctime`, `user_name`) VALUES (915,'london-LB','',NULL,'no',8,NULL,'no','','2007-02-17 18:10:58','admin');
INSERT INTO `RackObjectHistory` (`id`, `name`, `label`, `barcode`, `deleted`, `objtype_id`, `asset_no`, `has_problems`, `comment`, `ctime`, `user_name`) VALUES (906,'londonswitch1','',NULL,'no',8,NULL,'no','','2007-02-17 18:13:24','admin');
INSERT INTO `RackObjectHistory` (`id`, `name`, `label`, `barcode`, `deleted`, `objtype_id`, `asset_no`, `has_problems`, `comment`, `ctime`, `user_name`) VALUES (905,'london router','bbrtr1',NULL,'no',7,NULL,'yes','broken','2007-02-17 18:28:26','admin');
INSERT INTO `RackObjectHistory` (`id`, `name`, `label`, `barcode`, `deleted`, `objtype_id`, `asset_no`, `has_problems`, `comment`, `ctime`, `user_name`) VALUES (916,'Macierz','Compaq Macierz',NULL,'no',5,NULL,'no',NULL,'2007-02-19 08:14:16','admin');
INSERT INTO `RackObjectHistory` (`id`, `name`, `label`, `barcode`, `deleted`, `objtype_id`, `asset_no`, `has_problems`, `comment`, `ctime`, `user_name`) VALUES (917,'london-NAS','',NULL,'no',7,NULL,'no',NULL,'2007-02-20 17:01:38','admin');
INSERT INTO `RackObjectHistory` (`id`, `name`, `label`, `barcode`, `deleted`, `objtype_id`, `asset_no`, `has_problems`, `comment`, `ctime`, `user_name`) VALUES (905,'london router','bbrtr1',NULL,'no',7,NULL,'no','','2007-02-20 17:08:07','admin');
INSERT INTO `RackObjectHistory` (`id`, `name`, `label`, `barcode`, `deleted`, `objtype_id`, `asset_no`, `has_problems`, `comment`, `ctime`, `user_name`) VALUES (916,'backup storage','',NULL,'no',5,NULL,'no','','2007-02-20 17:09:36','admin');
INSERT INTO `RackObjectHistory` (`id`, `name`, `label`, `barcode`, `deleted`, `objtype_id`, `asset_no`, `has_problems`, `comment`, `ctime`, `user_name`) VALUES (916,'shared storage','',NULL,'no',5,NULL,'no','','2007-02-20 17:11:59','admin');
INSERT INTO `RackObjectHistory` (`id`, `name`, `label`, `barcode`, `deleted`, `objtype_id`, `asset_no`, `has_problems`, `comment`, `ctime`, `user_name`) VALUES (910,'lserver01','',NULL,'no',4,'srv500','no','','2007-02-20 17:15:23','admin');
INSERT INTO `RackObjectHistory` (`id`, `name`, `label`, `barcode`, `deleted`, `objtype_id`, `asset_no`, `has_problems`, `comment`, `ctime`, `user_name`) VALUES (911,'London server 2','lserver02',NULL,'no',4,'srv501','no','','2007-02-20 17:15:55','admin');
INSERT INTO `RackObjectHistory` (`id`, `name`, `label`, `barcode`, `deleted`, `objtype_id`, `asset_no`, `has_problems`, `comment`, `ctime`, `user_name`) VALUES (910,'London server 1','lserver01',NULL,'no',4,'srv500','no','','2007-02-20 17:16:24','admin');
INSERT INTO `RackObjectHistory` (`id`, `name`, `label`, `barcode`, `deleted`, `objtype_id`, `asset_no`, `has_problems`, `comment`, `ctime`, `user_name`) VALUES (912,'London server 3','lserver03',NULL,'no',4,'srv502','no','','2007-02-20 17:16:46','admin');
INSERT INTO `RackObjectHistory` (`id`, `name`, `label`, `barcode`, `deleted`, `objtype_id`, `asset_no`, `has_problems`, `comment`, `ctime`, `user_name`) VALUES (913,'London server 4','lserver04',NULL,'no',4,'srv503','no','','2007-02-20 17:17:25','admin');
INSERT INTO `RackObjectHistory` (`id`, `name`, `label`, `barcode`, `deleted`, `objtype_id`, `asset_no`, `has_problems`, `comment`, `ctime`, `user_name`) VALUES (914,'London server 5','lserver05',NULL,'no',4,'srv504','no','','2007-02-20 17:18:06','admin');
INSERT INTO `RackObjectHistory` (`id`, `name`, `label`, `barcode`, `deleted`, `objtype_id`, `asset_no`, `has_problems`, `comment`, `ctime`, `user_name`) VALUES (915,'london LB','llb',NULL,'no',8,'net1000','no','','2007-02-20 17:18:48','admin');
INSERT INTO `RackObjectHistory` (`id`, `name`, `label`, `barcode`, `deleted`, `objtype_id`, `asset_no`, `has_problems`, `comment`, `ctime`, `user_name`) VALUES (918,'London server 6','lserver06',NULL,'no',4,'srv505','no',NULL,'2007-02-20 17:20:56','admin');
INSERT INTO `RackObjectHistory` (`id`, `name`, `label`, `barcode`, `deleted`, `objtype_id`, `asset_no`, `has_problems`, `comment`, `ctime`, `user_name`) VALUES (919,'London server 7','lserver07',NULL,'no',4,'srv506','no',NULL,'2007-02-20 17:20:56','admin');
INSERT INTO `RackObjectHistory` (`id`, `name`, `label`, `barcode`, `deleted`, `objtype_id`, `asset_no`, `has_problems`, `comment`, `ctime`, `user_name`) VALUES (920,'backup library','lbackup',NULL,'no',6,'misc200','no',NULL,'2007-02-20 17:29:31','admin');
INSERT INTO `RackObjectHistory` (`id`, `name`, `label`, `barcode`, `deleted`, `objtype_id`, `asset_no`, `has_problems`, `comment`, `ctime`, `user_name`) VALUES (921,'lserver06 array','lserver06 array',NULL,'no',5,NULL,'no',NULL,'2007-02-20 17:39:00','admin');
INSERT INTO `RackObjectHistory` (`id`, `name`, `label`, `barcode`, `deleted`, `objtype_id`, `asset_no`, `has_problems`, `comment`, `ctime`, `user_name`) VALUES (922,'lserver07 array','lserver07 array',NULL,'no',5,NULL,'no',NULL,'2007-02-20 17:39:00','admin');
INSERT INTO `RackObjectHistory` (`id`, `name`, `label`, `barcode`, `deleted`, `objtype_id`, `asset_no`, `has_problems`, `comment`, `ctime`, `user_name`) VALUES (917,'london-NAS','',NULL,'no',7,'net1001','no','','2007-02-20 17:52:26','admin');
INSERT INTO `RackObjectHistory` (`id`, `name`, `label`, `barcode`, `deleted`, `objtype_id`, `asset_no`, `has_problems`, `comment`, `ctime`, `user_name`) VALUES (905,'london router','bbrtr1',NULL,'no',7,'net247','no','','2007-02-20 17:52:38','admin');
INSERT INTO `RackObjectHistory` (`id`, `name`, `label`, `barcode`, `deleted`, `objtype_id`, `asset_no`, `has_problems`, `comment`, `ctime`, `user_name`) VALUES (923,'Tokyo server 1','tserver01',NULL,'no',4,'srv654','no',NULL,'2007-02-20 18:03:54','admin');
INSERT INTO `RackObjectHistory` (`id`, `name`, `label`, `barcode`, `deleted`, `objtype_id`, `asset_no`, `has_problems`, `comment`, `ctime`, `user_name`) VALUES (924,'Tokyo server 2','tserver02',NULL,'no',4,'srv848','no',NULL,'2007-02-20 18:03:54','admin');
INSERT INTO `RackObjectHistory` (`id`, `name`, `label`, `barcode`, `deleted`, `objtype_id`, `asset_no`, `has_problems`, `comment`, `ctime`, `user_name`) VALUES (925,'Tokyo server 3','tserver03',NULL,'no',4,'srv139','no',NULL,'2007-02-20 18:03:54','admin');
INSERT INTO `RackObjectHistory` (`id`, `name`, `label`, `barcode`, `deleted`, `objtype_id`, `asset_no`, `has_problems`, `comment`, `ctime`, `user_name`) VALUES (926,'Tokyo switch','tswitch',NULL,'no',8,'net385','no',NULL,'2007-02-20 18:03:54','admin');
INSERT INTO `RackObjectHistory` (`id`, `name`, `label`, `barcode`, `deleted`, `objtype_id`, `asset_no`, `has_problems`, `comment`, `ctime`, `user_name`) VALUES (907,'new-york router 1','bbrtr2a',NULL,'no',7,'net55','no','','2007-02-20 18:39:38','admin');
INSERT INTO `RackObjectHistory` (`id`, `name`, `label`, `barcode`, `deleted`, `objtype_id`, `asset_no`, `has_problems`, `comment`, `ctime`, `user_name`) VALUES (927,'New-York router 2','bbrtr2b',NULL,'no',7,'net498','no',NULL,'2007-02-20 18:40:16','admin');
INSERT INTO `RackObjectHistory` (`id`, `name`, `label`, `barcode`, `deleted`, `objtype_id`, `asset_no`, `has_problems`, `comment`, `ctime`, `user_name`) VALUES (907,'New-York router 1','bbrtr2a',NULL,'no',7,'net55','no','','2007-02-20 18:41:54','admin');
INSERT INTO `RackObjectHistory` (`id`, `name`, `label`, `barcode`, `deleted`, `objtype_id`, `asset_no`, `has_problems`, `comment`, `ctime`, `user_name`) VALUES (928,'New-York LB A','nylba',NULL,'no',8,'net554','no',NULL,'2007-02-20 18:48:58','admin');
INSERT INTO `RackObjectHistory` (`id`, `name`, `label`, `barcode`, `deleted`, `objtype_id`, `asset_no`, `has_problems`, `comment`, `ctime`, `user_name`) VALUES (929,'New-York LB B','nylbb',NULL,'no',8,'net555','no',NULL,'2007-02-20 18:48:58','admin');
INSERT INTO `RackObjectHistory` (`id`, `name`, `label`, `barcode`, `deleted`, `objtype_id`, `asset_no`, `has_problems`, `comment`, `ctime`, `user_name`) VALUES (930,'New-York server switch A','nyswitcha',NULL,'no',8,'net084','no',NULL,'2007-02-20 18:48:58','admin');
INSERT INTO `RackObjectHistory` (`id`, `name`, `label`, `barcode`, `deleted`, `objtype_id`, `asset_no`, `has_problems`, `comment`, `ctime`, `user_name`) VALUES (931,'New-York server switch B','nyswitchb',NULL,'no',8,'net486','no',NULL,'2007-02-20 18:48:58','admin');
INSERT INTO `RackObjectHistory` (`id`, `name`, `label`, `barcode`, `deleted`, `objtype_id`, `asset_no`, `has_problems`, `comment`, `ctime`, `user_name`) VALUES (932,'New-York server 1A','nysrv1a',NULL,'no',4,'srv287','no',NULL,'2007-02-20 18:48:58','admin');
INSERT INTO `RackObjectHistory` (`id`, `name`, `label`, `barcode`, `deleted`, `objtype_id`, `asset_no`, `has_problems`, `comment`, `ctime`, `user_name`) VALUES (933,'New-York server 1B','nysrv1b',NULL,'no',4,'srv288','no',NULL,'2007-02-20 18:48:58','admin');
INSERT INTO `RackObjectHistory` (`id`, `name`, `label`, `barcode`, `deleted`, `objtype_id`, `asset_no`, `has_problems`, `comment`, `ctime`, `user_name`) VALUES (934,'New-York server 2A','nysrv2a',NULL,'no',4,NULL,'no',NULL,'2007-02-20 18:51:31','admin');
INSERT INTO `RackObjectHistory` (`id`, `name`, `label`, `barcode`, `deleted`, `objtype_id`, `asset_no`, `has_problems`, `comment`, `ctime`, `user_name`) VALUES (935,'New-York server 2B','nysrv2b',NULL,'no',4,NULL,'no',NULL,'2007-02-20 18:51:31','admin');
INSERT INTO `RackObjectHistory` (`id`, `name`, `label`, `barcode`, `deleted`, `objtype_id`, `asset_no`, `has_problems`, `comment`, `ctime`, `user_name`) VALUES (936,'New-York server 3A','nysrv3a',NULL,'no',4,NULL,'no',NULL,'2007-02-20 18:51:31','admin');
INSERT INTO `RackObjectHistory` (`id`, `name`, `label`, `barcode`, `deleted`, `objtype_id`, `asset_no`, `has_problems`, `comment`, `ctime`, `user_name`) VALUES (937,'New-York server 3B','nysrv3b',NULL,'no',4,NULL,'no',NULL,'2007-02-20 18:51:31','admin');
INSERT INTO `RackObjectHistory` (`id`, `name`, `label`, `barcode`, `deleted`, `objtype_id`, `asset_no`, `has_problems`, `comment`, `ctime`, `user_name`) VALUES (938,'New-York server 4A','nysrv4a',NULL,'no',4,NULL,'no',NULL,'2007-02-20 18:51:31','admin');
INSERT INTO `RackObjectHistory` (`id`, `name`, `label`, `barcode`, `deleted`, `objtype_id`, `asset_no`, `has_problems`, `comment`, `ctime`, `user_name`) VALUES (939,'New-York server 4B','nysrv4b',NULL,'no',4,NULL,'no',NULL,'2007-02-20 18:51:31','admin');
INSERT INTO `RackObjectHistory` (`id`, `name`, `label`, `barcode`, `deleted`, `objtype_id`, `asset_no`, `has_problems`, `comment`, `ctime`, `user_name`) VALUES (940,'New-York server 5A','nysrv5a',NULL,'no',4,NULL,'no',NULL,'2007-02-20 18:51:31','admin');
INSERT INTO `RackObjectHistory` (`id`, `name`, `label`, `barcode`, `deleted`, `objtype_id`, `asset_no`, `has_problems`, `comment`, `ctime`, `user_name`) VALUES (941,'New-York server 5B','nysrv5b',NULL,'no',4,NULL,'no',NULL,'2007-02-20 18:51:31','admin');
INSERT INTO `RackObjectHistory` (`id`, `name`, `label`, `barcode`, `deleted`, `objtype_id`, `asset_no`, `has_problems`, `comment`, `ctime`, `user_name`) VALUES (942,'wing A UPS','',NULL,'no',12,NULL,'no',NULL,'2007-02-20 18:52:54','admin');
INSERT INTO `RackObjectHistory` (`id`, `name`, `label`, `barcode`, `deleted`, `objtype_id`, `asset_no`, `has_problems`, `comment`, `ctime`, `user_name`) VALUES (943,'wing B UPS','',NULL,'no',12,NULL,'no',NULL,'2007-02-20 18:52:54','admin');
INSERT INTO `RackObjectHistory` (`id`, `name`, `label`, `barcode`, `deleted`, `objtype_id`, `asset_no`, `has_problems`, `comment`, `ctime`, `user_name`) VALUES (944,'network UPS','',NULL,'no',12,NULL,'no',NULL,'2007-02-20 18:52:54','admin');
INSERT INTO `RackObjectHistory` (`id`, `name`, `label`, `barcode`, `deleted`, `objtype_id`, `asset_no`, `has_problems`, `comment`, `ctime`, `user_name`) VALUES (913,'London server 4','lserver04',NULL,'no',4,'srv503','yes','this one needs replacement','2007-02-20 19:01:40','admin');
INSERT INTO `RackObjectHistory` (`id`, `name`, `label`, `barcode`, `deleted`, `objtype_id`, `asset_no`, `has_problems`, `comment`, `ctime`, `user_name`) VALUES (945,NULL,'',NULL,'no',9,NULL,'no',NULL,'2007-02-20 19:03:18','admin');
INSERT INTO `RackObjectHistory` (`id`, `name`, `label`, `barcode`, `deleted`, `objtype_id`, `asset_no`, `has_problems`, `comment`, `ctime`, `user_name`) VALUES (946,NULL,'',NULL,'no',9,NULL,'no',NULL,'2007-02-20 19:03:18','admin');
INSERT INTO `RackObjectHistory` (`id`, `name`, `label`, `barcode`, `deleted`, `objtype_id`, `asset_no`, `has_problems`, `comment`, `ctime`, `user_name`) VALUES (947,NULL,'',NULL,'no',2,NULL,'no',NULL,'2007-02-20 19:07:30','admin');
INSERT INTO `RackObjectHistory` (`id`, `name`, `label`, `barcode`, `deleted`, `objtype_id`, `asset_no`, `has_problems`, `comment`, `ctime`, `user_name`) VALUES (948,NULL,'',NULL,'no',2,NULL,'no',NULL,'2007-02-20 19:07:30','admin');
INSERT INTO `RackObjectHistory` (`id`, `name`, `label`, `barcode`, `deleted`, `objtype_id`, `asset_no`, `has_problems`, `comment`, `ctime`, `user_name`) VALUES (949,NULL,'',NULL,'no',2,NULL,'no',NULL,'2007-02-20 19:07:30','admin');
INSERT INTO `RackObjectHistory` (`id`, `name`, `label`, `barcode`, `deleted`, `objtype_id`, `asset_no`, `has_problems`, `comment`, `ctime`, `user_name`) VALUES (950,NULL,'',NULL,'no',2,NULL,'no',NULL,'2007-02-20 19:07:30','admin');
INSERT INTO `RackObjectHistory` (`id`, `name`, `label`, `barcode`, `deleted`, `objtype_id`, `asset_no`, `has_problems`, `comment`, `ctime`, `user_name`) VALUES (951,NULL,'',NULL,'no',2,NULL,'no',NULL,'2007-02-20 19:07:30','admin');
INSERT INTO `RackObjectHistory` (`id`, `name`, `label`, `barcode`, `deleted`, `objtype_id`, `asset_no`, `has_problems`, `comment`, `ctime`, `user_name`) VALUES (952,NULL,'',NULL,'no',2,NULL,'no',NULL,'2007-02-20 19:07:30','admin');
INSERT INTO `RackObjectHistory` (`id`, `name`, `label`, `barcode`, `deleted`, `objtype_id`, `asset_no`, `has_problems`, `comment`, `ctime`, `user_name`) VALUES (953,NULL,'',NULL,'no',2,NULL,'no',NULL,'2007-02-20 19:07:30','admin');
INSERT INTO `RackObjectHistory` (`id`, `name`, `label`, `barcode`, `deleted`, `objtype_id`, `asset_no`, `has_problems`, `comment`, `ctime`, `user_name`) VALUES (954,NULL,'',NULL,'no',2,NULL,'no',NULL,'2007-02-20 19:07:30','admin');
INSERT INTO `RackObjectHistory` (`id`, `name`, `label`, `barcode`, `deleted`, `objtype_id`, `asset_no`, `has_problems`, `comment`, `ctime`, `user_name`) VALUES (955,NULL,'',NULL,'no',2,NULL,'no',NULL,'2007-02-20 19:10:13','admin');
/*!40000 ALTER TABLE `RackObjectHistory` ENABLE KEYS */;
UNLOCK TABLES;


LOCK TABLES `RackSpace` WRITE;
/*!40000 ALTER TABLE `RackSpace` DISABLE KEYS */;
INSERT INTO `RackSpace` (`rack_id`, `unit_no`, `atom`, `state`, `object_id`, `problem_id`) VALUES (41,9,'interior','T',905,NULL);
INSERT INTO `RackSpace` (`rack_id`, `unit_no`, `atom`, `state`, `object_id`, `problem_id`) VALUES (41,9,'front','T',905,NULL);
INSERT INTO `RackSpace` (`rack_id`, `unit_no`, `atom`, `state`, `object_id`, `problem_id`) VALUES (41,10,'interior','T',905,NULL);
INSERT INTO `RackSpace` (`rack_id`, `unit_no`, `atom`, `state`, `object_id`, `problem_id`) VALUES (41,10,'front','T',905,NULL);
INSERT INTO `RackSpace` (`rack_id`, `unit_no`, `atom`, `state`, `object_id`, `problem_id`) VALUES (41,11,'interior','T',905,NULL);
INSERT INTO `RackSpace` (`rack_id`, `unit_no`, `atom`, `state`, `object_id`, `problem_id`) VALUES (41,11,'front','T',905,NULL);
INSERT INTO `RackSpace` (`rack_id`, `unit_no`, `atom`, `state`, `object_id`, `problem_id`) VALUES (41,7,'front','T',906,NULL);
INSERT INTO `RackSpace` (`rack_id`, `unit_no`, `atom`, `state`, `object_id`, `problem_id`) VALUES (41,7,'interior','T',906,NULL);
INSERT INTO `RackSpace` (`rack_id`, `unit_no`, `atom`, `state`, `object_id`, `problem_id`) VALUES (43,16,'interior','T',907,NULL);
INSERT INTO `RackSpace` (`rack_id`, `unit_no`, `atom`, `state`, `object_id`, `problem_id`) VALUES (43,16,'rear','T',907,NULL);
INSERT INTO `RackSpace` (`rack_id`, `unit_no`, `atom`, `state`, `object_id`, `problem_id`) VALUES (43,15,'interior','T',907,NULL);
INSERT INTO `RackSpace` (`rack_id`, `unit_no`, `atom`, `state`, `object_id`, `problem_id`) VALUES (43,15,'rear','T',907,NULL);
INSERT INTO `RackSpace` (`rack_id`, `unit_no`, `atom`, `state`, `object_id`, `problem_id`) VALUES (43,14,'interior','T',907,NULL);
INSERT INTO `RackSpace` (`rack_id`, `unit_no`, `atom`, `state`, `object_id`, `problem_id`) VALUES (43,14,'rear','T',907,NULL);
INSERT INTO `RackSpace` (`rack_id`, `unit_no`, `atom`, `state`, `object_id`, `problem_id`) VALUES (47,15,'interior','T',909,NULL);
INSERT INTO `RackSpace` (`rack_id`, `unit_no`, `atom`, `state`, `object_id`, `problem_id`) VALUES (47,15,'rear','T',909,NULL);
INSERT INTO `RackSpace` (`rack_id`, `unit_no`, `atom`, `state`, `object_id`, `problem_id`) VALUES (47,14,'interior','T',909,NULL);
INSERT INTO `RackSpace` (`rack_id`, `unit_no`, `atom`, `state`, `object_id`, `problem_id`) VALUES (47,14,'rear','T',909,NULL);
INSERT INTO `RackSpace` (`rack_id`, `unit_no`, `atom`, `state`, `object_id`, `problem_id`) VALUES (47,13,'interior','T',909,NULL);
INSERT INTO `RackSpace` (`rack_id`, `unit_no`, `atom`, `state`, `object_id`, `problem_id`) VALUES (47,13,'rear','T',909,NULL);
INSERT INTO `RackSpace` (`rack_id`, `unit_no`, `atom`, `state`, `object_id`, `problem_id`) VALUES (45,20,'interior','T',908,NULL);
INSERT INTO `RackSpace` (`rack_id`, `unit_no`, `atom`, `state`, `object_id`, `problem_id`) VALUES (45,20,'rear','T',908,NULL);
INSERT INTO `RackSpace` (`rack_id`, `unit_no`, `atom`, `state`, `object_id`, `problem_id`) VALUES (45,19,'interior','T',908,NULL);
INSERT INTO `RackSpace` (`rack_id`, `unit_no`, `atom`, `state`, `object_id`, `problem_id`) VALUES (45,19,'rear','T',908,NULL);
INSERT INTO `RackSpace` (`rack_id`, `unit_no`, `atom`, `state`, `object_id`, `problem_id`) VALUES (45,18,'interior','T',908,NULL);
INSERT INTO `RackSpace` (`rack_id`, `unit_no`, `atom`, `state`, `object_id`, `problem_id`) VALUES (45,18,'rear','T',908,NULL);
INSERT INTO `RackSpace` (`rack_id`, `unit_no`, `atom`, `state`, `object_id`, `problem_id`) VALUES (40,2,'front','T',910,NULL);
INSERT INTO `RackSpace` (`rack_id`, `unit_no`, `atom`, `state`, `object_id`, `problem_id`) VALUES (40,2,'interior','T',910,NULL);
INSERT INTO `RackSpace` (`rack_id`, `unit_no`, `atom`, `state`, `object_id`, `problem_id`) VALUES (40,2,'rear','T',910,NULL);
INSERT INTO `RackSpace` (`rack_id`, `unit_no`, `atom`, `state`, `object_id`, `problem_id`) VALUES (40,4,'front','T',911,NULL);
INSERT INTO `RackSpace` (`rack_id`, `unit_no`, `atom`, `state`, `object_id`, `problem_id`) VALUES (40,4,'interior','T',911,NULL);
INSERT INTO `RackSpace` (`rack_id`, `unit_no`, `atom`, `state`, `object_id`, `problem_id`) VALUES (40,4,'rear','T',911,NULL);
INSERT INTO `RackSpace` (`rack_id`, `unit_no`, `atom`, `state`, `object_id`, `problem_id`) VALUES (40,6,'front','T',912,NULL);
INSERT INTO `RackSpace` (`rack_id`, `unit_no`, `atom`, `state`, `object_id`, `problem_id`) VALUES (40,6,'interior','T',912,NULL);
INSERT INTO `RackSpace` (`rack_id`, `unit_no`, `atom`, `state`, `object_id`, `problem_id`) VALUES (40,6,'rear','T',912,NULL);
INSERT INTO `RackSpace` (`rack_id`, `unit_no`, `atom`, `state`, `object_id`, `problem_id`) VALUES (40,8,'front','T',913,NULL);
INSERT INTO `RackSpace` (`rack_id`, `unit_no`, `atom`, `state`, `object_id`, `problem_id`) VALUES (40,8,'interior','T',913,NULL);
INSERT INTO `RackSpace` (`rack_id`, `unit_no`, `atom`, `state`, `object_id`, `problem_id`) VALUES (40,8,'rear','T',913,NULL);
INSERT INTO `RackSpace` (`rack_id`, `unit_no`, `atom`, `state`, `object_id`, `problem_id`) VALUES (40,10,'front','T',914,NULL);
INSERT INTO `RackSpace` (`rack_id`, `unit_no`, `atom`, `state`, `object_id`, `problem_id`) VALUES (40,10,'interior','T',914,NULL);
INSERT INTO `RackSpace` (`rack_id`, `unit_no`, `atom`, `state`, `object_id`, `problem_id`) VALUES (40,10,'rear','T',914,NULL);
INSERT INTO `RackSpace` (`rack_id`, `unit_no`, `atom`, `state`, `object_id`, `problem_id`) VALUES (40,23,'rear','T',916,NULL);
INSERT INTO `RackSpace` (`rack_id`, `unit_no`, `atom`, `state`, `object_id`, `problem_id`) VALUES (40,23,'interior','T',916,NULL);
INSERT INTO `RackSpace` (`rack_id`, `unit_no`, `atom`, `state`, `object_id`, `problem_id`) VALUES (40,23,'front','T',916,NULL);
INSERT INTO `RackSpace` (`rack_id`, `unit_no`, `atom`, `state`, `object_id`, `problem_id`) VALUES (41,5,'front','T',915,NULL);
INSERT INTO `RackSpace` (`rack_id`, `unit_no`, `atom`, `state`, `object_id`, `problem_id`) VALUES (41,5,'interior','T',915,NULL);
INSERT INTO `RackSpace` (`rack_id`, `unit_no`, `atom`, `state`, `object_id`, `problem_id`) VALUES (41,4,'interior','T',915,NULL);
INSERT INTO `RackSpace` (`rack_id`, `unit_no`, `atom`, `state`, `object_id`, `problem_id`) VALUES (41,4,'front','T',915,NULL);
INSERT INTO `RackSpace` (`rack_id`, `unit_no`, `atom`, `state`, `object_id`, `problem_id`) VALUES (40,22,'front','T',916,NULL);
INSERT INTO `RackSpace` (`rack_id`, `unit_no`, `atom`, `state`, `object_id`, `problem_id`) VALUES (40,22,'interior','T',916,NULL);
INSERT INTO `RackSpace` (`rack_id`, `unit_no`, `atom`, `state`, `object_id`, `problem_id`) VALUES (40,22,'rear','T',916,NULL);
INSERT INTO `RackSpace` (`rack_id`, `unit_no`, `atom`, `state`, `object_id`, `problem_id`) VALUES (42,7,'front','T',918,NULL);
INSERT INTO `RackSpace` (`rack_id`, `unit_no`, `atom`, `state`, `object_id`, `problem_id`) VALUES (42,7,'interior','T',918,NULL);
INSERT INTO `RackSpace` (`rack_id`, `unit_no`, `atom`, `state`, `object_id`, `problem_id`) VALUES (42,7,'rear','T',918,NULL);
INSERT INTO `RackSpace` (`rack_id`, `unit_no`, `atom`, `state`, `object_id`, `problem_id`) VALUES (42,6,'front','T',918,NULL);
INSERT INTO `RackSpace` (`rack_id`, `unit_no`, `atom`, `state`, `object_id`, `problem_id`) VALUES (42,6,'interior','T',918,NULL);
INSERT INTO `RackSpace` (`rack_id`, `unit_no`, `atom`, `state`, `object_id`, `problem_id`) VALUES (42,6,'rear','T',918,NULL);
INSERT INTO `RackSpace` (`rack_id`, `unit_no`, `atom`, `state`, `object_id`, `problem_id`) VALUES (42,5,'front','T',918,NULL);
INSERT INTO `RackSpace` (`rack_id`, `unit_no`, `atom`, `state`, `object_id`, `problem_id`) VALUES (42,5,'interior','T',918,NULL);
INSERT INTO `RackSpace` (`rack_id`, `unit_no`, `atom`, `state`, `object_id`, `problem_id`) VALUES (42,5,'rear','T',918,NULL);
INSERT INTO `RackSpace` (`rack_id`, `unit_no`, `atom`, `state`, `object_id`, `problem_id`) VALUES (42,4,'front','T',918,NULL);
INSERT INTO `RackSpace` (`rack_id`, `unit_no`, `atom`, `state`, `object_id`, `problem_id`) VALUES (42,4,'interior','T',918,NULL);
INSERT INTO `RackSpace` (`rack_id`, `unit_no`, `atom`, `state`, `object_id`, `problem_id`) VALUES (42,4,'rear','T',918,NULL);
INSERT INTO `RackSpace` (`rack_id`, `unit_no`, `atom`, `state`, `object_id`, `problem_id`) VALUES (42,3,'front','T',918,NULL);
INSERT INTO `RackSpace` (`rack_id`, `unit_no`, `atom`, `state`, `object_id`, `problem_id`) VALUES (42,3,'interior','T',918,NULL);
INSERT INTO `RackSpace` (`rack_id`, `unit_no`, `atom`, `state`, `object_id`, `problem_id`) VALUES (42,3,'rear','T',918,NULL);
INSERT INTO `RackSpace` (`rack_id`, `unit_no`, `atom`, `state`, `object_id`, `problem_id`) VALUES (42,13,'front','T',919,NULL);
INSERT INTO `RackSpace` (`rack_id`, `unit_no`, `atom`, `state`, `object_id`, `problem_id`) VALUES (42,13,'interior','T',919,NULL);
INSERT INTO `RackSpace` (`rack_id`, `unit_no`, `atom`, `state`, `object_id`, `problem_id`) VALUES (42,13,'rear','T',919,NULL);
INSERT INTO `RackSpace` (`rack_id`, `unit_no`, `atom`, `state`, `object_id`, `problem_id`) VALUES (42,12,'front','T',919,NULL);
INSERT INTO `RackSpace` (`rack_id`, `unit_no`, `atom`, `state`, `object_id`, `problem_id`) VALUES (42,12,'interior','T',919,NULL);
INSERT INTO `RackSpace` (`rack_id`, `unit_no`, `atom`, `state`, `object_id`, `problem_id`) VALUES (42,12,'rear','T',919,NULL);
INSERT INTO `RackSpace` (`rack_id`, `unit_no`, `atom`, `state`, `object_id`, `problem_id`) VALUES (42,11,'front','T',919,NULL);
INSERT INTO `RackSpace` (`rack_id`, `unit_no`, `atom`, `state`, `object_id`, `problem_id`) VALUES (42,11,'interior','T',919,NULL);
INSERT INTO `RackSpace` (`rack_id`, `unit_no`, `atom`, `state`, `object_id`, `problem_id`) VALUES (42,11,'rear','T',919,NULL);
INSERT INTO `RackSpace` (`rack_id`, `unit_no`, `atom`, `state`, `object_id`, `problem_id`) VALUES (42,10,'front','T',919,NULL);
INSERT INTO `RackSpace` (`rack_id`, `unit_no`, `atom`, `state`, `object_id`, `problem_id`) VALUES (42,10,'interior','T',919,NULL);
INSERT INTO `RackSpace` (`rack_id`, `unit_no`, `atom`, `state`, `object_id`, `problem_id`) VALUES (42,10,'rear','T',919,NULL);
INSERT INTO `RackSpace` (`rack_id`, `unit_no`, `atom`, `state`, `object_id`, `problem_id`) VALUES (42,9,'front','T',919,NULL);
INSERT INTO `RackSpace` (`rack_id`, `unit_no`, `atom`, `state`, `object_id`, `problem_id`) VALUES (42,9,'interior','T',919,NULL);
INSERT INTO `RackSpace` (`rack_id`, `unit_no`, `atom`, `state`, `object_id`, `problem_id`) VALUES (42,9,'rear','T',919,NULL);
INSERT INTO `RackSpace` (`rack_id`, `unit_no`, `atom`, `state`, `object_id`, `problem_id`) VALUES (42,37,'front','T',920,NULL);
INSERT INTO `RackSpace` (`rack_id`, `unit_no`, `atom`, `state`, `object_id`, `problem_id`) VALUES (42,37,'interior','T',920,NULL);
INSERT INTO `RackSpace` (`rack_id`, `unit_no`, `atom`, `state`, `object_id`, `problem_id`) VALUES (42,37,'rear','T',920,NULL);
INSERT INTO `RackSpace` (`rack_id`, `unit_no`, `atom`, `state`, `object_id`, `problem_id`) VALUES (42,36,'front','T',920,NULL);
INSERT INTO `RackSpace` (`rack_id`, `unit_no`, `atom`, `state`, `object_id`, `problem_id`) VALUES (42,36,'interior','T',920,NULL);
INSERT INTO `RackSpace` (`rack_id`, `unit_no`, `atom`, `state`, `object_id`, `problem_id`) VALUES (42,36,'rear','T',920,NULL);
INSERT INTO `RackSpace` (`rack_id`, `unit_no`, `atom`, `state`, `object_id`, `problem_id`) VALUES (42,35,'front','T',920,NULL);
INSERT INTO `RackSpace` (`rack_id`, `unit_no`, `atom`, `state`, `object_id`, `problem_id`) VALUES (42,35,'interior','T',920,NULL);
INSERT INTO `RackSpace` (`rack_id`, `unit_no`, `atom`, `state`, `object_id`, `problem_id`) VALUES (42,35,'rear','T',920,NULL);
INSERT INTO `RackSpace` (`rack_id`, `unit_no`, `atom`, `state`, `object_id`, `problem_id`) VALUES (42,34,'front','T',920,NULL);
INSERT INTO `RackSpace` (`rack_id`, `unit_no`, `atom`, `state`, `object_id`, `problem_id`) VALUES (42,34,'interior','T',920,NULL);
INSERT INTO `RackSpace` (`rack_id`, `unit_no`, `atom`, `state`, `object_id`, `problem_id`) VALUES (42,34,'rear','T',920,NULL);
INSERT INTO `RackSpace` (`rack_id`, `unit_no`, `atom`, `state`, `object_id`, `problem_id`) VALUES (42,33,'front','T',920,NULL);
INSERT INTO `RackSpace` (`rack_id`, `unit_no`, `atom`, `state`, `object_id`, `problem_id`) VALUES (42,33,'interior','T',920,NULL);
INSERT INTO `RackSpace` (`rack_id`, `unit_no`, `atom`, `state`, `object_id`, `problem_id`) VALUES (42,33,'rear','T',920,NULL);
INSERT INTO `RackSpace` (`rack_id`, `unit_no`, `atom`, `state`, `object_id`, `problem_id`) VALUES (42,32,'front','T',920,NULL);
INSERT INTO `RackSpace` (`rack_id`, `unit_no`, `atom`, `state`, `object_id`, `problem_id`) VALUES (42,32,'interior','T',920,NULL);
INSERT INTO `RackSpace` (`rack_id`, `unit_no`, `atom`, `state`, `object_id`, `problem_id`) VALUES (42,32,'rear','T',920,NULL);
INSERT INTO `RackSpace` (`rack_id`, `unit_no`, `atom`, `state`, `object_id`, `problem_id`) VALUES (42,31,'front','T',920,NULL);
INSERT INTO `RackSpace` (`rack_id`, `unit_no`, `atom`, `state`, `object_id`, `problem_id`) VALUES (42,31,'interior','T',920,NULL);
INSERT INTO `RackSpace` (`rack_id`, `unit_no`, `atom`, `state`, `object_id`, `problem_id`) VALUES (42,31,'rear','T',920,NULL);
INSERT INTO `RackSpace` (`rack_id`, `unit_no`, `atom`, `state`, `object_id`, `problem_id`) VALUES (42,30,'front','T',920,NULL);
INSERT INTO `RackSpace` (`rack_id`, `unit_no`, `atom`, `state`, `object_id`, `problem_id`) VALUES (42,30,'interior','T',920,NULL);
INSERT INTO `RackSpace` (`rack_id`, `unit_no`, `atom`, `state`, `object_id`, `problem_id`) VALUES (42,30,'rear','T',920,NULL);
INSERT INTO `RackSpace` (`rack_id`, `unit_no`, `atom`, `state`, `object_id`, `problem_id`) VALUES (42,16,'front','T',921,NULL);
INSERT INTO `RackSpace` (`rack_id`, `unit_no`, `atom`, `state`, `object_id`, `problem_id`) VALUES (42,16,'interior','T',921,NULL);
INSERT INTO `RackSpace` (`rack_id`, `unit_no`, `atom`, `state`, `object_id`, `problem_id`) VALUES (42,16,'rear','T',921,NULL);
INSERT INTO `RackSpace` (`rack_id`, `unit_no`, `atom`, `state`, `object_id`, `problem_id`) VALUES (42,15,'front','T',921,NULL);
INSERT INTO `RackSpace` (`rack_id`, `unit_no`, `atom`, `state`, `object_id`, `problem_id`) VALUES (42,15,'interior','T',921,NULL);
INSERT INTO `RackSpace` (`rack_id`, `unit_no`, `atom`, `state`, `object_id`, `problem_id`) VALUES (42,15,'rear','T',921,NULL);
INSERT INTO `RackSpace` (`rack_id`, `unit_no`, `atom`, `state`, `object_id`, `problem_id`) VALUES (42,18,'front','T',922,NULL);
INSERT INTO `RackSpace` (`rack_id`, `unit_no`, `atom`, `state`, `object_id`, `problem_id`) VALUES (42,18,'interior','T',922,NULL);
INSERT INTO `RackSpace` (`rack_id`, `unit_no`, `atom`, `state`, `object_id`, `problem_id`) VALUES (42,18,'rear','T',922,NULL);
INSERT INTO `RackSpace` (`rack_id`, `unit_no`, `atom`, `state`, `object_id`, `problem_id`) VALUES (42,17,'front','T',922,NULL);
INSERT INTO `RackSpace` (`rack_id`, `unit_no`, `atom`, `state`, `object_id`, `problem_id`) VALUES (42,17,'interior','T',922,NULL);
INSERT INTO `RackSpace` (`rack_id`, `unit_no`, `atom`, `state`, `object_id`, `problem_id`) VALUES (42,17,'rear','T',922,NULL);
INSERT INTO `RackSpace` (`rack_id`, `unit_no`, `atom`, `state`, `object_id`, `problem_id`) VALUES (47,11,'interior','T',926,NULL);
INSERT INTO `RackSpace` (`rack_id`, `unit_no`, `atom`, `state`, `object_id`, `problem_id`) VALUES (47,11,'rear','T',926,NULL);
INSERT INTO `RackSpace` (`rack_id`, `unit_no`, `atom`, `state`, `object_id`, `problem_id`) VALUES (47,1,'front','T',923,NULL);
INSERT INTO `RackSpace` (`rack_id`, `unit_no`, `atom`, `state`, `object_id`, `problem_id`) VALUES (47,1,'interior','T',923,NULL);
INSERT INTO `RackSpace` (`rack_id`, `unit_no`, `atom`, `state`, `object_id`, `problem_id`) VALUES (47,1,'rear','T',923,NULL);
INSERT INTO `RackSpace` (`rack_id`, `unit_no`, `atom`, `state`, `object_id`, `problem_id`) VALUES (47,3,'front','T',924,NULL);
INSERT INTO `RackSpace` (`rack_id`, `unit_no`, `atom`, `state`, `object_id`, `problem_id`) VALUES (47,3,'interior','T',924,NULL);
INSERT INTO `RackSpace` (`rack_id`, `unit_no`, `atom`, `state`, `object_id`, `problem_id`) VALUES (47,3,'rear','T',924,NULL);
INSERT INTO `RackSpace` (`rack_id`, `unit_no`, `atom`, `state`, `object_id`, `problem_id`) VALUES (47,5,'front','T',925,NULL);
INSERT INTO `RackSpace` (`rack_id`, `unit_no`, `atom`, `state`, `object_id`, `problem_id`) VALUES (47,5,'interior','T',925,NULL);
INSERT INTO `RackSpace` (`rack_id`, `unit_no`, `atom`, `state`, `object_id`, `problem_id`) VALUES (47,5,'rear','T',925,NULL);
INSERT INTO `RackSpace` (`rack_id`, `unit_no`, `atom`, `state`, `object_id`, `problem_id`) VALUES (43,12,'interior','T',927,NULL);
INSERT INTO `RackSpace` (`rack_id`, `unit_no`, `atom`, `state`, `object_id`, `problem_id`) VALUES (43,12,'rear','T',927,NULL);
INSERT INTO `RackSpace` (`rack_id`, `unit_no`, `atom`, `state`, `object_id`, `problem_id`) VALUES (43,11,'interior','T',927,NULL);
INSERT INTO `RackSpace` (`rack_id`, `unit_no`, `atom`, `state`, `object_id`, `problem_id`) VALUES (43,11,'rear','T',927,NULL);
INSERT INTO `RackSpace` (`rack_id`, `unit_no`, `atom`, `state`, `object_id`, `problem_id`) VALUES (43,10,'interior','T',927,NULL);
INSERT INTO `RackSpace` (`rack_id`, `unit_no`, `atom`, `state`, `object_id`, `problem_id`) VALUES (43,10,'rear','T',927,NULL);
INSERT INTO `RackSpace` (`rack_id`, `unit_no`, `atom`, `state`, `object_id`, `problem_id`) VALUES (43,2,'front','T',944,NULL);
INSERT INTO `RackSpace` (`rack_id`, `unit_no`, `atom`, `state`, `object_id`, `problem_id`) VALUES (43,2,'interior','T',944,NULL);
INSERT INTO `RackSpace` (`rack_id`, `unit_no`, `atom`, `state`, `object_id`, `problem_id`) VALUES (43,2,'rear','T',944,NULL);
INSERT INTO `RackSpace` (`rack_id`, `unit_no`, `atom`, `state`, `object_id`, `problem_id`) VALUES (43,1,'front','T',944,NULL);
INSERT INTO `RackSpace` (`rack_id`, `unit_no`, `atom`, `state`, `object_id`, `problem_id`) VALUES (43,1,'interior','T',944,NULL);
INSERT INTO `RackSpace` (`rack_id`, `unit_no`, `atom`, `state`, `object_id`, `problem_id`) VALUES (43,1,'rear','T',944,NULL);
INSERT INTO `RackSpace` (`rack_id`, `unit_no`, `atom`, `state`, `object_id`, `problem_id`) VALUES (44,5,'front','T',942,NULL);
INSERT INTO `RackSpace` (`rack_id`, `unit_no`, `atom`, `state`, `object_id`, `problem_id`) VALUES (44,5,'interior','T',942,NULL);
INSERT INTO `RackSpace` (`rack_id`, `unit_no`, `atom`, `state`, `object_id`, `problem_id`) VALUES (44,5,'rear','T',942,NULL);
INSERT INTO `RackSpace` (`rack_id`, `unit_no`, `atom`, `state`, `object_id`, `problem_id`) VALUES (44,4,'front','T',942,NULL);
INSERT INTO `RackSpace` (`rack_id`, `unit_no`, `atom`, `state`, `object_id`, `problem_id`) VALUES (44,4,'interior','T',942,NULL);
INSERT INTO `RackSpace` (`rack_id`, `unit_no`, `atom`, `state`, `object_id`, `problem_id`) VALUES (44,4,'rear','T',942,NULL);
INSERT INTO `RackSpace` (`rack_id`, `unit_no`, `atom`, `state`, `object_id`, `problem_id`) VALUES (44,3,'front','T',942,NULL);
INSERT INTO `RackSpace` (`rack_id`, `unit_no`, `atom`, `state`, `object_id`, `problem_id`) VALUES (44,3,'interior','T',942,NULL);
INSERT INTO `RackSpace` (`rack_id`, `unit_no`, `atom`, `state`, `object_id`, `problem_id`) VALUES (44,3,'rear','T',942,NULL);
INSERT INTO `RackSpace` (`rack_id`, `unit_no`, `atom`, `state`, `object_id`, `problem_id`) VALUES (44,2,'front','T',942,NULL);
INSERT INTO `RackSpace` (`rack_id`, `unit_no`, `atom`, `state`, `object_id`, `problem_id`) VALUES (44,2,'interior','T',942,NULL);
INSERT INTO `RackSpace` (`rack_id`, `unit_no`, `atom`, `state`, `object_id`, `problem_id`) VALUES (44,2,'rear','T',942,NULL);
INSERT INTO `RackSpace` (`rack_id`, `unit_no`, `atom`, `state`, `object_id`, `problem_id`) VALUES (44,1,'front','T',942,NULL);
INSERT INTO `RackSpace` (`rack_id`, `unit_no`, `atom`, `state`, `object_id`, `problem_id`) VALUES (44,1,'interior','T',942,NULL);
INSERT INTO `RackSpace` (`rack_id`, `unit_no`, `atom`, `state`, `object_id`, `problem_id`) VALUES (44,1,'rear','T',942,NULL);
INSERT INTO `RackSpace` (`rack_id`, `unit_no`, `atom`, `state`, `object_id`, `problem_id`) VALUES (46,5,'front','T',943,NULL);
INSERT INTO `RackSpace` (`rack_id`, `unit_no`, `atom`, `state`, `object_id`, `problem_id`) VALUES (46,5,'interior','T',943,NULL);
INSERT INTO `RackSpace` (`rack_id`, `unit_no`, `atom`, `state`, `object_id`, `problem_id`) VALUES (46,5,'rear','T',943,NULL);
INSERT INTO `RackSpace` (`rack_id`, `unit_no`, `atom`, `state`, `object_id`, `problem_id`) VALUES (46,4,'front','T',943,NULL);
INSERT INTO `RackSpace` (`rack_id`, `unit_no`, `atom`, `state`, `object_id`, `problem_id`) VALUES (46,4,'interior','T',943,NULL);
INSERT INTO `RackSpace` (`rack_id`, `unit_no`, `atom`, `state`, `object_id`, `problem_id`) VALUES (46,4,'rear','T',943,NULL);
INSERT INTO `RackSpace` (`rack_id`, `unit_no`, `atom`, `state`, `object_id`, `problem_id`) VALUES (46,3,'front','T',943,NULL);
INSERT INTO `RackSpace` (`rack_id`, `unit_no`, `atom`, `state`, `object_id`, `problem_id`) VALUES (46,3,'interior','T',943,NULL);
INSERT INTO `RackSpace` (`rack_id`, `unit_no`, `atom`, `state`, `object_id`, `problem_id`) VALUES (46,3,'rear','T',943,NULL);
INSERT INTO `RackSpace` (`rack_id`, `unit_no`, `atom`, `state`, `object_id`, `problem_id`) VALUES (46,2,'front','T',943,NULL);
INSERT INTO `RackSpace` (`rack_id`, `unit_no`, `atom`, `state`, `object_id`, `problem_id`) VALUES (46,2,'interior','T',943,NULL);
INSERT INTO `RackSpace` (`rack_id`, `unit_no`, `atom`, `state`, `object_id`, `problem_id`) VALUES (46,2,'rear','T',943,NULL);
INSERT INTO `RackSpace` (`rack_id`, `unit_no`, `atom`, `state`, `object_id`, `problem_id`) VALUES (46,1,'front','T',943,NULL);
INSERT INTO `RackSpace` (`rack_id`, `unit_no`, `atom`, `state`, `object_id`, `problem_id`) VALUES (46,1,'interior','T',943,NULL);
INSERT INTO `RackSpace` (`rack_id`, `unit_no`, `atom`, `state`, `object_id`, `problem_id`) VALUES (46,1,'rear','T',943,NULL);
INSERT INTO `RackSpace` (`rack_id`, `unit_no`, `atom`, `state`, `object_id`, `problem_id`) VALUES (44,6,'front','U',NULL,NULL);
INSERT INTO `RackSpace` (`rack_id`, `unit_no`, `atom`, `state`, `object_id`, `problem_id`) VALUES (44,6,'interior','U',NULL,NULL);
INSERT INTO `RackSpace` (`rack_id`, `unit_no`, `atom`, `state`, `object_id`, `problem_id`) VALUES (44,6,'rear','U',NULL,NULL);
INSERT INTO `RackSpace` (`rack_id`, `unit_no`, `atom`, `state`, `object_id`, `problem_id`) VALUES (46,6,'front','U',NULL,NULL);
INSERT INTO `RackSpace` (`rack_id`, `unit_no`, `atom`, `state`, `object_id`, `problem_id`) VALUES (46,6,'interior','U',NULL,NULL);
INSERT INTO `RackSpace` (`rack_id`, `unit_no`, `atom`, `state`, `object_id`, `problem_id`) VALUES (46,6,'rear','U',NULL,NULL);
INSERT INTO `RackSpace` (`rack_id`, `unit_no`, `atom`, `state`, `object_id`, `problem_id`) VALUES (46,17,'rear','T',954,NULL);
INSERT INTO `RackSpace` (`rack_id`, `unit_no`, `atom`, `state`, `object_id`, `problem_id`) VALUES (45,20,'front','T',953,NULL);
INSERT INTO `RackSpace` (`rack_id`, `unit_no`, `atom`, `state`, `object_id`, `problem_id`) VALUES (41,6,'front','T',952,NULL);
INSERT INTO `RackSpace` (`rack_id`, `unit_no`, `atom`, `state`, `object_id`, `problem_id`) VALUES (40,1,'rear','T',949,NULL);
INSERT INTO `RackSpace` (`rack_id`, `unit_no`, `atom`, `state`, `object_id`, `problem_id`) VALUES (46,37,'rear','T',931,NULL);
INSERT INTO `RackSpace` (`rack_id`, `unit_no`, `atom`, `state`, `object_id`, `problem_id`) VALUES (46,37,'interior','T',931,NULL);
INSERT INTO `RackSpace` (`rack_id`, `unit_no`, `atom`, `state`, `object_id`, `problem_id`) VALUES (46,40,'rear','T',929,NULL);
INSERT INTO `RackSpace` (`rack_id`, `unit_no`, `atom`, `state`, `object_id`, `problem_id`) VALUES (46,40,'interior','T',929,NULL);
INSERT INTO `RackSpace` (`rack_id`, `unit_no`, `atom`, `state`, `object_id`, `problem_id`) VALUES (46,15,'rear','T',941,NULL);
INSERT INTO `RackSpace` (`rack_id`, `unit_no`, `atom`, `state`, `object_id`, `problem_id`) VALUES (46,15,'interior','T',941,NULL);
INSERT INTO `RackSpace` (`rack_id`, `unit_no`, `atom`, `state`, `object_id`, `problem_id`) VALUES (46,15,'front','T',941,NULL);
INSERT INTO `RackSpace` (`rack_id`, `unit_no`, `atom`, `state`, `object_id`, `problem_id`) VALUES (46,13,'front','T',939,NULL);
INSERT INTO `RackSpace` (`rack_id`, `unit_no`, `atom`, `state`, `object_id`, `problem_id`) VALUES (46,11,'rear','T',937,NULL);
INSERT INTO `RackSpace` (`rack_id`, `unit_no`, `atom`, `state`, `object_id`, `problem_id`) VALUES (46,11,'interior','T',937,NULL);
INSERT INTO `RackSpace` (`rack_id`, `unit_no`, `atom`, `state`, `object_id`, `problem_id`) VALUES (46,9,'interior','T',935,NULL);
INSERT INTO `RackSpace` (`rack_id`, `unit_no`, `atom`, `state`, `object_id`, `problem_id`) VALUES (46,7,'interior','T',933,NULL);
INSERT INTO `RackSpace` (`rack_id`, `unit_no`, `atom`, `state`, `object_id`, `problem_id`) VALUES (47,16,'rear','T',946,NULL);
INSERT INTO `RackSpace` (`rack_id`, `unit_no`, `atom`, `state`, `object_id`, `problem_id`) VALUES (44,38,'rear','T',930,NULL);
INSERT INTO `RackSpace` (`rack_id`, `unit_no`, `atom`, `state`, `object_id`, `problem_id`) VALUES (44,40,'interior','T',928,NULL);
INSERT INTO `RackSpace` (`rack_id`, `unit_no`, `atom`, `state`, `object_id`, `problem_id`) VALUES (44,15,'rear','T',940,NULL);
INSERT INTO `RackSpace` (`rack_id`, `unit_no`, `atom`, `state`, `object_id`, `problem_id`) VALUES (44,13,'rear','T',938,NULL);
INSERT INTO `RackSpace` (`rack_id`, `unit_no`, `atom`, `state`, `object_id`, `problem_id`) VALUES (44,11,'rear','T',936,NULL);
INSERT INTO `RackSpace` (`rack_id`, `unit_no`, `atom`, `state`, `object_id`, `problem_id`) VALUES (44,9,'rear','T',934,NULL);
INSERT INTO `RackSpace` (`rack_id`, `unit_no`, `atom`, `state`, `object_id`, `problem_id`) VALUES (44,7,'rear','T',932,NULL);
INSERT INTO `RackSpace` (`rack_id`, `unit_no`, `atom`, `state`, `object_id`, `problem_id`) VALUES (41,12,'rear','A',NULL,NULL);
INSERT INTO `RackSpace` (`rack_id`, `unit_no`, `atom`, `state`, `object_id`, `problem_id`) VALUES (41,11,'rear','A',NULL,NULL);
INSERT INTO `RackSpace` (`rack_id`, `unit_no`, `atom`, `state`, `object_id`, `problem_id`) VALUES (41,10,'rear','A',NULL,NULL);
INSERT INTO `RackSpace` (`rack_id`, `unit_no`, `atom`, `state`, `object_id`, `problem_id`) VALUES (41,9,'rear','A',NULL,NULL);
INSERT INTO `RackSpace` (`rack_id`, `unit_no`, `atom`, `state`, `object_id`, `problem_id`) VALUES (41,8,'rear','A',NULL,NULL);
INSERT INTO `RackSpace` (`rack_id`, `unit_no`, `atom`, `state`, `object_id`, `problem_id`) VALUES (41,7,'rear','A',NULL,NULL);
INSERT INTO `RackSpace` (`rack_id`, `unit_no`, `atom`, `state`, `object_id`, `problem_id`) VALUES (41,6,'rear','A',NULL,NULL);
INSERT INTO `RackSpace` (`rack_id`, `unit_no`, `atom`, `state`, `object_id`, `problem_id`) VALUES (41,5,'rear','A',NULL,NULL);
INSERT INTO `RackSpace` (`rack_id`, `unit_no`, `atom`, `state`, `object_id`, `problem_id`) VALUES (41,4,'rear','A',NULL,NULL);
INSERT INTO `RackSpace` (`rack_id`, `unit_no`, `atom`, `state`, `object_id`, `problem_id`) VALUES (41,3,'rear','A',NULL,NULL);
INSERT INTO `RackSpace` (`rack_id`, `unit_no`, `atom`, `state`, `object_id`, `problem_id`) VALUES (41,2,'rear','A',NULL,NULL);
INSERT INTO `RackSpace` (`rack_id`, `unit_no`, `atom`, `state`, `object_id`, `problem_id`) VALUES (41,1,'rear','A',NULL,NULL);
INSERT INTO `RackSpace` (`rack_id`, `unit_no`, `atom`, `state`, `object_id`, `problem_id`) VALUES (47,9,'rear','T',955,NULL);
INSERT INTO `RackSpace` (`rack_id`, `unit_no`, `atom`, `state`, `object_id`, `problem_id`) VALUES (44,17,'rear','T',951,NULL);
INSERT INTO `RackSpace` (`rack_id`, `unit_no`, `atom`, `state`, `object_id`, `problem_id`) VALUES (43,9,'rear','T',948,NULL);
INSERT INTO `RackSpace` (`rack_id`, `unit_no`, `atom`, `state`, `object_id`, `problem_id`) VALUES (42,14,'rear','T',950,NULL);
INSERT INTO `RackSpace` (`rack_id`, `unit_no`, `atom`, `state`, `object_id`, `problem_id`) VALUES (42,2,'rear','T',947,NULL);
INSERT INTO `RackSpace` (`rack_id`, `unit_no`, `atom`, `state`, `object_id`, `problem_id`) VALUES (46,38,'rear','T',931,NULL);
INSERT INTO `RackSpace` (`rack_id`, `unit_no`, `atom`, `state`, `object_id`, `problem_id`) VALUES (46,38,'interior','T',931,NULL);
INSERT INTO `RackSpace` (`rack_id`, `unit_no`, `atom`, `state`, `object_id`, `problem_id`) VALUES (46,41,'rear','T',929,NULL);
INSERT INTO `RackSpace` (`rack_id`, `unit_no`, `atom`, `state`, `object_id`, `problem_id`) VALUES (46,41,'interior','T',929,NULL);
INSERT INTO `RackSpace` (`rack_id`, `unit_no`, `atom`, `state`, `object_id`, `problem_id`) VALUES (46,13,'rear','T',939,NULL);
INSERT INTO `RackSpace` (`rack_id`, `unit_no`, `atom`, `state`, `object_id`, `problem_id`) VALUES (46,13,'interior','T',939,NULL);
INSERT INTO `RackSpace` (`rack_id`, `unit_no`, `atom`, `state`, `object_id`, `problem_id`) VALUES (46,11,'front','T',937,NULL);
INSERT INTO `RackSpace` (`rack_id`, `unit_no`, `atom`, `state`, `object_id`, `problem_id`) VALUES (46,9,'rear','T',935,NULL);
INSERT INTO `RackSpace` (`rack_id`, `unit_no`, `atom`, `state`, `object_id`, `problem_id`) VALUES (46,9,'front','T',935,NULL);
INSERT INTO `RackSpace` (`rack_id`, `unit_no`, `atom`, `state`, `object_id`, `problem_id`) VALUES (46,7,'rear','T',933,NULL);
INSERT INTO `RackSpace` (`rack_id`, `unit_no`, `atom`, `state`, `object_id`, `problem_id`) VALUES (46,7,'front','T',933,NULL);
INSERT INTO `RackSpace` (`rack_id`, `unit_no`, `atom`, `state`, `object_id`, `problem_id`) VALUES (43,13,'rear','T',945,NULL);
INSERT INTO `RackSpace` (`rack_id`, `unit_no`, `atom`, `state`, `object_id`, `problem_id`) VALUES (44,37,'rear','T',930,NULL);
INSERT INTO `RackSpace` (`rack_id`, `unit_no`, `atom`, `state`, `object_id`, `problem_id`) VALUES (44,37,'interior','T',930,NULL);
INSERT INTO `RackSpace` (`rack_id`, `unit_no`, `atom`, `state`, `object_id`, `problem_id`) VALUES (44,38,'interior','T',930,NULL);
INSERT INTO `RackSpace` (`rack_id`, `unit_no`, `atom`, `state`, `object_id`, `problem_id`) VALUES (44,40,'rear','T',928,NULL);
INSERT INTO `RackSpace` (`rack_id`, `unit_no`, `atom`, `state`, `object_id`, `problem_id`) VALUES (44,41,'rear','T',928,NULL);
INSERT INTO `RackSpace` (`rack_id`, `unit_no`, `atom`, `state`, `object_id`, `problem_id`) VALUES (44,41,'interior','T',928,NULL);
INSERT INTO `RackSpace` (`rack_id`, `unit_no`, `atom`, `state`, `object_id`, `problem_id`) VALUES (44,15,'interior','T',940,NULL);
INSERT INTO `RackSpace` (`rack_id`, `unit_no`, `atom`, `state`, `object_id`, `problem_id`) VALUES (44,15,'front','T',940,NULL);
INSERT INTO `RackSpace` (`rack_id`, `unit_no`, `atom`, `state`, `object_id`, `problem_id`) VALUES (44,13,'interior','T',938,NULL);
INSERT INTO `RackSpace` (`rack_id`, `unit_no`, `atom`, `state`, `object_id`, `problem_id`) VALUES (44,13,'front','T',938,NULL);
INSERT INTO `RackSpace` (`rack_id`, `unit_no`, `atom`, `state`, `object_id`, `problem_id`) VALUES (44,11,'interior','T',936,NULL);
INSERT INTO `RackSpace` (`rack_id`, `unit_no`, `atom`, `state`, `object_id`, `problem_id`) VALUES (44,11,'front','T',936,NULL);
INSERT INTO `RackSpace` (`rack_id`, `unit_no`, `atom`, `state`, `object_id`, `problem_id`) VALUES (44,9,'interior','T',934,NULL);
INSERT INTO `RackSpace` (`rack_id`, `unit_no`, `atom`, `state`, `object_id`, `problem_id`) VALUES (44,9,'front','T',934,NULL);
INSERT INTO `RackSpace` (`rack_id`, `unit_no`, `atom`, `state`, `object_id`, `problem_id`) VALUES (44,7,'interior','T',932,NULL);
INSERT INTO `RackSpace` (`rack_id`, `unit_no`, `atom`, `state`, `object_id`, `problem_id`) VALUES (44,7,'front','T',932,NULL);
INSERT INTO `RackSpace` (`rack_id`, `unit_no`, `atom`, `state`, `object_id`, `problem_id`) VALUES (41,2,'front','T',917,NULL);
INSERT INTO `RackSpace` (`rack_id`, `unit_no`, `atom`, `state`, `object_id`, `problem_id`) VALUES (41,2,'interior','T',917,NULL);
INSERT INTO `RackSpace` (`rack_id`, `unit_no`, `atom`, `state`, `object_id`, `problem_id`) VALUES (41,1,'front','T',917,NULL);
INSERT INTO `RackSpace` (`rack_id`, `unit_no`, `atom`, `state`, `object_id`, `problem_id`) VALUES (41,1,'interior','T',917,NULL);
/*!40000 ALTER TABLE `RackSpace` ENABLE KEYS */;
UNLOCK TABLES;

