
/*!40101 SET @OLD_CHARACTER_SET_CLIENT=@@CHARACTER_SET_CLIENT */;
/*!40101 SET @OLD_CHARACTER_SET_RESULTS=@@CHARACTER_SET_RESULTS */;
/*!40101 SET @OLD_COLLATION_CONNECTION=@@COLLATION_CONNECTION */;
/*!40101 SET NAMES utf8 */;
/*!40103 SET @OLD_TIME_ZONE=@@TIME_ZONE */;
/*!40103 SET TIME_ZONE='+00:00' */;
/*!40014 SET @OLD_UNIQUE_CHECKS=@@UNIQUE_CHECKS, UNIQUE_CHECKS=0 */;
/*!40014 SET @OLD_FOREIGN_KEY_CHECKS=@@FOREIGN_KEY_CHECKS, FOREIGN_KEY_CHECKS=0 */;
/*!40101 SET @OLD_SQL_MODE=@@SQL_MODE, SQL_MODE='NO_AUTO_VALUE_ON_ZERO' */;
/*!40111 SET @OLD_SQL_NOTES=@@SQL_NOTES, SQL_NOTES=0 */;
DROP TABLE IF EXISTS `Atom`;
/*!40101 SET @saved_cs_client     = @@character_set_client */;
/*!40101 SET character_set_client = utf8 */;
CREATE TABLE `Atom` (
  `molecule_id` int(10) unsigned DEFAULT NULL,
  `rack_id` int(10) unsigned DEFAULT NULL,
  `unit_no` int(10) unsigned DEFAULT NULL,
  `atom` enum('front','interior','rear') DEFAULT NULL
) ENGINE=InnoDB DEFAULT CHARSET=utf8;
/*!40101 SET character_set_client = @saved_cs_client */;

LOCK TABLES `Atom` WRITE;
/*!40000 ALTER TABLE `Atom` DISABLE KEYS */;
/*!40000 ALTER TABLE `Atom` ENABLE KEYS */;
UNLOCK TABLES;
DROP TABLE IF EXISTS `Attribute`;
/*!40101 SET @saved_cs_client     = @@character_set_client */;
/*!40101 SET character_set_client = utf8 */;
CREATE TABLE `Attribute` (
  `id` int(10) unsigned NOT NULL AUTO_INCREMENT,
  `type` enum('string','uint','float','dict') DEFAULT NULL,
  `name` char(64) DEFAULT NULL,
  PRIMARY KEY (`id`),
  UNIQUE KEY `name` (`name`)
) ENGINE=MyISAM AUTO_INCREMENT=10000 DEFAULT CHARSET=utf8;
/*!40101 SET character_set_client = @saved_cs_client */;

LOCK TABLES `Attribute` WRITE;
/*!40000 ALTER TABLE `Attribute` DISABLE KEYS */;
INSERT INTO `Attribute` VALUES (1,'string','OEM S/N 1'),(2,'dict','HW type'),(3,'string','FQDN'),(4,'dict','SW type'),(5,'string','SW version'),(6,'uint','number of ports'),(7,'float','max. current, Ampers'),(8,'float','power load, percents'),(14,'string','contact person'),(13,'float','max power, Watts'),(16,'uint','flash memory, MB'),(17,'uint','DRAM, MB'),(18,'uint','CPU, MHz'),(20,'string','OEM S/N 2'),(21,'string','support contract expiration'),(22,'string','HW warranty expiration'),(24,'string','SW warranty expiration'),(25,'string','UUID'),(26,'dict','Hypervisor');
/*!40000 ALTER TABLE `Attribute` ENABLE KEYS */;
UNLOCK TABLES;
DROP TABLE IF EXISTS `AttributeMap`;
/*!40101 SET @saved_cs_client     = @@character_set_client */;
/*!40101 SET character_set_client = utf8 */;
CREATE TABLE `AttributeMap` (
  `objtype_id` int(10) unsigned NOT NULL DEFAULT '1',
  `attr_id` int(10) unsigned NOT NULL DEFAULT '1',
  `chapter_id` int(10) unsigned DEFAULT NULL,
  UNIQUE KEY `objtype_id` (`objtype_id`,`attr_id`)
) ENGINE=InnoDB DEFAULT CHARSET=utf8;
/*!40101 SET character_set_client = @saved_cs_client */;

LOCK TABLES `AttributeMap` WRITE;
/*!40000 ALTER TABLE `AttributeMap` DISABLE KEYS */;
INSERT INTO `AttributeMap` VALUES (2,1,NULL),(2,2,27),(2,3,NULL),(2,5,NULL),(4,1,NULL),(4,2,11),(4,3,NULL),(4,4,13),(4,14,NULL),(4,21,NULL),(4,22,NULL),(4,24,NULL),(4,25,NULL),(4,26,29),(5,1,NULL),(5,2,18),(6,1,NULL),(6,2,19),(6,20,NULL),(7,1,NULL),(7,2,17),(7,3,NULL),(7,4,16),(7,5,NULL),(7,14,NULL),(7,16,NULL),(7,17,NULL),(7,18,NULL),(7,21,NULL),(7,22,NULL),(7,24,NULL),(8,1,NULL),(8,2,12),(8,3,NULL),(8,4,14),(8,5,NULL),(8,14,NULL),(8,16,NULL),(8,17,NULL),(8,18,NULL),(8,20,NULL),(8,21,NULL),(8,22,NULL),(8,24,NULL),(9,6,NULL),(12,1,NULL),(12,3,NULL),(12,7,NULL),(12,8,NULL),(12,13,NULL),(12,20,NULL),(15,2,23),(445,1,NULL),(445,2,21),(445,3,NULL),(445,5,NULL),(445,14,NULL),(445,22,NULL),(447,1,NULL),(447,2,22),(447,3,NULL),(447,5,NULL),(447,14,NULL),(447,22,NULL),(798,1,NULL),(798,2,24),(798,3,NULL),(798,5,NULL),(798,14,NULL),(798,16,NULL),(798,17,NULL),(798,18,NULL),(798,20,NULL),(798,21,NULL),(798,22,NULL),(798,24,NULL),(965,1,NULL),(965,2,25),(965,3,NULL),(1055,2,26),(1323,1,NULL),(1323,2,28),(1323,3,NULL),(1323,5,NULL),(1502,1,NULL),(1502,2,31),(1502,3,NULL),(1502,14,NULL),(1502,20,NULL),(1502,21,NULL),(1502,22,NULL),(1503,1,NULL),(1503,2,30),(1503,3,NULL),(1503,4,14),(1503,5,NULL),(1503,14,NULL),(1503,16,NULL),(1503,17,NULL),(1503,18,NULL),(1503,20,NULL),(1503,21,NULL),(1503,22,NULL),(1503,24,NULL),(1504,3,NULL),(1504,4,13),(1504,14,NULL),(1504,24,NULL),(1505,14,NULL),(1506,14,NULL),(1506,17,NULL),(1506,18,NULL),(1507,1,NULL),(1507,2,32),(1507,3,NULL),(1507,4,33),(1507,5,NULL),(1507,14,NULL),(1507,20,NULL),(1507,21,NULL),(1507,22,NULL);
/*!40000 ALTER TABLE `AttributeMap` ENABLE KEYS */;
UNLOCK TABLES;
DROP TABLE IF EXISTS `AttributeValue`;
/*!40101 SET @saved_cs_client     = @@character_set_client */;
/*!40101 SET character_set_client = utf8 */;
CREATE TABLE `AttributeValue` (
  `object_id` int(10) unsigned DEFAULT NULL,
  `attr_id` int(10) unsigned DEFAULT NULL,
  `string_value` char(128) DEFAULT NULL,
  `uint_value` int(10) unsigned DEFAULT NULL,
  `float_value` float DEFAULT NULL,
  UNIQUE KEY `object_id` (`object_id`,`attr_id`),
  CONSTRAINT `AttributeValue-FK-object_id` FOREIGN KEY (`object_id`) REFERENCES `RackObject` (`id`) ON DELETE CASCADE
) ENGINE=InnoDB DEFAULT CHARSET=utf8;
/*!40101 SET character_set_client = @saved_cs_client */;

LOCK TABLES `AttributeValue` WRITE;
/*!40000 ALTER TABLE `AttributeValue` DISABLE KEYS */;
INSERT INTO `AttributeValue` VALUES (905,2,NULL,269,NULL),(906,2,NULL,165,NULL),(915,2,NULL,118,NULL),(915,4,NULL,245,NULL),(917,2,NULL,267,NULL),(916,2,NULL,320,NULL),(910,2,NULL,57,NULL),(910,4,NULL,220,NULL),(911,4,NULL,220,NULL),(911,2,NULL,57,NULL),(912,4,NULL,220,NULL),(912,2,NULL,57,NULL),(913,2,NULL,57,NULL),(913,4,NULL,220,NULL),(914,2,NULL,57,NULL),(914,4,NULL,220,NULL),(918,2,NULL,88,NULL),(918,4,NULL,220,NULL),(919,2,NULL,88,NULL),(919,4,NULL,220,NULL),(920,2,NULL,326,NULL),(921,2,NULL,318,NULL),(922,2,NULL,318,NULL),(923,2,NULL,102,NULL),(923,4,NULL,233,NULL),(926,2,NULL,126,NULL),(926,4,NULL,244,NULL),(925,2,NULL,102,NULL),(925,4,NULL,233,NULL),(924,2,NULL,102,NULL),(924,4,NULL,233,NULL),(907,2,NULL,269,NULL),(907,4,NULL,258,NULL),(927,2,NULL,269,NULL),(927,4,NULL,258,NULL),(956,2,NULL,62,NULL),(956,4,NULL,791,NULL),(957,2,NULL,62,NULL),(957,4,NULL,791,NULL),(958,2,NULL,62,NULL),(958,4,NULL,791,NULL),(959,2,NULL,62,NULL),(959,4,NULL,791,NULL),(960,2,NULL,62,NULL),(960,4,NULL,791,NULL),(961,2,NULL,755,NULL),(962,2,NULL,470,NULL);
/*!40000 ALTER TABLE `AttributeValue` ENABLE KEYS */;
UNLOCK TABLES;
DROP TABLE IF EXISTS `CachedPAV`;
/*!40101 SET @saved_cs_client     = @@character_set_client */;
/*!40101 SET character_set_client = utf8 */;
CREATE TABLE `CachedPAV` (
  `object_id` int(10) unsigned NOT NULL,
  `port_name` char(255) NOT NULL,
  `vlan_id` int(10) unsigned NOT NULL DEFAULT '0',
  PRIMARY KEY (`object_id`,`port_name`,`vlan_id`),
  KEY `vlan_id` (`vlan_id`),
  CONSTRAINT `CachedPAV-FK-object-port` FOREIGN KEY (`object_id`, `port_name`) REFERENCES `CachedPVM` (`object_id`, `port_name`) ON DELETE CASCADE,
  CONSTRAINT `CachedPAV-FK-vlan_id` FOREIGN KEY (`vlan_id`) REFERENCES `VLANValidID` (`vlan_id`)
) ENGINE=InnoDB DEFAULT CHARSET=utf8;
/*!40101 SET character_set_client = @saved_cs_client */;

LOCK TABLES `CachedPAV` WRITE;
/*!40000 ALTER TABLE `CachedPAV` DISABLE KEYS */;
/*!40000 ALTER TABLE `CachedPAV` ENABLE KEYS */;
UNLOCK TABLES;
DROP TABLE IF EXISTS `CachedPNV`;
/*!40101 SET @saved_cs_client     = @@character_set_client */;
/*!40101 SET character_set_client = utf8 */;
CREATE TABLE `CachedPNV` (
  `object_id` int(10) unsigned NOT NULL,
  `port_name` char(255) NOT NULL,
  `vlan_id` int(10) unsigned NOT NULL DEFAULT '0',
  PRIMARY KEY (`object_id`,`port_name`,`vlan_id`),
  UNIQUE KEY `port_id` (`object_id`,`port_name`),
  CONSTRAINT `CachedPNV-FK-compound` FOREIGN KEY (`object_id`, `port_name`, `vlan_id`) REFERENCES `CachedPAV` (`object_id`, `port_name`, `vlan_id`) ON DELETE CASCADE
) ENGINE=InnoDB DEFAULT CHARSET=utf8;
/*!40101 SET character_set_client = @saved_cs_client */;

LOCK TABLES `CachedPNV` WRITE;
/*!40000 ALTER TABLE `CachedPNV` DISABLE KEYS */;
/*!40000 ALTER TABLE `CachedPNV` ENABLE KEYS */;
UNLOCK TABLES;
DROP TABLE IF EXISTS `CachedPVM`;
/*!40101 SET @saved_cs_client     = @@character_set_client */;
/*!40101 SET character_set_client = utf8 */;
CREATE TABLE `CachedPVM` (
  `object_id` int(10) unsigned NOT NULL,
  `port_name` char(255) NOT NULL,
  `vlan_mode` enum('access','trunk') NOT NULL DEFAULT 'access',
  PRIMARY KEY (`object_id`,`port_name`),
  CONSTRAINT `CachedPVM-FK-object_id` FOREIGN KEY (`object_id`) REFERENCES `RackObject` (`id`) ON DELETE CASCADE
) ENGINE=InnoDB DEFAULT CHARSET=utf8;
/*!40101 SET character_set_client = @saved_cs_client */;

LOCK TABLES `CachedPVM` WRITE;
/*!40000 ALTER TABLE `CachedPVM` DISABLE KEYS */;
/*!40000 ALTER TABLE `CachedPVM` ENABLE KEYS */;
UNLOCK TABLES;
DROP TABLE IF EXISTS `Chapter`;
/*!40101 SET @saved_cs_client     = @@character_set_client */;
/*!40101 SET character_set_client = utf8 */;
CREATE TABLE `Chapter` (
  `id` int(10) unsigned NOT NULL AUTO_INCREMENT,
  `sticky` enum('yes','no') DEFAULT 'no',
  `name` char(128) NOT NULL,
  PRIMARY KEY (`id`),
  UNIQUE KEY `name` (`name`)
) ENGINE=MyISAM AUTO_INCREMENT=10000 DEFAULT CHARSET=utf8;
/*!40101 SET character_set_client = @saved_cs_client */;

LOCK TABLES `Chapter` WRITE;
/*!40000 ALTER TABLE `Chapter` DISABLE KEYS */;
INSERT INTO `Chapter` VALUES (1,'yes','RackObjectType'),(2,'yes','PortOuterInterface'),(11,'no','server models'),(12,'no','network switch models'),(13,'no','server OS type'),(14,'no','switch OS type'),(16,'no','router OS type'),(17,'no','router models'),(18,'no','disk array models'),(19,'no','tape library models'),(21,'no','KVM switch models'),(22,'no','multiplexer models'),(23,'no','console models'),(24,'no','network security models'),(25,'no','wireless models'),(26,'no','fibre channel switch models'),(27,'no','PDU models'),(28,'no','Voice/video hardware'),(29,'no','Yes/No'),(30,'no','network chassis models'),(31,'no','server chassis models'),(32,'no','virtual switch models'),(33,'no','virtual switch OS type');
/*!40000 ALTER TABLE `Chapter` ENABLE KEYS */;
UNLOCK TABLES;
DROP TABLE IF EXISTS `Config`;
/*!40101 SET @saved_cs_client     = @@character_set_client */;
/*!40101 SET character_set_client = utf8 */;
CREATE TABLE `Config` (
  `varname` char(32) NOT NULL,
  `varvalue` char(255) NOT NULL,
  `vartype` enum('string','uint') NOT NULL DEFAULT 'string',
  `emptyok` enum('yes','no') NOT NULL DEFAULT 'no',
  `is_hidden` enum('yes','no') NOT NULL DEFAULT 'yes',
  `is_userdefined` enum('yes','no') NOT NULL DEFAULT 'no',
  `description` text,
  PRIMARY KEY (`varname`)
) ENGINE=InnoDB DEFAULT CHARSET=utf8;
/*!40101 SET character_set_client = @saved_cs_client */;

LOCK TABLES `Config` WRITE;
/*!40000 ALTER TABLE `Config` DISABLE KEYS */;
INSERT INTO `Config` VALUES ('8021Q_DEPLOY_MAXAGE','3600','uint','no','no','no','802.1Q deploy maximum age'),('8021Q_DEPLOY_MINAGE','300','uint','no','no','no','802.1Q deploy minimum age'),('8021Q_DEPLOY_RETRY','10800','uint','no','no','no','802.1Q deploy retry timer'),('8021Q_INSTANT_DEPLOY','no','string','no','no','yes','802.1Q: instant deploy'),('8021Q_WRI_AFTER_CONFT_LISTSRC','false','string','no','no','no','802.1Q: save device configuration after deploy (RackCode)'),('ADDNEW_AT_TOP','yes','string','no','no','yes','Render \"add new\" line at top of the list'),('ASSETWARN_LISTSRC','{$typeid_4} or {$typeid_7} or {$typeid_8}','string','yes','no','no','List source: object, for which asset tag should be set'),('AUTOPORTS_CONFIG','4 = 1*33*kvm + 2*24*eth%u;15 = 1*446*kvm','string','yes','no','no','AutoPorts configuration'),('CDP_RUNNERS_LISTSRC','','string','yes','no','no','List of devices running CDP'),('color_A','bfbfbf','string','no','yes','no','HSV: 0-0-75. Absent atoms.'),('color_F','8fbfbf','string','no','yes','no','HSV: 180-25-75. Free atoms, they are available for allocation to objects.'),('color_T','408080','string','no','yes','no','HSV: 180-50-50. Taken atoms, object_id should be set for such.'),('color_Th','80ffff','string','no','yes','no','HSV: 180-50-100. Taken atoms with highlight. They are not stored in the database and are only used for highlighting.'),('color_Thw','ff8080','string','no','yes','no','HSV: 0-50-100. An object can be both current and problematic. We run highlightObject() first and markupObjectProblems() second.'),('color_Tw','804040','string','no','yes','no','HSV: 0-50-50. Taken atoms with object problem. This is detected at runtime.'),('color_U','bf8f8f','string','no','yes','no','HSV: 0-25-75. Unusable atoms. Some problems keep them from being free.'),('DB_VERSION','0.19.0','string','no','yes','no','Database version.'),('DEFAULT_IPV4_RS_INSERVICE','no','string','no','no','yes','Inservice status for new SLB real servers'),('DEFAULT_OBJECT_TYPE','4','uint','yes','no','yes','Default object type for new objects'),('DEFAULT_PORT_IIF_ID','1','uint','no','no','no','Default port inner interface ID'),('DEFAULT_PORT_OIF_IDS','1=24; 3=1078; 4=1077; 5=1079; 6=1080; 8=1082; 9=1084','string','no','no','no','Default port outer interface IDs'),('DEFAULT_RACK_HEIGHT','42','uint','yes','no','yes','Default rack height'),('DEFAULT_SLB_RS_PORT','','uint','yes','no','yes','Default port of SLB real server'),('DEFAULT_SLB_VS_PORT','','uint','yes','no','yes','Default port of SLB virtual service'),('DEFAULT_SNMP_COMMUNITY','public','string','no','no','no','Default SNMP Community string'),('DEFAULT_VDOM_ID','','uint','yes','no','yes','Default VLAN domain ID'),('DEFAULT_VST_ID','','uint','yes','no','yes','Default VLAN switch template ID'),('DETECT_URLS','no','string','yes','no','yes','Detect URLs in text fields'),('ENABLE_BULKPORT_FORM','yes','string','no','no','yes','Enable \"Bulk Port\" form'),('ENABLE_MULTIPORT_FORM','no','string','no','no','no','Enable \"Add/update multiple ports\" form'),('enterprise','MyCompanyName','string','no','no','no','Organization name'),('EXT_IPV4_VIEW','yes','string','no','no','yes','Extended IPv4 view'),('FILTER_DEFAULT_ANDOR','or','string','no','no','no','Default list filter boolean operation (or/and)'),('FILTER_PREDICATE_SIEVE','','string','yes','no','no','Predicate sieve regex(7)'),('FILTER_SUGGEST_ANDOR','yes','string','no','no','no','Suggest and/or selector in list filter'),('FILTER_SUGGEST_EXTRA','no','string','no','no','no','Suggest extra expression in list filter'),('FILTER_SUGGEST_PREDICATES','yes','string','no','no','no','Suggest predicates in list filter'),('FILTER_SUGGEST_TAGS','yes','string','no','no','no','Suggest tags in list filter'),('HNDP_RUNNERS_LISTSRC','','string','yes','no','no','List of devices running HNDP (RackCode)'),('IPV4LB_LISTSRC','{$typeid_4}','string','yes','no','no','List source: IPv4 load balancers'),('IPV4NAT_LISTSRC','{$typeid_4} or {$typeid_7} or {$typeid_8} or {$typeid_798}','string','yes','no','no','List source: IPv4 NAT performers'),('IPV4OBJ_LISTSRC','{$typeid_4} or {$typeid_7} or {$typeid_8} or {$typeid_12} or {$typeid_445} or {$typeid_447} or {$typeid_798} or {$typeid_1502} or {$typeid_1503} or {$typeid_1504} or {$typeid_1507}','string','yes','no','no','List source: IPv4-enabled objects'),('IPV4_ADDRS_PER_PAGE','256','uint','no','no','yes','IPv4 addresses per page'),('IPV4_AUTO_RELEASE','1','uint','no','no','yes','Auto-release IPv4 addresses on allocation'),('IPV4_ENABLE_KNIGHT','yes','string','no','no','no','Enable IPv4 knight feature'),('IPV4_JAYWALK','no','string','no','no','no','Enable IPv4 address allocations w/o covering network'),('IPV4_TREE_RTR_AS_CELL','yes','string','no','no','no','Show full router info for each network in IPv4 tree view'),('IPV4_TREE_SHOW_USAGE','yes','string','no','no','yes','Show address usage in IPv4 tree'),('IPV4_TREE_SHOW_VLAN','yes','string','no','no','yes','Show VLAN for each network in IPv4 tree'),('LLDP_RUNNERS_LISTSRC','','string','yes','no','no','List of devices running LLDP'),('MASSCOUNT','8','uint','no','no','yes','&quot;Fast&quot; form is this many records tall'),('MAXSELSIZE','30','uint','no','no','yes','&lt;SELECT&gt; lists height'),('MAX_UNFILTERED_ENTITIES','0','uint','no','no','yes','Max item count to display on unfiltered result page'),('NAMEWARN_LISTSRC','{$typeid_4} or {$typeid_7} or {$typeid_8}','string','yes','no','no','List source: object, for which common name should be set'),('PORTS_PER_ROW','12','uint','no','no','yes','Ports per row in VLANs tab'),('PORT_EXCLUSION_LISTSRC','{$typeid_3} or {$typeid_10} or {$typeid_11} or {$typeid_1505} or {$typeid_1506}','string','yes','no','no','List source: objects without ports'),('PREVIEW_IMAGE_MAXPXS','320','uint','yes','no','yes','Max pixels per axis for image file preview'),('PREVIEW_TEXT_COLS','80','uint','yes','no','yes','Columns for text file preview'),('PREVIEW_TEXT_MAXCHARS','10240','uint','yes','no','yes','Max chars for text file preview'),('PREVIEW_TEXT_ROWS','25','uint','yes','no','yes','Rows for text file preview'),('PROXIMITY_RANGE','0','uint','yes','no','no','Proximity range (0 is current rack only)'),('RACKS_PER_ROW','12','uint','yes','no','yes','Racks per row'),('RACK_PRESELECT_THRESHOLD','1','uint','no','no','yes','Rack pre-selection threshold'),('ROW_SCALE','2','uint','no','no','yes','Picture scale for rack row display'),('SHOW_AUTOMATIC_TAGS','no','string','no','no','yes','Show automatic tags'),('SHOW_EXPLICIT_TAGS','yes','string','no','no','yes','Show explicit tags'),('SHOW_IMPLICIT_TAGS','yes','string','no','no','yes','Show implicit tags'),('SHOW_LAST_TAB','no','string','yes','no','yes','Remember last tab shown for each page'),('SHRINK_TAG_TREE_ON_CLICK','yes','string','no','no','yes','Dynamically hide useless tags in tagtree'),('STATIC_FILTER','yes','string','no','no','yes','Enable Filter Caching'),('SYNCDOMAIN_MAX_PROCESSES','0','uint','yes','no','no','How many worker proceses syncdomain cron script should create'),('TAGS_QUICKLIST_SIZE','20','uint','no','no','no','Tags quick list size'),('TAGS_QUICKLIST_THRESHOLD','50','uint','yes','no','no','Tags quick list threshold'),('TAGS_TOPLIST_SIZE','50','uint','yes','no','no','Tags top list size'),('TREE_THRESHOLD','25','uint','yes','no','yes','Tree view auto-collapse threshold'),('VENDOR_SIEVE','','string','yes','no','yes','Vendor sieve configuration'),('VLANIPV4NET_LISTSRC','','string','yes','no','yes','List of VLAN-based IPv4 networks'),('VLANSWITCH_LISTSRC','','string','yes','no','yes','List of VLAN running switches');
/*!40000 ALTER TABLE `Config` ENABLE KEYS */;
UNLOCK TABLES;
DROP TABLE IF EXISTS `Dictionary`;
/*!40101 SET @saved_cs_client     = @@character_set_client */;
/*!40101 SET character_set_client = utf8 */;
CREATE TABLE `Dictionary` (
  `chapter_id` int(10) unsigned NOT NULL,
  `dict_key` int(10) unsigned NOT NULL AUTO_INCREMENT,
  `dict_value` char(255) DEFAULT NULL,
  PRIMARY KEY (`dict_key`),
  UNIQUE KEY `chap_to_val` (`chapter_id`,`dict_value`)
) ENGINE=MyISAM AUTO_INCREMENT=50000 DEFAULT CHARSET=utf8;
/*!40101 SET character_set_client = @saved_cs_client */;

LOCK TABLES `Dictionary` WRITE;
/*!40000 ALTER TABLE `Dictionary` DISABLE KEYS */;
INSERT INTO `Dictionary` VALUES (1,1,'BlackBox'),(1,2,'PDU'),(1,3,'Shelf'),(1,4,'Server'),(1,5,'DiskArray'),(1,6,'TapeLibrary'),(1,7,'Router'),(1,8,'Network switch'),(1,9,'PatchPanel'),(1,10,'CableOrganizer'),(1,11,'spacer'),(1,12,'UPS'),(1,13,'Modem'),(1,14,'MediaConverter'),(1,15,'console'),(2,16,'AC-in'),(2,17,'10Base2'),(2,18,'10Base-T'),(2,19,'100Base-TX'),(2,20,'100Base-FX (SC)'),(2,21,'100Base-FX (LC)'),(2,22,'100Base-SX (SC)'),(2,23,'100Base-SX (LC)'),(2,24,'1000Base-T'),(2,25,'1000Base-SX (SC)'),(2,26,'1000Base-SX (LC)'),(2,27,'1000Base-LX (SC)'),(2,28,'1000Base-LX (LC)'),(2,29,'RS-232 (RJ-45)'),(2,30,'10GBase-SR'),(2,31,'virtual bridge'),(2,32,'sync serial'),(2,33,'KVM (host)'),(2,34,'1000Base-ZX'),(2,35,'10GBase-ER'),(2,36,'10GBase-LR'),(2,37,'10GBase-LRM'),(2,38,'10GBase-ZR'),(2,39,'10GBase-LX4'),(2,40,'10GBase-CX4'),(2,41,'10GBase-Kx'),(11,42,'noname/unknown'),(11,43,'IBM xSeries%GPASS%305'),(11,44,'IBM xSeries%GPASS%306'),(11,45,'IBM xSeries%GPASS%306m'),(11,46,'IBM xSeries%GPASS%326m'),(11,47,'IBM xSeries%GPASS%330'),(11,48,'IBM xSeries%GPASS%335'),(11,49,'Sun%GPASS%Ultra 10'),(11,50,'Sun%GPASS%Enterprise 420R'),(11,51,'[[Sun%GPASS%Fire X2100 | http://www.sun.com/servers/entry/x2100/]]'),(11,52,'[[Sun%GPASS%Fire E4900 | http://www.sun.com/servers/midrange/sunfire_e4900/index.xml]]'),(11,53,'Sun%GPASS%Netra X1'),(11,54,'IBM xSeries%GPASS%346'),(11,55,'Dell PowerEdge%GPASS%1650'),(11,56,'Dell PowerEdge%GPASS%2850'),(11,57,'Sun%GPASS%Fire V210'),(11,58,'Sun%GPASS%Fire V240'),(11,59,'IBM xSeries%GPASS%326'),(11,60,'Sun%GPASS%Netra t1 105'),(11,61,'Sun%GPASS%Enterprise 4500'),(11,62,'Dell PowerEdge%GPASS%1950'),(11,63,'Dell PowerEdge%GPASS%1550'),(11,64,'Sun%GPASS%Ultra 5'),(11,65,'Dell PowerEdge%GPASS%2950'),(11,66,'Dell PowerEdge%GPASS%650'),(11,67,'Dell PowerEdge%GPASS%4600'),(11,68,'IBM xSeries%GPASS%3250'),(11,69,'IBM xSeries%GPASS%3455'),(11,70,'IBM xSeries%GPASS%3550'),(11,71,'IBM xSeries%GPASS%3650'),(11,72,'IBM xSeries%GPASS%3655'),(11,73,'IBM xSeries%GPASS%3650 T'),(11,74,'IBM xSeries%GPASS%3755'),(11,75,'IBM xSeries%GPASS%3850'),(11,76,'[[Sun%GPASS%Fire X4600 | http://www.sun.com/servers/x64/x4600/]]'),(11,77,'[[Sun%GPASS%Fire X4500 | http://www.sun.com/servers/x64/x4500/]]'),(11,78,'[[Sun%GPASS%Fire X4200 | http://www.sun.com/servers/entry/x4200/]]'),(11,79,'[[Sun%GPASS%Fire X4100 | http://www.sun.com/servers/entry/x4100/]]'),(11,80,'[[Sun%GPASS%Fire X2100 M2 | http://www.sun.com/servers/entry/x2100/]]'),(11,81,'[[Sun%GPASS%Fire X2200 M2 | http://www.sun.com/servers/x64/x2200/]]'),(11,82,'Sun%GPASS%Fire V40z'),(11,83,'Sun%GPASS%Fire V125'),(11,84,'[[Sun%GPASS%Fire V215 | http://www.sun.com/servers/entry/v215/]]'),(11,85,'[[Sun%GPASS%Fire V245 | http://www.sun.com/servers/entry/v245/]]'),(11,86,'[[Sun%GPASS%Fire V445 | http://www.sun.com/servers/entry/v445/]]'),(11,87,'Sun%GPASS%Fire V440'),(11,88,'[[Sun%GPASS%Fire V490 | http://www.sun.com/servers/midrange/v490/]]'),(11,89,'[[Sun%GPASS%Fire V890 | http://www.sun.com/servers/midrange/v890/]]'),(11,90,'[[Sun%GPASS%Fire E2900 | http://www.sun.com/servers/midrange/sunfire_e2900/index.xml]]'),(11,91,'Sun%GPASS%Fire V1280'),(11,92,'IBM pSeries%GPASS%185'),(11,93,'IBM pSeries%GPASS%505'),(11,94,'IBM pSeries%GPASS%505Q'),(11,95,'IBM pSeries%GPASS%510'),(11,96,'IBM pSeries%GPASS%510Q'),(11,97,'IBM pSeries%GPASS%520'),(11,98,'IBM pSeries%GPASS%520Q'),(11,99,'IBM pSeries%GPASS%550'),(11,100,'IBM pSeries%GPASS%550Q'),(11,101,'[[HP ProLiant%GPASS%DL140 | http://h10010.www1.hp.com/wwpc/us/en/en/WF05a/15351-15351-3328412-241644-3328421-1842838.html]]'),(11,102,'[[HP ProLiant%GPASS%DL145 | http://h10010.www1.hp.com/wwpc/us/en/en/WF05a/15351-15351-3328412-241644-3328421-3219755.html]]'),(11,103,'[[HP ProLiant%GPASS%DL320 | http://h10010.www1.hp.com/wwpc/us/en/en/WF05a/15351-15351-3328412-241644-241475-3201178.html]]'),(11,104,'[[HP ProLiant%GPASS%DL360 | http://h10010.www1.hp.com/wwpc/us/en/en/WF05a/15351-15351-3328412-241644-241475-1121486.html]]'),(11,105,'[[HP ProLiant%GPASS%DL380 | http://h10010.www1.hp.com/wwpc/us/en/en/WF05a/15351-15351-3328412-241644-241475-1121516.html]]'),(11,106,'[[HP ProLiant%GPASS%DL385 | http://h10010.www1.hp.com/wwpc/us/en/en/WF05a/15351-15351-3328412-241644-241475-3219233.html]]'),(11,107,'[[HP ProLiant%GPASS%DL580 | http://h10010.www1.hp.com/wwpc/us/en/en/WF05a/15351-15351-3328412-241644-3328422-3454575.html]]'),(11,108,'[[HP ProLiant%GPASS%DL585 | http://h10010.www1.hp.com/wwpc/us/en/en/WF05a/15351-15351-3328412-241644-3328422-3219717.html]]'),(11,109,'[[HP ProLiant%GPASS%ML110 | http://h10010.www1.hp.com/wwpc/us/en/en/WF05a/15351-15351-241434-241646-3328424-3577708.html]]'),(11,110,'[[HP ProLiant%GPASS%ML150 | http://h10010.www1.hp.com/wwpc/us/en/en/WF05a/15351-15351-241434-241646-3328424-3580609.html]]'),(11,111,'[[HP ProLiant%GPASS%ML310 | http://h10010.www1.hp.com/wwpc/us/en/en/WF05a/15351-15351-241434-241646-241477-3580655.html]]'),(11,112,'[[HP ProLiant%GPASS%ML350 | http://h10010.www1.hp.com/wwpc/us/en/en/WF05a/15351-15351-241434-241646-241477-1121586.html]]'),(11,113,'[[HP ProLiant%GPASS%ML370 | http://h10010.www1.hp.com/wwpc/us/en/en/WF05a/15351-15351-241434-241646-241477-1121474.html]]'),(11,114,'[[HP ProLiant%GPASS%ML570 | http://h10010.www1.hp.com/wwpc/us/en/en/WF05a/15351-15351-241434-241646-3328425-1842779.html]]'),(12,115,'noname/unknown'),(12,116,'Foundry%GPASS%FastIron WorkGroup'),(12,117,'Foundry%GPASS%FastIron II'),(12,118,'Foundry%GPASS%ServerIron'),(12,119,'Foundry%GPASS%ServerIron XL'),(12,120,'Foundry%GPASS%ServerIron 350'),(12,121,'Foundry%GPASS%FastIron Edge 2402'),(12,122,'Foundry%GPASS%FastIron Edge 4802'),(12,123,'Foundry%GPASS%FastIron Edge X424'),(12,124,'Cisco%GPASS%Catalyst 2924XL'),(12,125,'Foundry%GPASS%FastIron SuperX'),(12,126,'Cisco%GPASS%Catalyst 2912XL'),(12,127,'Foundry%GPASS%FastIron GS 648P'),(12,128,'Foundry%GPASS%FastIron Edge 2402-PREM'),(12,129,'Foundry%GPASS%FastIron GS 624P'),(12,130,'Foundry%GPASS%FastIron GS 624P-POE'),(12,131,'Foundry%GPASS%FastIron GS 648P-POE'),(12,132,'Foundry%GPASS%ServerIron 4G'),(12,133,'Foundry%GPASS%ServerIron 4G-SSL'),(12,134,'Foundry%GPASS%FastIron Edge X448'),(12,135,'Foundry%GPASS%FastIron Edge X424HF'),(12,136,'Foundry%GPASS%FastIron Edge X424-POE'),(12,137,'Foundry%GPASS%FastIron SX 800'),(12,138,'Foundry%GPASS%FastIron SX 1600'),(12,139,'Cisco%GPASS%Catalyst 3560-8PC'),(12,140,'Cisco%GPASS%Catalyst 2960-48TC'),(12,141,'Cisco%GPASS%Catalyst 3560-E'),(12,142,'Cisco%GPASS%Catalyst Express 500-24LC'),(12,143,'Cisco%GPASS%Catalyst 3750-24TS'),(12,144,'Cisco%GPASS%Catalyst 3750-E'),(12,145,'Cisco%GPASS%Catalyst 4503'),(12,146,'Cisco%GPASS%Catalyst 6513'),(12,147,'[[Cisco%GPASS%Catalyst 4948 | http://www.cisco.com/en/US/products/ps6026/index.html]]'),(30,148,'Cisco%GPASS%Catalyst 6509-E'),(30,149,'Cisco%GPASS%Catalyst 6509-NEB-A'),(30,150,'Cisco%GPASS%Catalyst 6506-E'),(30,151,'Cisco%GPASS%Catalyst 6504-E'),(30,152,'Cisco%GPASS%Catalyst 6503-E'),(30,153,'Cisco%GPASS%Catalyst 6503'),(30,154,'Cisco%GPASS%Catalyst 6506'),(30,155,'Cisco%GPASS%Catalyst 6509-NEB'),(30,156,'Cisco%GPASS%Catalyst 4506'),(30,157,'Cisco%GPASS%Catalyst 4507R'),(30,158,'Cisco%GPASS%Catalyst 4510R'),(12,159,'Cisco%GPASS%Catalyst Express 500-24PC'),(12,160,'Cisco%GPASS%Catalyst Express 500-24TT'),(12,161,'Cisco%GPASS%Catalyst Express 500G-12TC'),(12,162,'Cisco%GPASS%Catalyst 2960-48TT'),(12,163,'Cisco%GPASS%Catalyst 2960-24TC'),(12,164,'Cisco%GPASS%Catalyst 2960-24TT'),(12,165,'Cisco%GPASS%Catalyst 2960-8TC'),(12,166,'Cisco%GPASS%Catalyst 2960G-48TC'),(12,167,'Cisco%GPASS%Catalyst 2960G-24TC'),(12,168,'Cisco%GPASS%Catalyst 2960G-8TC'),(12,169,'Cisco%GPASS%Catalyst 3560-24TS'),(12,170,'Cisco%GPASS%Catalyst 3560-48TS'),(12,171,'Cisco%GPASS%Catalyst 3560-24PS'),(12,172,'Cisco%GPASS%Catalyst 3560-48PS'),(12,173,'Cisco%GPASS%Catalyst 3560G-24TS'),(12,174,'Cisco%GPASS%Catalyst 3560G-48TS'),(12,175,'Cisco%GPASS%Catalyst 3560G-24PS'),(12,176,'Cisco%GPASS%Catalyst 3560G-48PS'),(12,177,'Cisco%GPASS%Catalyst 3750-48TS'),(12,178,'Cisco%GPASS%Catalyst 3750-24PS'),(12,179,'Cisco%GPASS%Catalyst 3750-48PS'),(12,180,'Cisco%GPASS%Catalyst 3750-24FS'),(12,181,'Cisco%GPASS%Catalyst 3750G-24T'),(12,182,'Cisco%GPASS%Catalyst 3750G-24TS'),(12,183,'Cisco%GPASS%Catalyst 3750G-24TS-1U'),(12,184,'Cisco%GPASS%Catalyst 3750G-48TS'),(12,185,'Cisco%GPASS%Catalyst 3750G-24PS'),(12,186,'Cisco%GPASS%Catalyst 3750G-48PS'),(12,187,'Cisco%GPASS%Catalyst 3750G-16TD'),(12,188,'Cisco%GPASS%Catalyst 3750G-12S'),(12,189,'Cisco%GPASS%Catalyst 3750G-24WS'),(12,190,'Foundry%GPASS%EdgeIron 2402CF'),(12,191,'Foundry%GPASS%EdgeIron 24G'),(12,192,'Foundry%GPASS%EdgeIron 4802CF'),(12,193,'Foundry%GPASS%EdgeIron 48G'),(12,194,'Foundry%GPASS%EdgeIron 24GS'),(12,195,'Foundry%GPASS%EdgeIron 48GS'),(12,196,'Foundry%GPASS%EdgeIron 8X10G'),(12,197,'Foundry%GPASS%FastIron Edge 4802-PREM'),(12,198,'Foundry%GPASS%FastIron Edge 12GCF'),(12,199,'Foundry%GPASS%FastIron Edge 12GCF-PREM'),(12,200,'Foundry%GPASS%FastIron Edge 9604'),(12,201,'Foundry%GPASS%FastIron Edge 9604-PREM'),(12,202,'Foundry%GPASS%FastIron Edge 2402-POE'),(12,203,'Foundry%GPASS%FastIron Edge 4802-POE'),(12,204,'Foundry%GPASS%FastIron Workgroup X424'),(12,205,'Foundry%GPASS%FastIron Workgroup X448'),(12,206,'Foundry%GPASS%ServerIron 450'),(12,207,'Foundry%GPASS%ServerIron 850'),(12,208,'Foundry%GPASS%ServerIron GT C'),(12,209,'Foundry%GPASS%ServerIron GT E'),(12,210,'[[Cisco%GPASS%Catalyst 2970G-24T | http://www.cisco.com/en/US/products/hw/switches/ps5206/ps5313/index.html]]'),(12,211,'[[Cisco%GPASS%Catalyst 2970G-24TS | http://www.cisco.com/en/US/products/hw/switches/ps5206/ps5437/index.html]]'),(13,212,'Linux%GSKIP%RH Fedora C1'),(13,213,'Linux%GSKIP%RH Fedora C2'),(13,214,'Linux%GSKIP%RH Fedora C3'),(13,215,'Linux%GSKIP%RH Fedora C4'),(13,216,'Linux%GSKIP%RH Fedora C5'),(13,217,'Linux%GSKIP%RH Fedora C6'),(13,218,'BSD%GSKIP%Solaris 8'),(13,219,'BSD%GSKIP%Solaris 9'),(13,220,'BSD%GSKIP%Solaris 10'),(13,221,'Windows 2000'),(13,222,'Windows XP'),(13,223,'Windows 2003'),(13,224,'Windows Vista'),(13,225,'Linux%GSKIP%RHEL1'),(13,226,'Linux%GSKIP%RHEL2'),(13,227,'Linux%GSKIP%RHEL3'),(13,228,'Linux%GSKIP%RHEL4'),(13,229,'Linux%GSKIP%ALTLinux Master 2.0'),(13,230,'Linux%GSKIP%ALTLinux Master 2.2'),(13,231,'Linux%GSKIP%ALTLinux Master 2.4'),(13,232,'Linux%GSKIP%RH Fedora 7'),(13,233,'Linux%GSKIP%SLES10'),(13,234,'[[Linux%GSKIP%Debian 3.0 (woody) | http://debian.org/releases/woody/]]'),(13,235,'[[Linux%GSKIP%Debian 3.1 (sarge) | http://debian.org/releases/sarge/]]'),(13,236,'BSD%GSKIP%FreeBSD 1.x'),(13,237,'BSD%GSKIP%FreeBSD 2.x'),(13,238,'BSD%GSKIP%FreeBSD 3.x'),(13,239,'BSD%GSKIP%FreeBSD 4.x'),(13,240,'BSD%GSKIP%FreeBSD 5.x'),(13,241,'BSD%GSKIP%FreeBSD 6.x'),(13,242,'Linux%GSKIP%RH Fedora 8'),(13,243,'Linux%GSKIP%ALTLinux Master 4.0'),(14,244,'Cisco IOS 12.0'),(14,245,'Foundry SLB'),(14,246,'Foundry WXM'),(14,247,'Foundry L2'),(14,248,'Foundry full L3'),(14,249,'Foundry basic L3'),(14,250,'Cisco IOS 11.2'),(14,251,'Cisco IOS 12.1'),(14,252,'Cisco IOS 12.2'),(14,253,'Cisco IOS 11.3'),(16,254,'Cisco IOS 12.0'),(16,255,'Cisco IOS 12.1'),(16,256,'Cisco IOS 12.2'),(16,257,'Cisco IOS 12.3'),(16,258,'Cisco IOS 12.4'),(16,259,'Foundry L3'),(16,260,'Cisco IOS 11.2'),(16,261,'Cisco IOS 11.3'),(17,262,'Foundry%GPASS%BigIron 4000'),(17,263,'Cisco%GPASS%7609'),(17,264,'Cisco%GPASS%2610XM'),(17,265,'Cisco%GPASS%2611XM'),(17,266,'Cisco%GPASS%3620'),(17,267,'Cisco%GPASS%3640'),(17,268,'Cisco%GPASS%2621XM'),(17,269,'Cisco%GPASS%7206VXR'),(17,270,'Cisco%GPASS%2651XM'),(17,271,'Cisco%GPASS%7204VXR'),(17,272,'Cisco%GPASS%2612'),(17,273,'Cisco%GPASS%2620XM'),(17,274,'Cisco%GPASS%2650XM'),(17,275,'Cisco%GPASS%2691'),(17,276,'Cisco%GPASS%7603'),(17,277,'Cisco%GPASS%7606'),(17,278,'Cisco%GPASS%7613'),(17,279,'Cisco%GPASS%2801'),(17,280,'Cisco%GPASS%2811'),(17,281,'Cisco%GPASS%2821'),(17,282,'Cisco%GPASS%2851'),(17,283,'Cisco%GPASS%3725'),(17,284,'Cisco%GPASS%3745'),(17,285,'Cisco%GPASS%3825'),(17,286,'Cisco%GPASS%3845'),(24,287,'[[Juniper%GPASS%NetScreen 100 | http://www.juniper.net/customers/support/products/netscreen100.jsp]]'),(17,288,'Foundry%GPASS%NetIron MLX-4'),(17,289,'Foundry%GPASS%NetIron MLX-8'),(17,290,'Foundry%GPASS%NetIron MLX-16'),(17,291,'Foundry%GPASS%NetIron MLX-32'),(17,292,'Foundry%GPASS%NetIron XMR 4000'),(17,293,'Foundry%GPASS%NetIron XMR 8000'),(17,294,'Foundry%GPASS%NetIron XMR 16000'),(17,295,'Foundry%GPASS%NetIron XMR 32000'),(17,296,'Foundry%GPASS%BigIron RX-4'),(17,297,'Foundry%GPASS%BigIron RX-8'),(17,298,'Foundry%GPASS%BigIron RX-16'),(17,299,'Cisco%GPASS%1841'),(17,300,'Cisco%GPASS%1812'),(17,301,'Cisco%GPASS%1811'),(17,302,'Cisco%GPASS%1803'),(17,303,'Cisco%GPASS%1802'),(17,304,'Cisco%GPASS%1801'),(17,305,'Cisco%GPASS%7202'),(17,306,'Cisco%GPASS%7204'),(17,307,'Cisco%GPASS%7206'),(17,308,'Cisco%GPASS%7604'),(17,309,'Cisco%GPASS%OSR-7609'),(17,310,'Foundry%GPASS%BigIron 8000'),(17,311,'Foundry%GPASS%BigIron 15000'),(18,312,'Sun StorEdge A1000'),(18,313,'Dell/EMC AX150'),(18,314,'EMC CLARiiON CX600'),(18,315,'Sun StorEdge D240'),(18,316,'EMC CLARiiON CX300'),(18,317,'Sun StorageTek 6140'),(18,318,'Sun StorageTek 3511'),(18,319,'Sun StorageTek 3510'),(18,320,'Sun StorageTek 3320'),(18,321,'Sun StorageTek 3120'),(18,322,'Dell PowerVault NX1950'),(18,323,'Dell PowerVault 220S'),(18,324,'Dell PowerVault MD3000'),(19,325,'Dell PowerVault 136T'),(19,326,'Sun StorageTek SL500'),(19,327,'Sun StorageTek L1400'),(19,328,'Sun StorageTek SL8500'),(19,329,'Sun StorageTek C4'),(19,330,'Dell PowerVault ML6000'),(19,331,'Dell PowerVault 132T'),(19,332,'Dell PowerVault TL4000'),(19,333,'Dell PowerVault TL2000'),(19,334,'Dell PowerVault 124T'),(19,335,'Sun StorageTek C2'),(12,338,'Dell PowerConnect%GPASS%2216'),(12,339,'Dell PowerConnect%GPASS%2224'),(12,340,'Dell PowerConnect%GPASS%2324'),(12,341,'Dell PowerConnect%GPASS%2708'),(12,342,'Dell PowerConnect%GPASS%2716'),(12,343,'Dell PowerConnect%GPASS%2724'),(12,344,'Dell PowerConnect%GPASS%2748'),(12,345,'Dell PowerConnect%GPASS%3424'),(12,346,'Dell PowerConnect%GPASS%3424P'),(12,347,'Dell PowerConnect%GPASS%3448'),(12,348,'Dell PowerConnect%GPASS%3448P'),(12,349,'Dell PowerConnect%GPASS%5324'),(12,350,'Dell PowerConnect%GPASS%6224'),(12,351,'Dell PowerConnect%GPASS%6224P'),(12,352,'Dell PowerConnect%GPASS%6224F'),(12,353,'Dell PowerConnect%GPASS%6248'),(12,354,'Dell PowerConnect%GPASS%6248P'),(11,355,'Dell PowerEdge%GPASS%6850'),(11,356,'Dell PowerEdge%GPASS%6950'),(11,357,'Dell PowerEdge%GPASS%R900'),(11,358,'Dell PowerEdge%GPASS%4400'),(11,359,'Dell PowerEdge%GPASS%2650'),(11,360,'Dell PowerEdge%GPASS%2550'),(11,361,'Dell PowerEdge%GPASS%750'),(11,362,'Dell PowerEdge%GPASS%2450'),(11,363,'Dell PowerEdge%GPASS%850'),(11,364,'Dell PowerEdge%GPASS%1850'),(11,365,'Dell PowerEdge%GPASS%860'),(11,366,'Dell PowerEdge%GPASS%2900'),(11,367,'Dell PowerEdge%GPASS%2970'),(11,368,'Dell PowerEdge%GPASS%SC1435'),(30,369,'Cisco%GPASS%Catalyst 6509'),(12,370,'Cisco%GPASS%ME 6524GS-8S'),(12,371,'Cisco%GPASS%ME 6524GT-8S'),(12,372,'Cisco%GPASS%Catalyst 4503-E'),(12,373,'Cisco%GPASS%Catalyst 4506-E'),(12,374,'Cisco%GPASS%Catalyst 4507R-E'),(12,375,'Cisco%GPASS%Catalyst 4510R-E'),(12,376,'Cisco%GPASS%Catalyst 3750-24TE-M'),(12,377,'[[Cisco%GPASS%Catalyst 4948-10GE | http://www.cisco.com/en/US/products/ps6230/index.html]]'),(12,378,'Cisco%GPASS%ME 4924-10GE'),(12,379,'Cisco%GPASS%Catalyst 2960-24'),(12,380,'Cisco%GPASS%Catalyst 2950-24'),(12,381,'Cisco%GPASS%Catalyst 2950-12'),(12,382,'Cisco%GPASS%Catalyst 2950C-24'),(12,383,'Cisco%GPASS%Catalyst 2950G-24-DC'),(12,384,'Cisco%GPASS%Catalyst 2950SX-48'),(12,385,'Cisco%GPASS%Catalyst 2950SX-24'),(12,386,'Cisco%GPASS%Catalyst 2950T-24'),(12,387,'Cisco%GPASS%Catalyst 2950T-48'),(12,388,'Cisco%GPASS%Catalyst 2950G-12'),(12,389,'Cisco%GPASS%Catalyst 2950G-24'),(12,390,'Cisco%GPASS%Catalyst 2950G-48'),(12,391,'Cisco%GPASS%Catalyst 3508G XL'),(12,392,'Cisco%GPASS%Catalyst 3512 XL'),(12,393,'Cisco%GPASS%Catalyst 3524 XL'),(12,394,'Cisco%GPASS%Catalyst 3524 PWR XL'),(12,395,'Cisco%GPASS%Catalyst 3548 XL'),(12,396,'Cisco%GPASS%ME 2400-24TS-A'),(12,397,'Cisco%GPASS%ME 2400-24TS-D'),(12,398,'Cisco%GPASS%Catalyst 3550-12T'),(12,399,'Cisco%GPASS%Catalyst 3550-12G'),(12,400,'Cisco%GPASS%Catalyst 3550-24'),(12,401,'Cisco%GPASS%Catalyst 3550-24 FX'),(12,402,'Cisco%GPASS%Catalyst 3550-24 DC'),(12,403,'Cisco%GPASS%Catalyst 3550-24 PWR'),(12,404,'Cisco%GPASS%Catalyst 3550-48'),(12,405,'Cisco%GPASS%ME 3400G-12CS-A'),(12,406,'Cisco%GPASS%ME 3400G-12CS-D'),(12,407,'Cisco%GPASS%ME 3400G-2CS-A'),(12,408,'Cisco%GPASS%ME 3400-24TS-A'),(12,409,'Cisco%GPASS%ME 3400-24TS-D'),(12,410,'Cisco%GPASS%ME 3400-24FS-A'),(12,411,'Foundry%GPASS%FastIron GS 624XGP'),(12,412,'Foundry%GPASS%FastIron GS 624XGP-POE'),(12,413,'Foundry%GPASS%FastIron LS 624'),(12,414,'Foundry%GPASS%FastIron LS 648'),(12,415,'Foundry%GPASS%NetIron M2404F'),(12,416,'Foundry%GPASS%NetIron M2404C'),(17,417,'Foundry%GPASS%BigIron RX-32'),(13,418,'[[Linux%GSKIP%Debian 2.0 (hamm) | http://debian.org/releases/hamm/]]'),(13,419,'[[Linux%GSKIP%Debian 2.1 (slink) | http://debian.org/releases/slink/]]'),(13,420,'[[Linux%GSKIP%Debian 2.2 (potato) | http://debian.org/releases/potato/]]'),(13,421,'[[Linux%GSKIP%Debian 4.0 (etch) | http://debian.org/releases/etch/]]'),(13,422,'Linux%GSKIP%ALTLinux Server 4.0'),(13,423,'Linux%GSKIP%ALTLinux Sisyphus'),(13,424,'Linux%GSKIP%openSUSE 10.0'),(13,425,'Linux%GSKIP%openSUSE 10.1'),(13,426,'Linux%GSKIP%openSUSE 10.2'),(13,427,'Linux%GSKIP%openSUSE 10.3'),(13,428,'Linux%GSKIP%Ubuntu 4.10'),(13,429,'Linux%GSKIP%Ubuntu 5.04'),(13,430,'Linux%GSKIP%Ubuntu 5.10'),(13,431,'Linux%GSKIP%Ubuntu 6.06 LTS'),(13,432,'Linux%GSKIP%Ubuntu 6.10'),(13,433,'Linux%GSKIP%Ubuntu 7.04'),(13,434,'Linux%GSKIP%Ubuntu 7.10'),(13,435,'Linux%GSKIP%Ubuntu 8.04 LTS'),(13,436,'Linux%GSKIP%RHEL5'),(18,437,'Dell PowerVault 210S'),(18,438,'Dell PowerVault 221S'),(2,439,'dry contact'),(2,440,'unknown'),(13,441,'Linux%GSKIP%CentOS-2'),(13,442,'Linux%GSKIP%CentOS-3'),(13,443,'Linux%GSKIP%CentOS-4'),(13,444,'Linux%GSKIP%CentOS-5'),(1,445,'KVM switch'),(2,446,'KVM (console)'),(1,447,'multiplexer'),(21,448,'[[Avocent DSR1021 | http://www.avocent.com/WorkArea/linkit.aspx?LinkIdentifier=id&ItemID=2418]]'),(21,449,'[[Avocent DSR1022 | http://www.avocent.com/WorkArea/linkit.aspx?LinkIdentifier=id&ItemID=2498]]'),(21,450,'[[Avocent DSR1024 | http://www.avocent.com/WorkArea/linkit.aspx?LinkIdentifier=id&ItemID=2588]]'),(21,451,'[[Avocent DSR1031 | http://www.avocent.com/WorkArea/linkit.aspx?LinkIdentifier=id&ItemID=2804]]'),(21,452,'[[Avocent DSR1020 | http://www.avocent.com/WorkArea/linkit.aspx?LinkIdentifier=id&ItemID=2340]]'),(21,453,'[[Avocent DSR2020 | http://www.avocent.com/WorkArea/linkit.aspx?LinkIdentifier=id&ItemID=2884]]'),(21,454,'[[Avocent DSR4020 | http://www.avocent.com/WorkArea/linkit.aspx?LinkIdentifier=id&ItemID=3100]]'),(21,455,'[[Avocent DSR8020 | http://www.avocent.com/WorkArea/linkit.aspx?LinkIdentifier=id&ItemID=3358]]'),(21,456,'[[Avocent DSR1030 | http://www.avocent.com/WorkArea/linkit.aspx?LinkIdentifier=id&ItemID=2726]]'),(21,457,'[[Avocent DSR2030 | http://www.avocent.com/WorkArea/linkit.aspx?LinkIdentifier=id&ItemID=2988]]'),(21,458,'[[Avocent DSR2035 | http://www.avocent.com/WorkArea/linkit.aspx?LinkIdentifier=id&ItemID=3050]]'),(21,459,'[[Avocent DSR4030 | http://www.avocent.com/WorkArea/linkit.aspx?LinkIdentifier=id&ItemID=3196]]'),(21,460,'[[Avocent DSR8030 | http://www.avocent.com/WorkArea/linkit.aspx?LinkIdentifier=id&ItemID=3472]]'),(21,461,'[[Avocent DSR8035 | http://www.avocent.com/WorkArea/linkit.aspx?LinkIdentifier=id&ItemID=3580]]'),(21,462,'[[Avocent AutoView 1415 | http://www.avocent.com/WorkArea/linkit.aspx?LinkIdentifier=id&ItemID=1612]]'),(21,463,'[[Avocent AutoView 1515 | http://www.avocent.com/WorkArea/linkit.aspx?LinkIdentifier=id&ItemID=1736]]'),(21,464,'[[Avocent AutoView 2015 | http://www.avocent.com/WorkArea/linkit.aspx?LinkIdentifier=id&ItemID=1930]]'),(21,465,'[[Avocent AutoView 2020 | http://www.avocent.com/WorkArea/linkit.aspx?LinkIdentifier=id&ItemID=2012]]'),(21,466,'[[Avocent AutoView 2030 | http://www.avocent.com/WorkArea/linkit.aspx?LinkIdentifier=id&ItemID=2114]]'),(21,467,'[[Avocent AutoView 3100 | http://www.avocent.com/WorkArea/linkit.aspx?LinkIdentifier=id&ItemID=2222]]'),(21,468,'[[Avocent AutoView 3200 | http://www.avocent.com/WorkArea/linkit.aspx?LinkIdentifier=id&ItemID=2266]]'),(21,469,'[[Avocent SwitchView 1000 4-port | http://www.avocent.com/WorkArea/linkit.aspx?LinkIdentifier=id&ItemID=4016]]'),(21,470,'[[Avocent SwitchView 1000 8-port | http://www.avocent.com/WorkArea/linkit.aspx?LinkIdentifier=id&ItemID=4094]]'),(21,471,'[[Avocent SwitchView 1000 16-port | http://www.avocent.com/WorkArea/linkit.aspx?LinkIdentifier=id&ItemID=3934]]'),(22,472,'[[Cronyx%GPASS%FMUX/S-4E1 | http://www.cronyx.ru/hardware/fmux-ring.html]]'),(22,473,'[[Cronyx%GPASS%FMUX/S-4E1/ETS | http://www.cronyx.ru/hardware/fmux-ring.html]]'),(22,474,'[[Cronyx%GPASS%FMUX/S-4E1/M | http://www.cronyx.ru/hardware/fmux-ring.html]]'),(22,475,'[[Cronyx%GPASS%FMUX/S-8E1 | http://www.cronyx.ru/hardware/fmux-ring.html]]'),(22,476,'[[Cronyx%GPASS%FMUX/S-8E1/ETS | http://www.cronyx.ru/hardware/fmux-ring.html]]'),(22,477,'[[Cronyx%GPASS%FMUX/S-8E1/M | http://www.cronyx.ru/hardware/fmux-ring.html]]'),(22,478,'[[Cronyx%GPASS%FMUX/S-16E1 | http://www.cronyx.ru/hardware/fmux-ring.html]]'),(22,479,'[[Cronyx%GPASS%FMUX/S-16E1/ETS | http://www.cronyx.ru/hardware/fmux-ring.html]]'),(22,480,'[[Cronyx%GPASS%FMUX/S-16E1/M | http://www.cronyx.ru/hardware/fmux-ring.html]]'),(22,481,'[[Cronyx%GPASS%E1-XL/S | http://www.cronyx.ru/hardware/e1xl-s.html]]'),(22,482,'[[Cronyx%GPASS%E1-DXC/S | http://www.cronyx.ru/hardware/e1dxc-s.html]]'),(22,483,'[[Cronyx%GPASS%FMUX-4-E2 | http://www.cronyx.ru/hardware/fmux4-e2.html]]'),(22,484,'[[Cronyx%GPASS%FMUX-16-E3 | http://www.cronyx.ru/hardware/fmux16-e3.html]]'),(22,485,'[[Cronyx%GPASS%FMUX/SAT | http://www.cronyx.ru/hardware/fmux-sat.html]]'),(22,486,'[[Cronyx%GPASS%E1-XL/S-IP | http://www.cronyx.ru/hardware/e1xl-ip.html]]'),(17,487,'[[RAD%GPASS%FCD-IPM | http://www.rad.com/Article/0,6583,36426-E1_T1_or_Fractional_E1_T1_Modular_Access_Device_with_Integrated_Router,00.html]]'),(22,488,'[[RAD%GPASS%FCD-E1M | http://www.rad.com/Article/0,6583,36723-E1_T1_Modular_Access_Multiplexer,00.html]]'),(22,489,'[[RAD%GPASS%FCD-T1M | http://www.rad.com/Article/0,6583,36723-E1_T1_Modular_Access_Multiplexer,00.html]]'),(22,490,'[[RAD%GPASS%FCD-155E | http://www.rad.com/Article/0,6583,36276-Ethernet_over_SDH_SONET_ADM,00.html]]'),(21,491,'[[Aten CS78 | http://www.aten.com/products/productItem.php?pcid=20070130111936003&psid=20070130133658002&pid=20070319151852001&layerid=subClass2]]'),(21,492,'[[Aten ACS1208A | http://www.aten.com/products/productItem.php?pcid=20070130111936003&psid=20070130133658002&pid=20050224111025006&layerid=subClass2]]'),(21,493,'[[Aten ACS1216A | http://www.aten.com/products/productItem.php?pcid=20070130111936003&psid=20070130133658002&pid=20050224111953008&layerid=subClass2]]'),(21,494,'[[Aten CS1754 | http://www.aten.com/products/productItem.php?pcid=20070130111936003&psid=20070130133658002&pid=20050217161051008&layerid=subClass2]]'),(21,495,'[[Aten CS1758 | http://www.aten.com/products/productItem.php?pcid=20070130111936003&psid=20070130133658002&pid=20050224093143008&layerid=subClass2]]'),(21,496,'[[Aten CS9134 | http://www.aten.com/products/productItem.php?pcid=2005010513171002&psid=20070130133658002&pid=20050217172845005&layerid=subClass2]]'),(21,497,'[[Aten CS9138 | http://www.aten.com/products/productItem.php?pcid=20070130111936003&psid=20070130133658002&pid=20050224094519006&layerid=subClass2]]'),(21,498,'[[Aten CS1708 | http://www.aten.com/products/productItem.php?pcid=20070130111936003&psid=20070130133658002&pid=2005022410563008&layerid=subClass2]]'),(21,499,'[[Aten CS1716 | http://www.aten.com/products/productItem.php?pcid=20070130111936003&psid=20070130133658002&pid=20050224110022008&layerid=subClass2]]'),(21,500,'[[Aten CS1004 | http://www.aten.com/products/productItem.php?pcid=20070130111936003&psid=20070130133658002&pid=20050224100546008&layerid=subClass2]]'),(21,501,'[[Aten CS228 | http://www.aten.com/products/productItem.php?pcid=20070130111936003&psid=20070130133658002&pid=20050224114323008&layerid=subClass2]]'),(21,502,'[[Aten CS428 | http://www.aten.com/products/productItem.php?pcid=20070130111936003&psid=20070130133658002&pid=20050224114721008&layerid=subClass2]]'),(21,503,'[[Aten CS138A | http://www.aten.com/products/productItem.php?pcid=20070130111936003&psid=20070130133658002&pid=20050224111458007&layerid=subClass2]]'),(21,504,'[[Aten CS88A | http://www.aten.com/products/productItem.php?pcid=20070130111936003&psid=20070130133658002&pid=2005022411042006&layerid=subClass2]]'),(21,505,'[[Aten KM0832 | http://www.aten.com/products/productItem.php?pcid=2005010513171002&psid=20060411131626002&pid=20060628154826001&layerid=subClass1]]'),(21,506,'[[Aten KM0216 | http://www.aten.com/products/productItem.php?pcid=2006041110563001&psid=20060411131626002&pid=20060417153950007&layerid=subClass1]]'),(21,507,'[[Aten KM0432 | http://www.aten.com/products/productItem.php?pcid=2006041110563001&psid=20060411131626002&pid=2006041715359007&layerid=subClass1]]'),(21,508,'[[Aten KH1508 | http://www.aten.com/products/productItem.php?pcid=2006041110563001&psid=20060411130954001&pid=20061101174038001&layerid=subClass1]]'),(21,509,'[[Aten KH1516 | http://www.aten.com/products/productItem.php?pcid=2006041110563001&psid=20060411130954001&pid=20061101175320001&layerid=subClass1]]'),(21,510,'[[Aten KH0116 | http://www.aten.com/products/productItem.php?pcid=2006041110563001&psid=20060411130954001&pid=20060411145734003&layerid=subClass1]]'),(21,511,'[[Aten KH98 | http://www.aten.com/products/productItem.php?pcid=2005010513171002&psid=2007012911116003&pid=20061221104352001&layerid=subClass1]]'),(23,512,'[[Aten KL1100 | http://www.aten.com/products/productItem.php?pcid=2005010513171002&psid=20060411131050002&pid=20071225113046001&layerid=subClass1]]'),(23,513,'[[Aten KL1508 | http://www.aten.com/products/productItem.php?pcid=2006041110563001&psid=20060411131050002&pid=20070710020717009&layerid=subClass1]]'),(23,514,'[[Aten KL1516 | http://www.aten.com/products/productItem.php?pcid=2006041110563001&psid=20060411131050002&pid=20070716232614001&layerid=subClass1]]'),(23,515,'[[Aten KL9108 | http://www.aten.com/products/productItem.php?pcid=2005010513171002&psid=20060411131050002&pid=20060811153413009&layerid=subClass1]]'),(23,516,'[[Aten KL9116 | http://www.aten.com/products/productItem.php?pcid=2006041110563001&psid=20060411131050002&pid=2006081115384001&layerid=subClass1]]'),(23,517,'[[Aten KL3116 | http://www.aten.com/products/productItem.php?pcid=2005010513171002&psid=20060411131050002&pid=20060913162532009&layerid=subClass1]]'),(23,518,'[[Aten KL1116 | http://www.aten.com/products/productItem.php?pcid=2006041110563001&psid=20060411131050002&pid=20060420101520005&layerid=subClass1]]'),(23,519,'[[Aten CS1208DL | http://www.aten.com/products/productItem.php?pcid=2005010513171002&psid=20060411131050002&pid=2005022413505007&layerid=subClass1]]'),(23,520,'[[Aten CS1216DL | http://www.aten.com/products/productItem.php?pcid=2005010513171002&psid=20060411131050002&pid=2005022413505007&layerid=subClass1]]'),(23,521,'[[Aten CS1200L | http://www.aten.com/products/productItem.php?pcid=2005010513171002&psid=20060411131050002&pid=20050224140854008&layerid=subClass1]]'),(23,522,'[[Aten CL1758 | http://www.aten.com/products/productItem.php?pcid=2005010513171002&psid=20060411131050002&pid=20051229164553003&layerid=subClass1]]'),(23,523,'[[Aten CL1208 | http://www.aten.com/products/productItem.php?pcid=2005010513171002&psid=20060411131050002&pid=2005072215482&layerid=subClass1]]'),(23,524,'[[Aten CL1216 | http://www.aten.com/products/productItem.php?pcid=2005010513171002&psid=20060411131050002&pid=2005072215482&layerid=subClass1]]'),(23,525,'[[Aten CL1200 | http://www.aten.com/products/productItem.php?pcid=2005010513171002&psid=20060411131050002&pid=20050722165040002&layerid=subClass1]]'),(23,526,'[[Aten ACS1208AL | http://www.aten.com/products/productItem.php?pcid=2005010513171002&psid=20060411131050002&pid=2005022413597003&layerid=subClass1]]'),(23,527,'[[Aten ACS1216AL | http://www.aten.com/products/productItem.php?pcid=2005010513171002&psid=20060411131050002&pid=2005022413597003&layerid=subClass1]]'),(22,528,'[[Tainet%GPASS%MUXpro 8216 | http://www.tainet.net/Product/muxpro820_8216.htm]]'),(22,529,'[[Tainet%GPASS%Mercury 3600+ | http://www.tainet.net/Product/mercury.htm]]'),(22,530,'[[Tainet%GPASS%Mercury 3820 | http://www.tainet.net/Product/mercury.htm]]'),(22,531,'[[Tainet%GPASS%Mercury 3630 | http://www.tainet.net/Product/mercury.htm]]'),(22,532,'[[Tainet%GPASS%Mercury 3630E | http://www.tainet.net/Product/mercury.htm]]'),(22,533,'[[Tainet%GPASS%DSD-08A | http://www.tainet.net/Product/dsd08a.htm]]'),(11,534,'[[HP ProLiant%GPASS%DL160 | http://h10010.www1.hp.com/wwpc/us/en/en/WF05a/15351-15351-3328412-241644-3328421-3580694.html]]'),(11,535,'[[HP ProLiant%GPASS%DL180 | http://h10010.www1.hp.com/wwpc/us/en/en/WF05a/15351-15351-3328412-241644-3328421-3580698.html]]'),(11,536,'[[HP ProLiant%GPASS%DL185 | http://h10010.www1.hp.com/wwpc/us/en/en/WF05a/15351-15351-3328412-241644-3328421-3579900.html]]'),(11,537,'[[HP ProLiant%GPASS%DL365 | http://h10010.www1.hp.com/wwpc/us/en/en/WF05a/15351-15351-3328412-241644-241475-3186080.html]]'),(11,538,'[[HP ProLiant%GPASS%DL320s | http://h10010.www1.hp.com/wwpc/us/en/en/WF05a/15351-15351-3328412-241644-241475-3232017.html]]'),(11,539,'[[HP ProLiant%GPASS%DL320p | http://h10010.www1.hp.com/wwpc/us/en/en/WF05a/15351-15351-3328412-241644-241475-3579703.html]]'),(11,540,'[[HP ProLiant%GPASS%ML115 | http://h10010.www1.hp.com/wwpc/us/en/en/WF05a/15351-15351-241434-241646-3328424-3330535.html]]'),(12,541,'[[Force10%GPASS%S2410CP | http://www.force10networks.com/products/s2410.asp]]'),(12,542,'[[Force10%GPASS%S50N | http://www.force10networks.com/products/s50n.asp]]'),(12,543,'[[Force10%GPASS%S50V | http://www.force10networks.com/products/s50v.asp]]'),(12,544,'[[Force10%GPASS%S25P | http://www.force10networks.com/products/s25p.asp]]'),(12,545,'[[Force10%GPASS%C150| http://www.force10networks.com/products/cseries.asp]]'),(12,546,'[[Force10%GPASS%C300| http://www.force10networks.com/products/cseries.asp]]'),(12,547,'[[Force10%GPASS%E300 | http://www.force10networks.com/products/eseries.asp]]'),(12,548,'[[Force10%GPASS%E600 | http://www.force10networks.com/products/eseries.asp]]'),(12,549,'[[Force10%GPASS%E1200 | http://www.force10networks.com/products/eseries.asp]]'),(12,550,'[[NETGEAR%GPASS%JGS524F | http://www.netgear.com/Products/Switches/UnmanagedSwitches/JGS524F.aspx]]'),(12,551,'[[NETGEAR%GPASS%JGS516 | http://www.netgear.com/Products/Switches/UnmanagedSwitches/JGS516.aspx]]'),(12,552,'[[NETGEAR%GPASS%JFS524 | http://www.netgear.com/Products/Switches/UnmanagedSwitches/JFS524.aspx]]'),(12,553,'[[NETGEAR%GPASS%JFS524F | http://www.netgear.com/Products/Switches/UnmanagedSwitches/JFS524F.aspx]]'),(12,554,'[[NETGEAR%GPASS%JGS524 | http://www.netgear.com/Products/Switches/UnmanagedSwitches/JGS524.aspx]]'),(12,555,'[[NETGEAR%GPASS%FS524 | http://www.netgear.com/Products/Switches/UnmanagedSwitches/FS524.aspx]]'),(12,556,'[[NETGEAR%GPASS%JFS516 | http://www.netgear.com/Products/Switches/UnmanagedSwitches/JFS516.aspx]]'),(12,557,'[[NETGEAR%GPASS%GSM7224R | http://www.netgear.com/Products/Switches/Layer2ManagedSwitches/GSM7224R.aspx]]'),(12,558,'[[NETGEAR%GPASS%GSM7248 | http://www.netgear.com/Products/Switches/Layer2ManagedSwitches/GSM7248.aspx]]'),(12,559,'[[NETGEAR%GPASS%GSM7212 | http://www.netgear.com/Products/Switches/Layer2ManagedSwitches/GSM7212.aspx]]'),(12,560,'[[NETGEAR%GPASS%FSM726S | http://www.netgear.com/Products/Switches/Layer2ManagedSwitches/FSM726S.aspx]]'),(12,561,'[[NETGEAR%GPASS%GSM7248R | http://www.netgear.com/Products/Switches/Layer2ManagedSwitches/GSM7248R.aspx]]'),(12,562,'[[NETGEAR%GPASS%GSM7224 | http://www.netgear.com/Products/Switches/FullyManaged10_100_1000Switches/GSM7224.aspx]]'),(12,563,'[[NETGEAR%GPASS%FSM750S | http://www.netgear.com/Products/Switches/Layer2ManagedSwitches/FSM750S.aspx]]'),(12,564,'[[NETGEAR%GPASS%FSM726 | http://www.netgear.com/Products/Switches/Layer2ManagedSwitches/FSM726.aspx]]'),(12,565,'[[NETGEAR%GPASS%GS724TP | http://www.netgear.com/Products/Switches/SmartSwitches/GS724TP.aspx]]'),(12,566,'[[NETGEAR%GPASS%GS748TS | http://www.netgear.com/Products/Switches/SmartSwitches/GS748TS.aspx]]'),(12,567,'[[NETGEAR%GPASS%GS724T | http://www.netgear.com/Products/Switches/SmartSwitches/GS724T.aspx]]'),(12,568,'[[NETGEAR%GPASS%FS728TP | http://www.netgear.com/Products/Switches/SmartSwitches/FS728TP.aspx]]'),(12,569,'[[NETGEAR%GPASS%FS752TS | http://www.netgear.com/Products/Switches/SmartSwitches/FS752TS.aspx]]'),(12,570,'[[NETGEAR%GPASS%FS728TS | http://www.netgear.com/Products/Switches/SmartSwitches/FS728TS.aspx]]'),(12,571,'[[NETGEAR%GPASS%FS726T | http://www.netgear.com/Products/Switches/SmartSwitches/FS726T.aspx]]'),(12,572,'[[NETGEAR%GPASS%GS748TP | http://www.netgear.com/Products/Switches/SmartSwitches/GS748TP.aspx]]'),(12,573,'[[NETGEAR%GPASS%GS724TS | http://www.netgear.com/Products/Switches/SmartSwitches/GS724TS.aspx]]'),(12,574,'[[NETGEAR%GPASS%GS748T | http://www.netgear.com/Products/Switches/SmartSwitches/GS748T.aspx]]'),(12,575,'[[NETGEAR%GPASS%GS716T | http://www.netgear.com/Products/Switches/SmartSwitches/GS716T.aspx]]'),(12,576,'[[NETGEAR%GPASS%FS752TPS | http://www.netgear.com/Products/Switches/SmartSwitches/FS752TPS.aspx]]'),(12,577,'[[NETGEAR%GPASS%FS750T2 | http://www.netgear.com/Products/Switches/SmartSwitches/FS750T2.aspx]]'),(12,578,'[[NETGEAR%GPASS%FS726TP | http://www.netgear.com/Products/Switches/SmartSwitches/FS726TP.aspx]]'),(12,579,'[[NETGEAR%GPASS%FSM7328PS | http://www.netgear.com/Products/Switches/Layer3ManagedSwitches/FSM7328PS.aspx]]'),(12,580,'[[NETGEAR%GPASS%GSM7352S | http://www.netgear.com/Products/Switches/Layer3ManagedSwitches/GSM7352S.aspx]]'),(12,581,'[[NETGEAR%GPASS%GSM7324 | http://www.netgear.com/Products/Switches/Layer3ManagedSwitches/GSM7324.aspx]]'),(12,582,'[[NETGEAR%GPASS%FSM7326P | http://www.netgear.com/Products/Switches/Layer3ManagedSwitches/FSM7326P.aspx]]'),(12,583,'[[NETGEAR%GPASS%FSM7352PS | http://www.netgear.com/Products/Switches/Layer3ManagedSwitches/FSM7352PS.aspx]]'),(12,584,'[[NETGEAR%GPASS%GSM7328FS | http://www.netgear.com/Products/Switches/Layer3ManagedSwitches/GSM7328FS.aspx]]'),(12,585,'[[NETGEAR%GPASS%GSM7328S | http://www.netgear.com/Products/Switches/Layer3ManagedSwitches/GSM7328S.aspx]]'),(12,586,'[[NETGEAR%GPASS%GSM7312 | http://www.netgear.com/Products/Switches/Layer3ManagedSwitches/GSM7312.aspx]]'),(12,587,'[[NETGEAR%GPASS%FSM7328S | http://www.netgear.com/Products/Switches/Layer3ManagedSwitches/FSM7328S.aspx]]'),(12,588,'[[NETGEAR%GPASS%FSM7352S | http://www.netgear.com/Products/Switches/Layer3ManagedSwitches/FSM7352S.aspx]]'),(12,589,'[[D-Link%GPASS%DES-6500 | http://www.dlink.com/products/?sec=0&pid=341]]'),(12,590,'[[D-Link%GPASS%DWS-3227 | http://www.dlink.com/products/?sec=0&pid=506]]'),(12,591,'[[D-Link%GPASS%DWS-3227P | http://www.dlink.com/products/?sec=0&pid=507]]'),(12,592,'[[D-Link%GPASS%DWS-3250 | http://www.dlink.com/products/?sec=0&pid=468]]'),(12,593,'[[D-Link%GPASS%DWS-1008 | http://www.dlink.com/products/?sec=0&pid=434]]'),(12,594,'[[D-Link%GPASS%DGS-3612G | http://www.dlink.com/products/?sec=0&pid=557]]'),(12,595,'[[D-Link%GPASS%DGS-3627 | http://www.dlink.com/products/?sec=0&pid=639]]'),(12,596,'[[D-Link%GPASS%DGS-3650 | http://www.dlink.com/products/?sec=0&pid=640]]'),(12,597,'[[D-Link%GPASS%DGS-3324SR | http://www.dlink.com/products/?sec=0&pid=294]]'),(12,598,'[[D-Link%GPASS%DGS-3324SRi | http://www.dlink.com/products/?sec=0&pid=309]]'),(12,599,'[[D-Link%GPASS%DXS-3326GSR | http://www.dlink.com/products/?sec=0&pid=339]]'),(12,600,'[[D-Link%GPASS%DXS-3350SR | http://www.dlink.com/products/?sec=0&pid=340]]'),(12,601,'[[D-Link%GPASS%DES-3828 | http://www.dlink.com/products/?sec=0&pid=439]]'),(12,602,'[[D-Link%GPASS%DES-3828P | http://www.dlink.com/products/?sec=0&pid=440]]'),(12,603,'[[D-Link%GPASS%DGS-3100-24 | http://www.dlink.com/products/?sec=0&pid=635]]'),(12,604,'[[D-Link%GPASS%DGS-3100-24P | http://www.dlink.com/products/?sec=0&pid=636]]'),(12,605,'[[D-Link%GPASS%DGS-3100-48 | http://www.dlink.com/products/?sec=0&pid=637]]'),(12,606,'[[D-Link%GPASS%DGS-3100-48P | http://www.dlink.com/products/?sec=0&pid=638]]'),(12,607,'[[D-Link%GPASS%DXS-3227 | http://www.dlink.com/products/?sec=0&pid=483]]'),(12,608,'[[D-Link%GPASS%DXS-3227P | http://www.dlink.com/products/?sec=0&pid=497]]'),(12,609,'[[D-Link%GPASS%DXS-3250 | http://www.dlink.com/products/?sec=0&pid=443]]'),(12,610,'[[D-Link%GPASS%DGS-3024 | http://www.dlink.com/products/?sec=0&pid=404]]'),(12,611,'[[D-Link%GPASS%DGS-3224TGR | http://www.dlink.com/products/?sec=0&pid=269]]'),(12,612,'[[D-Link%GPASS%DGS-3048 | http://www.dlink.com/products/?sec=0&pid=496]]'),(12,613,'[[D-Link%GPASS%DES-3228PA | http://www.dlink.com/products/?sec=0&pid=644]]'),(12,614,'[[D-Link%GPASS%DES-3028 | http://www.dlink.com/products/?sec=0&pid=630]]'),(12,615,'[[D-Link%GPASS%DES-3028P | http://www.dlink.com/products/?sec=0&pid=631]]'),(12,616,'[[D-Link%GPASS%DES-3052 | http://www.dlink.com/products/?sec=0&pid=632]]'),(12,617,'[[D-Link%GPASS%DES-3052P | http://www.dlink.com/products/?sec=0&pid=633]]'),(12,618,'[[D-Link%GPASS%DES-3010FA | http://www.dlink.com/products/?sec=0&pid=423]]'),(12,619,'[[D-Link%GPASS%DES-3010GA | http://www.dlink.com/products/?sec=0&pid=424]]'),(12,620,'[[D-Link%GPASS%DES-3010PA | http://www.dlink.com/products/?sec=0&pid=469]]'),(12,621,'[[D-Link%GPASS%DES-3226L | http://www.dlink.com/products/?sec=0&pid=298]]'),(12,622,'[[D-Link%GPASS%DES-3526 | http://www.dlink.com/products/?sec=0&pid=330]]'),(12,623,'[[D-Link%GPASS%DES-3550 | http://www.dlink.com/products/?sec=0&pid=331]]'),(12,624,'[[D-Link%GPASS%DGS-1216T | http://www.dlink.com/products/?sec=0&pid=324]]'),(12,625,'[[D-Link%GPASS%DGS-1224T | http://www.dlink.com/products/?sec=0&pid=329]]'),(12,626,'[[D-Link%GPASS%DGS-1248T | http://www.dlink.com/products/?sec=0&pid=367]]'),(12,627,'[[D-Link%GPASS%DES-1316 | http://www.dlink.com/products/?sec=0&pid=353]]'),(12,628,'[[D-Link%GPASS%DES-1228 | http://www.dlink.com/products/?sec=0&pid=540]]'),(12,629,'[[D-Link%GPASS%DES-1228P | http://www.dlink.com/products/?sec=0&pid=541]]'),(12,630,'[[D-Link%GPASS%DES-1252 | http://www.dlink.com/products/?sec=0&pid=555]]'),(12,631,'[[D-Link%GPASS%DGS-1016D | http://www.dlink.com/products/?sec=0&pid=337]]'),(12,632,'[[D-Link%GPASS%DGS-1024D | http://www.dlink.com/products/?sec=0&pid=338]]'),(12,633,'[[D-Link%GPASS%DSS-24+ | http://www.dlink.com/products/?sec=0&pid=73]]'),(12,634,'[[D-Link%GPASS%DES-1024D | http://www.dlink.com/products/?sec=0&pid=75]]'),(12,635,'[[D-Link%GPASS%DES-1026G | http://www.dlink.com/products/?sec=0&pid=76]]'),(21,636,'[[D-Link%GPASS%DKVM-16 | http://www.dlink.com/products/?sec=0&pid=228]]'),(21,637,'[[D-Link%GPASS%DKVM-8E | http://www.dlink.com/products/?sec=0&pid=161]]'),(22,638,'[[Raisecom%GPASS%RC702 | http://www.raisecom-international.com/p/RC702.htm]]'),(22,639,'[[Raisecom%GPASS%RC702-GE | http://www.raisecom-international.com/p/RC702GE.htm]]'),(22,640,'[[Raisecom%GPASS%ISCOM4300 | http://www.raisecom-international.com/p/ISCOM4300.htm]]'),(22,641,'[[Raisecom%GPASS%RC953-FE4E1 | http://www.raisecom-international.com/p/RC953FE4E1.htm]]'),(22,642,'[[Raisecom%GPASS%RC953-FX4E1 | http://www.raisecom-international.com/p/RC953FE4E1.htm]]'),(22,643,'[[Raisecom%GPASS%RC953-FE8E1 | http://www.raisecom-international.com/p/RC953FE4E1.htm]]'),(22,644,'[[Raisecom%GPASS%RC953-FX8E1 | http://www.raisecom-international.com/p/RC953FE4E1.htm]]'),(22,645,'[[Raisecom%GPASS%RC953-8FE16E1 | http://www.raisecom-international.com/p/RC9538FE16E1.htm]]'),(22,646,'[[Raisecom%GPASS%RC953E-3FE16E1 | http://www.raisecom-international.com/p/RC953E-3FE16E1.htm]]'),(22,647,'[[Raisecom%GPASS%RC953-GESTM1 | http://www.raisecom-international.com/p/RC957.htm]]'),(22,648,'[[Raisecom%GPASS%OPCOM3100-155 | http://www.raisecom-international.com/p/OPCOM3100.htm]]'),(22,649,'[[Raisecom%GPASS%OPCOM3101-155 | http://www.raisecom-international.com/p/OPCOM3101.htm]]'),(22,650,'[[Raisecom%GPASS%RC831-120 | http://www.raisecom-international.com/p/RC831.htm]]'),(22,651,'[[Raisecom%GPASS%RC831-120-BL | http://www.raisecom-international.com/p/RC831.htm]]'),(22,652,'[[Raisecom%GPASS%RC831-240 | http://www.raisecom-international.com/p/RC831.htm]]'),(22,653,'[[Raisecom%GPASS%RC831-240E | http://www.raisecom-international.com/p/RC831.htm]]'),(22,654,'[[Raisecom%GPASS%RCMS2801-480GE-BL | http://www.raisecom-international.com/p/RCMS280X.htm]]'),(22,655,'[[Raisecom%GPASS%RCMS2801-120FE | http://www.raisecom-international.com/p/RCMS2801.htm]]'),(22,656,'[[Raisecom%GPASS%RCMS2801-120FE-BL | http://www.raisecom-international.com/p/RCMS2801.htm]]'),(22,657,'[[Raisecom%GPASS%RCMS2801-240FE | http://www.raisecom-international.com/p/RCMS2801.htm]]'),(22,658,'[[Raisecom%GPASS%RCMS2801-240FE-BL | http://www.raisecom-international.com/p/RCMS2801.htm]]'),(22,659,'[[Raisecom%GPASS%RCMS2801-240EFE | http://www.raisecom-international.com/p/RCMS2801.htm]]'),(22,660,'[[Raisecom%GPASS%RCMS2811-120FE | http://www.raisecom-international.com/p/RCMS2811.htm]]'),(22,661,'[[Raisecom%GPASS%RCMS2811-240FE | http://www.raisecom-international.com/p/RCMS2811.htm]]'),(22,662,'[[Raisecom%GPASS%RCMS2811-240FE-BL | http://www.raisecom-international.com/p/RCMS2811.htm]]'),(22,663,'[[Raisecom%GPASS%RCMS2811-480FE | http://www.raisecom-international.com/p/RCMS2811.htm]]'),(22,664,'[[Raisecom%GPASS%RCMS2811-480FE-BL | http://www.raisecom-international.com/p/RCMS2811.htm]]'),(22,665,'[[Raisecom%GPASS%RCMS2811-240EFE | http://www.raisecom-international.com/p/RCMS2811-240EFE.htm]]'),(22,666,'[[Raisecom%GPASS%RCMS2104-120 | http://www.raisecom-international.com/p/RCMS2000120.htm]]'),(22,667,'[[Raisecom%GPASS%RCMS2304-120 | http://www.raisecom-international.com/p/RCMS2000120.htm]]'),(22,668,'[[Raisecom%GPASS%RCMS2504-120 | http://www.raisecom-international.com/p/RCMS2000120.htm]]'),(22,669,'[[Raisecom%GPASS%RCMS2104-240 | http://www.raisecom-international.com/p/RCMS2000120.htm]]'),(22,670,'[[Raisecom%GPASS%RCMS2304-240 | http://www.raisecom-international.com/p/RCMS2000120.htm]]'),(22,671,'[[Raisecom%GPASS%RCMS2504-240 | http://www.raisecom-international.com/p/RCMS2000120.htm]]'),(22,672,'[[Raisecom%GPASS%RC801-120B | http://www.raisecom-international.com/p/RC800120.htm]]'),(22,673,'[[Raisecom%GPASS%RC801-240B | http://www.raisecom-international.com/p/RC800120.htm]]'),(22,674,'[[Raisecom%GPASS%RC801-480B | http://www.raisecom-international.com/p/RC800120.htm]]'),(22,675,'[[Raisecom%GPASS%RC803-120B | http://www.raisecom-international.com/p/RC800120.htm]]'),(22,676,'[[Raisecom%GPASS%RC803-240B | http://www.raisecom-international.com/p/RC800120.htm]]'),(22,677,'[[Raisecom%GPASS%RC803-480B | http://www.raisecom-international.com/p/RC800120.htm]]'),(22,678,'[[Raisecom%GPASS%RC805-120B | http://www.raisecom-international.com/p/RC800120.htm]]'),(22,679,'[[Raisecom%GPASS%RC805-240B | http://www.raisecom-international.com/p/RC800120.htm]]'),(22,680,'[[Raisecom%GPASS%RC805-480B | http://www.raisecom-international.com/p/RC800120.htm]]'),(2,681,'RS-232 (DB-9)'),(2,682,'RS-232 (DB-25)'),(12,683,'[[Force10%GPASS%S2410P | http://www.force10networks.com/products/s2410.asp]]'),(12,684,'[[Extreme Networks%GPASS%Summit X150-24t | http://www.extremenetworks.com/products/summit-x150.aspx]]'),(12,685,'[[Extreme Networks%GPASS%Summit X150-48t | http://www.extremenetworks.com/products/summit-x150.aspx]]'),(12,686,'[[Extreme Networks%GPASS%Summit X150-24p | http://www.extremenetworks.com/products/summit-x150.aspx]]'),(12,687,'[[Extreme Networks%GPASS%Summit X250e-24t | http://www.extremenetworks.com/products/summit-x250e.aspx]]'),(12,688,'[[Extreme Networks%GPASS%Summit X250e-48t | http://www.extremenetworks.com/products/summit-x250e.aspx]]'),(12,689,'[[Extreme Networks%GPASS%Summit X250e-24p | http://www.extremenetworks.com/products/summit-x250e.aspx]]'),(12,690,'[[Extreme Networks%GPASS%Summit X250e-48p | http://www.extremenetworks.com/products/summit-x250e.aspx]]'),(12,691,'[[Extreme Networks%GPASS%Summit X250e-24x | http://www.extremenetworks.com/products/summit-x250e.aspx]]'),(12,692,'[[Extreme Networks%GPASS%Summit X450-24t | http://www.extremenetworks.com/products/summit-x450.aspx]]'),(12,693,'[[Extreme Networks%GPASS%Summit X450-24x | http://www.extremenetworks.com/products/summit-x450.aspx]]'),(12,694,'[[Extreme Networks%GPASS%Summit X450a-24t | http://www.extremenetworks.com/products/summit-x450a.aspx]]'),(12,695,'[[Extreme Networks%GPASS%Summit X450a-48t | http://www.extremenetworks.com/products/summit-x450a.aspx]]'),(12,696,'[[Extreme Networks%GPASS%Summit X450a-24x | http://www.extremenetworks.com/products/summit-x450a.aspx]]'),(12,697,'[[Extreme Networks%GPASS%Summit X450e-24p | http://www.extremenetworks.com/products/summit-x450e.aspx]]'),(12,698,'[[Extreme Networks%GPASS%Summit X450e-48p | http://www.extremenetworks.com/products/summit-x450e.aspx]]'),(12,699,'[[Extreme Networks%GPASS%Summit 200-24fx | http://www.extremenetworks.com/products/summit-200.aspx]]'),(12,700,'[[Extreme Networks%GPASS%Summit 200-24 | http://www.extremenetworks.com/products/summit-200.aspx]]'),(12,701,'[[Extreme Networks%GPASS%Summit 200-48 | http://www.extremenetworks.com/products/summit-200.aspx]]'),(12,702,'[[Extreme Networks%GPASS%Summit 300-24 | http://www.extremenetworks.com/products/summit-300.aspx]]'),(12,703,'[[Extreme Networks%GPASS%Summit 300-48 | http://www.extremenetworks.com/products/summit-300.aspx]]'),(12,704,'[[Extreme Networks%GPASS%Summit 400-24p | http://www.extremenetworks.com/products/summit-400-24p.aspx]]'),(12,705,'[[Extreme Networks%GPASS%Summit 400-24t | http://www.extremenetworks.com/products/summit-400-24t.aspx]]'),(12,706,'[[Extreme Networks%GPASS%Summit 400-48t | http://www.extremenetworks.com/products/summit-400-48t.aspx]]'),(12,707,'[[Extreme Networks%GPASS%Summit48si | http://www.extremenetworks.com/products/summit-48si.aspx]]'),(12,708,'[[Extreme Networks%GPASS%Alpine 3804 | http://www.extremenetworks.com/products/Alpine-3800.aspx]]'),(12,709,'[[Extreme Networks%GPASS%Alpine 3808 | http://www.extremenetworks.com/products/Alpine-3800.aspx]]'),(12,710,'[[Extreme Networks%GPASS%BlackDiamond 6808 | http://www.extremenetworks.com/products/blackdiamond-6800.aspx]]'),(12,711,'[[Extreme Networks%GPASS%BlackDiamond 8806 | http://www.extremenetworks.com/products/blackdiamond-8800.aspx]]'),(12,712,'[[Extreme Networks%GPASS%BlackDiamond 8810 | http://www.extremenetworks.com/products/blackdiamond-8800.aspx]]'),(12,713,'[[Extreme Networks%GPASS%BlackDiamond 10808 | http://www.extremenetworks.com/products/blackdiamond-10808.aspx]]'),(12,714,'[[Extreme Networks%GPASS%BlackDiamond 12802R | http://www.extremenetworks.com/products/blackdiamond-12800r.aspx]]'),(12,715,'[[Extreme Networks%GPASS%BlackDiamond 12804R | http://www.extremenetworks.com/products/blackdiamond-12800r.aspx]]'),(12,716,'[[Extreme Networks%GPASS%BlackDiamond 12804C | http://www.extremenetworks.com/products/blackdiamond-12804c.aspx]]'),(24,717,'[[Cisco%GPASS%ASR 1002 | http://cisco.com/en/US/products/ps9436/index.html]]'),(24,718,'[[Cisco%GPASS%ASR 1004 | http://cisco.com/en/US/products/ps9437/index.html]]'),(24,719,'[[Cisco%GPASS%ASR 1006 | http://cisco.com/en/US/products/ps9438/index.html]]'),(13,720,'[[BSD%GSKIP%OpenBSD 3.3 | http://openbsd.org/33.html]]'),(13,721,'[[BSD%GSKIP%OpenBSD 3.4 | http://openbsd.org/34.html]]'),(13,722,'[[BSD%GSKIP%OpenBSD 3.5 | http://openbsd.org/35.html]]'),(13,723,'[[BSD%GSKIP%OpenBSD 3.6 | http://openbsd.org/36.html]]'),(13,724,'[[BSD%GSKIP%OpenBSD 3.7 | http://openbsd.org/37.html]]'),(13,725,'[[BSD%GSKIP%OpenBSD 3.8 | http://openbsd.org/38.html]]'),(13,726,'[[BSD%GSKIP%OpenBSD 3.9 | http://openbsd.org/39.html]]'),(13,727,'[[BSD%GSKIP%OpenBSD 4.0 | http://openbsd.org/40.html]]'),(13,728,'[[BSD%GSKIP%OpenBSD 4.1 | http://openbsd.org/41.html]]'),(13,729,'[[BSD%GSKIP%OpenBSD 4.2 | http://openbsd.org/42.html]]'),(13,730,'[[BSD%GSKIP%OpenBSD 4.3 | http://openbsd.org/43.html]]'),(13,732,'[[BSD%GSKIP%FreeBSD 7.0 | http://www.freebsd.org/releases/7.0R/announce.html]]'),(13,733,'[[BSD%GSKIP%NetBSD 2.0 | http://netbsd.org/releases/formal-2.0/]]'),(13,734,'[[BSD%GSKIP%NetBSD 2.1 | http://netbsd.org/releases/formal-2.0/NetBSD-2.1.html]]'),(13,735,'[[BSD%GSKIP%NetBSD 3.0 | http://netbsd.org/releases/formal-3/]]'),(13,736,'[[BSD%GSKIP%NetBSD 3.1 | http://netbsd.org/releases/formal-3/NetBSD-3.1.html]]'),(13,737,'[[BSD%GSKIP%NetBSD 4.0 | http://netbsd.org/releases/formal-4/NetBSD-4.0.html]]'),(12,738,'[[3Com%GPASS%Baseline 2016 | http://www.3com.com/products/en_US/detail.jsp?tab=features&pathtype=purchase&sku=3C16470B]]'),(12,739,'[[3Com%GPASS%Baseline 2024 | http://www.3com.com/products/en_US/detail.jsp?tab=features&pathtype=purchase&sku=3C16471B]]'),(12,740,'[[3Com%GPASS%Baseline 2126-G | http://www.3com.com/products/en_US/detail.jsp?tab=features&pathtype=purchase&sku=3C16472]]'),(12,741,'[[3Com%GPASS%Baseline 2816 | http://www.3com.com/products/en_US/detail.jsp?tab=features&pathtype=purchase&sku=3C16478]]'),(12,742,'[[3Com%GPASS%Baseline 2824 | http://www.3com.com/products/en_US/detail.jsp?tab=features&pathtype=purchase&sku=3C16479]]'),(12,743,'[[3Com%GPASS%Baseline 2226 Plus | http://www.3com.com/products/en_US/detail.jsp?tab=features&pathtype=purchase&sku=3C16475CS]]'),(12,744,'[[3Com%GPASS%Baseline 2426-PWR Plus | http://www.3com.com/products/en_US/detail.jsp?tab=features&pathtype=purchase&sku=3C16491]]'),(12,745,'[[3Com%GPASS%Baseline 2250 Plus | http://www.3com.com/products/en_US/detail.jsp?tab=features&pathtype=purchase&sku=3C16476CS]]'),(12,746,'[[3Com%GPASS%Baseline 2916-SFP Plus | http://www.3com.com/products/en_US/detail.jsp?tab=features&pathtype=purchase&sku=3CBLSG16]]'),(12,747,'[[3Com%GPASS%Baseline 2924-SFP Plus | http://www.3com.com/products/en_US/detail.jsp?tab=features&pathtype=purchase&sku=3CBLSG24]]'),(12,748,'[[3Com%GPASS%Baseline 2924-PWR Plus | http://www.3com.com/products/en_US/detail.jsp?tab=features&pathtype=purchase&sku=3CBLSG24PWR]]'),(12,749,'[[3Com%GPASS%Baseline 2948-SFP Plus | http://www.3com.com/products/en_US/detail.jsp?tab=features&pathtype=purchase&sku=3CBLSG48]]'),(12,750,'[[3Com%GPASS%3870 24-port | http://www.3com.com/products/en_US/detail.jsp?tab=features&pathtype=purchase&sku=3CR17450-91]]'),(12,751,'[[3Com%GPASS%3870 48-port | http://www.3com.com/products/en_US/detail.jsp?tab=features&pathtype=purchase&sku=3CR17451-91]]'),(12,752,'[[3Com%GPASS%4200 26-port | http://www.3com.com/products/en_US/detail.jsp?tab=features&sku=3C17300A&pathtype=purchase]]'),(12,753,'[[3Com%GPASS%4200 28-port | http://www.3com.com/products/en_US/detail.jsp?tab=features&sku=3C17304A&pathtype=purchase]]'),(12,754,'[[3Com%GPASS%4200 50-port | http://www.3com.com/products/en_US/detail.jsp?tab=features&sku=3C17302A&pathtype=purchase]]'),(12,755,'[[3Com%GPASS%4200G 12-port | http://www.3com.com/products/en_US/detail.jsp?tab=features&sku=3CR17660-91&pathtype=purchase]]'),(12,756,'[[3Com%GPASS%4200G 24-port | http://www.3com.com/products/en_US/detail.jsp?tab=features&sku=3CR17661-91&pathtype=purchase]]'),(12,757,'[[3Com%GPASS%4200G PWR 24-port | http://www.3com.com/products/en_US/detail.jsp?tab=features&sku=3CR17671-91&pathtype=purchase]]'),(12,758,'[[3Com%GPASS%4200G 48-port | http://www.3com.com/products/en_US/detail.jsp?tab=features&sku=3CR17662-91&pathtype=purchase]]'),(12,759,'[[3Com%GPASS%4210 26-port | http://www.3com.com/products/en_US/detail.jsp?tab=features&pathtype=purchase&sku=3CR17333-91]]'),(12,760,'[[3Com%GPASS%4210 52-port | http://www.3com.com/products/en_US/detail.jsp?tab=features&pathtype=purchase&sku=3CR17334-91]]'),(12,761,'[[3Com%GPASS%4210 26-port PWR | http://www.3com.com/products/en_US/detail.jsp?tab=features&pathtype=purchase&sku=3CR17343-91]]'),(12,762,'[[3Com%GPASS%SS3 4400 48-port | http://www.3com.com/products/en_US/detail.jsp?tab=features&pathtype=purchase&sku=3C17204-US]]'),(12,763,'[[3Com%GPASS%SS3 4400 24-port | http://www.3com.com/products/en_US/detail.jsp?tab=features&pathtype=purchase&sku=3C17203-US]]'),(12,764,'[[3Com%GPASS%SS3 4400 PWR | http://www.3com.com/products/en_US/detail.jsp?tab=features&pathtype=purchase&sku=3C17205-US]]'),(12,765,'[[3Com%GPASS%SS3 4400 SE 24-port | http://www.3com.com/products/en_US/detail.jsp?tab=features&pathtype=purchase&sku=3C17206-US]]'),(12,766,'[[3Com%GPASS%4500 26-port | http://www.3com.com/products/en_US/detail.jsp?tab=features&pathtype=purchase&sku=3CR17561-91]]'),(12,767,'[[3Com%GPASS%4500 50-port | http://www.3com.com/products/en_US/detail.jsp?tab=features&pathtype=purchase&sku=3CR17562-91]]'),(12,768,'[[3Com%GPASS%4500 PWR 26-port | http://www.3com.com/products/en_US/detail.jsp?tab=features&pathtype=purchase&sku=3CR17571-91]]'),(12,769,'[[3Com%GPASS%4500 PWR 50-port | http://www.3com.com/products/en_US/detail.jsp?tab=features&pathtype=purchase&sku=3CR17572-91]]'),(12,770,'[[3Com%GPASS%4500G 24-port | http://www.3com.com/products/en_US/detail.jsp?tab=features&pathtype=purchase&sku=3CR17761-91]]'),(12,771,'[[3Com%GPASS%4500G 48-port | http://www.3com.com/products/en_US/detail.jsp?tab=features&pathtype=purchase&sku=3CR17762-91]]'),(12,772,'[[3Com%GPASS%4500G PWR 24-port | http://www.3com.com/products/en_US/detail.jsp?tab=features&pathtype=purchase&sku=3CR17771-91]]'),(12,773,'[[3Com%GPASS%4500G PWR 48-port | http://www.3com.com/products/en_US/detail.jsp?tab=features&pathtype=purchase&sku=3CR17772-91]]'),(12,774,'[[3Com%GPASS%5500-EI 28-port | http://www.3com.com/products/en_US/detail.jsp?tab=features&pathtype=purchase&sku=3CR17161-91]]'),(12,775,'[[3Com%GPASS%5500-EI 52-port | http://www.3com.com/products/en_US/detail.jsp?tab=features&pathtype=purchase&sku=3CR17162-91]]'),(12,776,'[[3Com%GPASS%5500-EI 28-port PWR | http://www.3com.com/products/en_US/detail.jsp?tab=features&pathtype=purchase&sku=3CR17171-91]]'),(12,777,'[[3Com%GPASS%5500-EI 52-port PWR | http://www.3com.com/products/en_US/detail.jsp?tab=features&pathtype=purchase&sku=3CR17172-91]]'),(12,778,'[[3Com%GPASS%5500-EI 28-port FX | http://www.3com.com/products/en_US/detail.jsp?tab=features&pathtype=purchase&sku=3CR17181-91]]'),(12,779,'[[3Com%GPASS%5500G-EI 24-port | http://www.3com.com/products/en_US/detail.jsp?tab=features&pathtype=purchase&sku=3CR17250-91]]'),(12,780,'[[3Com%GPASS%5500G-EI 48-port | http://www.3com.com/products/en_US/detail.jsp?tab=features&pathtype=purchase&sku=3CR17251-91]]'),(12,781,'[[3Com%GPASS%5500G-EI PWR 24-port | http://www.3com.com/products/en_US/detail.jsp?tab=features&pathtype=purchase&sku=3CR17252-91]]'),(12,782,'[[3Com%GPASS%5500G-EI 48-port PWR | http://www.3com.com/products/en_US/detail.jsp?tab=features&pathtype=purchase&sku=3CR17253-91]]'),(12,783,'[[3Com%GPASS%5500G-EI 24-port SFP | http://www.3com.com/products/en_US/detail.jsp?tab=features&pathtype=purchase&sku=3CR17258-91]]'),(12,784,'[[3Com%GPASS%7754 | http://www.3com.com/products/en_US/detail.jsp?tab=features&pathtype=purchase&sku=3C16894]]'),(12,785,'[[3Com%GPASS%7757 | http://www.3com.com/products/en_US/detail.jsp?tab=features&pathtype=purchase&sku=3C16895]]'),(12,786,'[[3Com%GPASS%7758 | http://www.3com.com/products/en_US/detail.jsp?tab=features&pathtype=purchase&sku=3C16896]]'),(12,787,'[[3Com%GPASS%8807 | http://www.3com.com/products/en_US/detail.jsp?tab=features&sku=3C17502A&pathtype=purchase]]'),(12,788,'[[3Com%GPASS%8810 | http://www.3com.com/products/en_US/detail.jsp?tab=features&sku=3C17501A&pathtype=purchase]]'),(12,789,'[[3Com%GPASS%8814 | http://www.3com.com/products/en_US/detail.jsp?tab=features&sku=3C17500A&pathtype=purchase]]'),(13,790,'Linux%GSKIP%RH Fedora 9'),(13,791,'[[Linux%GSKIP%openSUSE 11.0 | http://en.opensuse.org/OpenSUSE_11.0]]'),(11,792,'SGI%GPASS%Altix XE250'),(11,793,'SGI%GPASS%Altix XE310'),(11,794,'SGI%GPASS%Altix XE320'),(12,795,'[[Cisco (blade)%GPASS%Catalyst 3032-DEL | http://www.cisco.com/en/US/products/ps8772/index.html]]'),(13,796,'Linux%GSKIP%Ubuntu 8.10'),(13,797,'[[BSD%GSKIP%OpenBSD 4.4 | http://openbsd.org/44.html]]'),(1,798,'Network security'),(24,799,'Cisco%GPASS%ASA 5505'),(24,800,'Cisco%GPASS%ASA 5510'),(24,801,'Cisco%GPASS%ASA 5520'),(24,802,'Cisco%GPASS%ASA 5540'),(24,803,'Cisco%GPASS%ASA 5550'),(24,804,'Cisco%GPASS%ASA 5580-20'),(24,805,'Cisco%GPASS%ASA 5580-40'),(24,806,'[[Cisco%GPASS%IDS 4215 | http://www.cisco.com/en/US/products/hw/vpndevc/ps4077/ps5367/index.html]]'),(24,807,'[[Cisco%GPASS%IDS 4240 | http://www.cisco.com/en/US/products/ps5768/index.html]]'),(24,808,'[[Cisco%GPASS%IDS 4255 | http://www.cisco.com/en/US/products/ps5769/index.html]]'),(24,809,'[[Cisco%GPASS%IDS 4260 | http://www.cisco.com/en/US/products/ps6751/index.html]]'),(24,810,'[[Cisco%GPASS%IDS 4270 | http://www.cisco.com/en/US/products/ps9157/index.html]]'),(24,811,'Foundry%GPASS%SecureIron 100'),(24,812,'Foundry%GPASS%SecureIron 100C'),(24,813,'Foundry%GPASS%SecureIron 300'),(24,814,'Foundry%GPASS%SecureIron 300C'),(24,815,'Foundry%GPASS%SecureIronLS 100-4802'),(24,816,'Foundry%GPASS%SecureIronLS 300-32GC02'),(24,817,'Foundry%GPASS%SecureIronLS 300-32GC10G'),(24,818,'[[D-Link%GPASS%DFL-1600 | http://www.dlink.com/products/?sec=0&pid=454]]'),(24,819,'[[D-Link%GPASS%DFL-M510 | http://www.dlink.com/products/?sec=0&pid=455]]'),(24,820,'[[Extreme Networks%GPASS%Sentriant AG200 | http://www.extremenetworks.com/products/sentriant-ag200.aspx]]'),(24,821,'[[Extreme Networks%GPASS%Sentriant NG300 | http://www.extremenetworks.com/products/sentriant-ng300.aspx]]'),(24,822,'[[Force10%GPASS%P-Series | http://www.force10networks.com/products/pseries.asp]]'),(24,823,'[[Juniper%GPASS%SSG 140 | http://www.juniper.net/products_and_services/firewall_slash_ipsec_vpn/ssg_140/index.html]]'),(24,824,'[[Juniper%GPASS%SSG 320 | http://www.juniper.net/products_and_services/firewall_slash_ipsec_vpn/ssg_300_series/index.html]]'),(24,825,'[[Juniper%GPASS%SSG 350 | http://www.juniper.net/products_and_services/firewall_slash_ipsec_vpn/ssg_300_series/index.html]]'),(24,826,'[[Juniper%GPASS%SSG 520 | http://www.juniper.net/products_and_services/firewall_slash_ipsec_vpn/ssg_500_series/index.html]]'),(24,827,'[[Juniper%GPASS%SSG 550 | http://www.juniper.net/products_and_services/firewall_slash_ipsec_vpn/ssg_500_series/index.html]]'),(24,828,'[[Juniper%GPASS%ISG 1000 | http://www.juniper.net/products_and_services/firewall_slash_ipsec_vpn/isg_series_slash_gprs/index.html]]'),(24,829,'[[Juniper%GPASS%ISG 2000 | http://www.juniper.net/products_and_services/firewall_slash_ipsec_vpn/isg_series_slash_gprs/index.html]]'),(24,830,'[[Juniper%GPASS%NetScreen 5200 | http://www.juniper.net/products_and_services/firewall_slash_ipsec_vpn/isg_series_slash_gprs/index.html]]'),(24,831,'[[Juniper%GPASS%NetScreen 5400 | http://www.juniper.net/products_and_services/firewall_slash_ipsec_vpn/isg_series_slash_gprs/index.html]]'),(24,832,'[[Juniper%GPASS%SRX 5600 | http://www.juniper.net/products_and_services/srx_series/index.html]]'),(24,833,'[[Juniper%GPASS%SRX 5800 | http://www.juniper.net/products_and_services/srx_series/index.html]]'),(24,834,'[[SonicWall%GPASS%PRO 1260 | http://www.sonicwall.com/us/products/PRO_1260.html]]'),(24,835,'[[SonicWall%GPASS%PRO 2040 | http://www.sonicwall.com/us/products/PRO_2040.html]]'),(24,836,'[[SonicWall%GPASS%PRO 3060 | http://www.sonicwall.com/us/products/PRO_3060.html]]'),(24,837,'[[SonicWall%GPASS%PRO 4060 | http://www.sonicwall.com/us/products/PRO_4060.html]]'),(24,838,'[[SonicWall%GPASS%PRO 4100 | http://www.sonicwall.com/us/products/PRO_4100.html]]'),(24,839,'[[SonicWall%GPASS%PRO 5060 | http://www.sonicwall.com/us/products/PRO_5060.html]]'),(24,840,'[[SonicWall%GPASS%NSA 240 | http://www.sonicwall.com/us/products/NSA_240.html]]'),(24,841,'[[SonicWall%GPASS%NSA 2400 | http://www.sonicwall.com/us/products/NSA_2400.html]]'),(24,842,'[[SonicWall%GPASS%NSA 3500 | http://www.sonicwall.com/us/products/NSA_3500.html]]'),(24,843,'[[SonicWall%GPASS%NSA 4500 | http://www.sonicwall.com/us/products/NSA_4500.html]]'),(24,844,'[[SonicWall%GPASS%NSA 5000 | http://www.sonicwall.com/us/products/NSA_5000.html]]'),(24,845,'[[SonicWall%GPASS%NSA E5500 | http://www.sonicwall.com/us/products/NSA_E5500.html]]'),(24,846,'[[SonicWall%GPASS%NSA E6500 | http://www.sonicwall.com/us/products/NSA_E6500.html]]'),(24,847,'[[SonicWall%GPASS%NSA E7500 | http://www.sonicwall.com/us/products/NSA_E7500.html]]'),(12,848,'[[HP ProCurve%GPASS%1400-24G | http://www.hp.com/rnd/products/switches/ProCurve_Switch_1400_Series/overview.htm]]'),(12,849,'[[HP ProCurve%GPASS%1700-24 | http://www.hp.com/rnd/products/switches/ProCurve_Switch_1700_Series/overview.htm]]'),(12,850,'[[HP ProCurve%GPASS%1800-24G | http://www.hp.com/rnd/products/switches/ProCurve_Switch_1800_Series/overview.htm]]'),(12,851,'[[HP ProCurve%GPASS%2124 | http://www.hp.com/rnd/products/switches/switch2124/overview.htm]]'),(12,852,'[[HP ProCurve%GPASS%2312 | http://www.hp.com/rnd/products/switches/switch2324-2312/overview.htm]]'),(12,853,'[[HP ProCurve%GPASS%2324 | http://www.hp.com/rnd/products/switches/switch2324-2312/overview.htm]]'),(12,854,'[[HP ProCurve%GPASS%2510-24 | http://www.hp.com/rnd/products/switches/ProCurve_Switch_2510_Series/overview.htm]]'),(12,855,'[[HP ProCurve%GPASS%2510-48 | http://www.hp.com/rnd/products/switches/ProCurve_Switch_2510_Series/overview.htm]]'),(12,856,'[[HP ProCurve%GPASS%2510G-24 | http://www.hp.com/rnd/products/switches/ProCurve_Switch_2510_Series/overview.htm]]'),(12,857,'[[HP ProCurve%GPASS%2510G-48 | http://www.hp.com/rnd/products/switches/ProCurve_Switch_2510_Series/overview.htm]]'),(12,858,'[[HP ProCurve%GPASS%2512 | http://www.hp.com/rnd/products/switches/switch2524-2512/overview.htm]]'),(12,859,'[[HP ProCurve%GPASS%2524 | http://www.hp.com/rnd/products/switches/switch2524-2512/overview.htm]]'),(12,860,'[[HP ProCurve%GPASS%2610-24 | http://www.hp.com/rnd/products/switches/ProCurve_Switch_2610_Series/overview.htm]]'),(12,861,'[[HP ProCurve%GPASS%2610-24-PWR | http://www.hp.com/rnd/products/switches/ProCurve_Switch_2610_Series/overview.htm]]'),(12,862,'[[HP ProCurve%GPASS%2610-48 | http://www.hp.com/rnd/products/switches/ProCurve_Switch_2610_Series/overview.htm]]'),(12,863,'[[HP ProCurve%GPASS%2610-48-PWR | http://www.hp.com/rnd/products/switches/ProCurve_Switch_2610_Series/overview.htm]]'),(12,864,'[[HP ProCurve%GPASS%2626 | http://www.hp.com/rnd/products/switches/switch2600series/overview.htm]]'),(12,865,'[[HP ProCurve%GPASS%2626-PWR | http://www.hp.com/rnd/products/switches/switch2600series/overview.htm]]'),(12,866,'[[HP ProCurve%GPASS%2650 | http://www.hp.com/rnd/products/switches/switch2600series/overview.htm]]'),(12,867,'[[HP ProCurve%GPASS%2650-PWR | http://www.hp.com/rnd/products/switches/switch2600series/overview.htm]]'),(12,868,'[[HP ProCurve%GPASS%2810-24G | http://www.hp.com/rnd/products/switches/ProCurve_Switch_2810_Series/overview.htm]]'),(12,869,'[[HP ProCurve%GPASS%2810-48G | http://www.hp.com/rnd/products/switches/ProCurve_Switch_2810_Series/overview.htm]]'),(12,870,'[[HP ProCurve%GPASS%2824 | http://www.hp.com/rnd/products/switches/2800_series/overview.htm]]'),(12,871,'[[HP ProCurve%GPASS%2848 | http://www.hp.com/rnd/products/switches/2800_series/overview.htm]]'),(12,872,'[[HP ProCurve%GPASS%2900-24G | http://www.hp.com/rnd/products/switches/ProCurve_Switch_2900_Series/overview.htm]]'),(12,873,'[[HP ProCurve%GPASS%2900-48G | http://www.hp.com/rnd/products/switches/ProCurve_Switch_2900_Series/overview.htm]]'),(12,874,'[[HP ProCurve%GPASS%3400cl-24G | http://www.hp.com/rnd/products/switches/switch3400series/overview.htm]]'),(12,875,'[[HP ProCurve%GPASS%3400cl-48G | http://www.hp.com/rnd/products/switches/switch3400series/overview.htm]]'),(12,876,'[[HP ProCurve%GPASS%3500yl-24G-PWR | http://www.hp.com/rnd/products/switches/ProCurve_Switch_3500yl-5400zl_Series/overview.htm]]'),(12,877,'[[HP ProCurve%GPASS%3500yl-48G-PWR | http://www.hp.com/rnd/products/switches/ProCurve_Switch_3500yl-5400zl_Series/overview.htm]]'),(12,878,'[[HP ProCurve%GPASS%4202vl-72 | http://www.hp.com/rnd/products/switches/ProCurve_Switch_4200vl_Series/overview.htm]]'),(12,879,'[[HP ProCurve%GPASS%4204vl | http://www.hp.com/rnd/products/switches/ProCurve_Switch_4200vl_Series/overview.htm]]'),(12,880,'[[HP ProCurve%GPASS%4204vl-48GS | http://www.hp.com/rnd/products/switches/ProCurve_Switch_4200vl_Series/overview.htm]]'),(12,881,'[[HP ProCurve%GPASS%4208vl | http://www.hp.com/rnd/products/switches/ProCurve_Switch_4200vl_Series/overview.htm]]'),(12,882,'[[HP ProCurve%GPASS%4208vl-72GS | http://www.hp.com/rnd/products/switches/ProCurve_Switch_4200vl_Series/overview.htm]]'),(12,883,'[[HP ProCurve%GPASS%4208vl-96 | http://www.hp.com/rnd/products/switches/ProCurve_Switch_4200vl_Series/overview.htm]]'),(12,884,'[[HP ProCurve%GPASS%5304xl | http://www.hp.com/rnd/products/switches/switch5300xlseries/overview.htm]]'),(12,885,'[[HP ProCurve%GPASS%5308xl | http://www.hp.com/rnd/products/switches/switch5300xlseries/overview.htm]]'),(12,886,'[[HP ProCurve%GPASS%5348xl | http://www.hp.com/rnd/products/switches/switch5300xlseries/overview.htm]]'),(12,887,'[[HP ProCurve%GPASS%5372xl | http://www.hp.com/rnd/products/switches/switch5300xlseries/overview.htm]]'),(12,888,'[[HP ProCurve%GPASS%5406zl | http://www.hp.com/rnd/products/switches/ProCurve_Switch_3500yl-5400zl_Series/overview.htm]]'),(12,889,'[[HP ProCurve%GPASS%5406zl-48G | http://www.hp.com/rnd/products/switches/ProCurve_Switch_3500yl-5400zl_Series/overview.htm]]'),(12,890,'[[HP ProCurve%GPASS%5412zl | http://www.hp.com/rnd/products/switches/ProCurve_Switch_3500yl-5400zl_Series/overview.htm]]'),(12,891,'[[HP ProCurve%GPASS%5412zl-96G | http://www.hp.com/rnd/products/switches/ProCurve_Switch_3500yl-5400zl_Series/overview.htm]]'),(12,892,'[[HP ProCurve%GPASS%6108 | http://www.hp.com/rnd/products/switches/switch6108/overview.htm]]'),(12,893,'[[HP ProCurve%GPASS%6200yl-24G-mGBIC | http://www.hp.com/rnd/products/switches/ProCurve_Switch_6200yl-24G-mGBIC/overview.htm]]'),(12,894,'[[HP ProCurve%GPASS%6400cl | http://www.hp.com/rnd/products/switches/ProCurve_Switch_6400cl_Series/overview.htm]]'),(12,895,'[[HP ProCurve%GPASS%6410cl | http://www.hp.com/rnd/products/switches/ProCurve_Switch_6400cl_Series/overview.htm]]'),(12,896,'[[HP ProCurve%GPASS%8108fl | http://www.hp.com/rnd/products/switches/ProCurve_Switch_8100fl_Series/overview.htm]]'),(12,897,'[[HP ProCurve%GPASS%8116fl | http://www.hp.com/rnd/products/switches/ProCurve_Switch_8100fl_Series/overview.htm]]'),(12,898,'[[HP ProCurve%GPASS%8212zl | http://www.hp.com/rnd/products/switches/ProCurve_Switch_8212zl/overview.htm]]'),(12,899,'[[Juniper%GPASS%EX 3200-24P | http://www.juniper.net/products_and_services/ex_series/index.html]]'),(12,900,'[[Juniper%GPASS%EX 3200-24T | http://www.juniper.net/products_and_services/ex_series/index.html]]'),(12,901,'[[Juniper%GPASS%EX 3200-48P | http://www.juniper.net/products_and_services/ex_series/index.html]]'),(12,902,'[[Juniper%GPASS%EX 3200-48T | http://www.juniper.net/products_and_services/ex_series/index.html]]'),(12,903,'[[Juniper%GPASS%EX 4200-24F | http://www.juniper.net/products_and_services/ex_series/index.html]]'),(12,904,'[[Juniper%GPASS%EX 4200-24P | http://www.juniper.net/products_and_services/ex_series/index.html]]'),(12,905,'[[Juniper%GPASS%EX 4200-24T | http://www.juniper.net/products_and_services/ex_series/index.html]]'),(12,906,'[[Juniper%GPASS%EX 4200-48P | http://www.juniper.net/products_and_services/ex_series/index.html]]'),(12,907,'[[Juniper%GPASS%EX 4200-48T | http://www.juniper.net/products_and_services/ex_series/index.html]]'),(12,908,'[[Juniper%GPASS%EX 8208 | http://www.juniper.net/products_and_services/ex_series/index.html]]'),(12,909,'[[Juniper%GPASS%E120 BSR | http://www.juniper.net/products_and_services/e_series_broadband_service/index.html]]'),(17,910,'[[Juniper%GPASS%E320 BSR | http://www.juniper.net/products_and_services/e_series_broadband_service/index.html]]'),(17,911,'[[Juniper%GPASS%ERX-310 | http://www.juniper.net/products_and_services/e_series_broadband_service/index.html]]'),(17,912,'[[Juniper%GPASS%ERX-705 | http://www.juniper.net/products_and_services/e_series_broadband_service/index.html]]'),(17,913,'[[Juniper%GPASS%ERX-710 | http://www.juniper.net/products_and_services/e_series_broadband_service/index.html]]'),(17,914,'[[Juniper%GPASS%ERX-1410 | http://www.juniper.net/products_and_services/e_series_broadband_service/index.html]]'),(17,915,'[[Juniper%GPASS%ERX-1440 | http://www.juniper.net/products_and_services/e_series_broadband_service/index.html]]'),(17,916,'[[Juniper%GPASS%J2320 | http://www.juniper.net/products_and_services/j_series_services_routers/index.html]]'),(17,917,'[[Juniper%GPASS%J2350 | http://www.juniper.net/products_and_services/j_series_services_routers/index.html]]'),(17,918,'[[Juniper%GPASS%J4350 | http://www.juniper.net/products_and_services/j_series_services_routers/index.html]]'),(17,919,'[[Juniper%GPASS%J6350 | http://www.juniper.net/products_and_services/j_series_services_routers/index.html]]'),(17,920,'[[Juniper%GPASS%M7i | http://www.juniper.net/products_and_services/m_series_routing_portfolio/index.html]]'),(17,921,'[[Juniper%GPASS%M10i | http://www.juniper.net/products_and_services/m_series_routing_portfolio/index.html]]'),(17,922,'[[Juniper%GPASS%M40e | http://www.juniper.net/products_and_services/m_series_routing_portfolio/index.html]]'),(17,923,'[[Juniper%GPASS%M120 | http://www.juniper.net/products_and_services/m_series_routing_portfolio/index.html]]'),(17,924,'[[Juniper%GPASS%M320 | http://www.juniper.net/products_and_services/m_series_routing_portfolio/index.html]]'),(17,925,'[[Juniper%GPASS%MX240 | http://www.juniper.net/products_and_services/mx_series/index.html]]'),(17,926,'[[Juniper%GPASS%MX480 | http://www.juniper.net/products_and_services/mx_series/index.html]]'),(17,927,'[[Juniper%GPASS%MX960 | http://www.juniper.net/products_and_services/mx_series/index.html]]'),(17,928,'[[Juniper%GPASS%T320 | http://www.juniper.net/products_and_services/t_series_core_platforms/index.html]]'),(17,929,'[[Juniper%GPASS%T640 | http://www.juniper.net/products_and_services/t_series_core_platforms/index.html]]'),(17,930,'[[Juniper%GPASS%T1600 | http://www.juniper.net/products_and_services/t_series_core_platforms/index.html]]'),(17,931,'[[Juniper%GPASS%TX Matrix | http://www.juniper.net/products_and_services/t_series_core_platforms/index.html]]'),(13,932,'Linux%GSKIP%RH Fedora 10'),(13,933,'[[Linux%GSKIP%openSUSE 11.1 | http://en.opensuse.org/OpenSUSE_11.1]]'),(12,934,'[[F5%GPASS%BIG-IP WebAccelerator 4500 | http://www.f5.com/pdf/products/big-ip-webaccelerator-ds.pdf]]'),(12,935,'[[F5%GPASS%VIPRION | http://www.f5.com/pdf/products/viprion-overview-ds.pdf]]'),(12,936,'[[F5%GPASS%BIG-IP 1500 | http://www.f5.com/pdf/products/big-ip-platforms-2007-ds.pdf]]'),(12,937,'[[F5%GPASS%BIG-IP 1600 | http://www.f5.com/pdf/products/big-ip-platforms-ds.pdf]]'),(12,938,'[[F5%GPASS%BIG-IP 3400 | http://www.f5.com/pdf/products/big-ip-platforms-2007-ds.pdf]]'),(12,939,'[[F5%GPASS%BIG-IP 3600 | http://www.f5.com/pdf/products/big-ip-platforms-ds.pdf]]'),(12,940,'[[F5%GPASS%BIG-IP 6400 | http://www.f5.com/pdf/products/big-ip-platforms-2007-ds.pdf]]'),(12,941,'[[F5%GPASS%BIG-IP 6800 | http://www.f5.com/pdf/products/big-ip-platforms-2007-ds.pdf]]'),(12,942,'[[F5%GPASS%BIG-IP 6900 | http://www.f5.com/pdf/products/big-ip-platforms-ds.pdf]]'),(12,943,'[[F5%GPASS%BIG-IP 8400 | http://www.f5.com/pdf/products/big-ip-platforms-ds.pdf]]'),(12,944,'[[F5%GPASS%BIG-IP 8800 | http://www.f5.com/pdf/products/big-ip-platforms-ds.pdf]]'),(12,945,'[[F5%GPASS%ARX 500 | http://www.f5.com/pdf/products/arx-series-ds.pdf]]'),(12,946,'[[F5%GPASS%ARX 1000 | http://www.f5.com/pdf/products/arx-series-ds.pdf]]'),(12,947,'[[F5%GPASS%ARX 4000 | http://www.f5.com/pdf/products/arx-series-ds.pdf]]'),(12,948,'[[F5%GPASS%ARX 6000 | http://www.f5.com/pdf/products/arx-series-ds.pdf]]'),(17,949,'[[F5%GPASS%WANJet 300 | http://www.f5.com/pdf/products/wanjet-hardware-ds.pdf]]'),(17,950,'[[F5%GPASS%WANJet 500 | http://www.f5.com/pdf/products/wanjet-hardware-ds.pdf]]'),(24,951,'[[F5%GPASS%FirePass 1200 | http://www.f5.com/pdf/products/firepass-hardware-ds.pdf]]'),(24,952,'[[F5%GPASS%FirePass 4100 | http://www.f5.com/pdf/products/firepass-hardware-ds.pdf]]'),(24,953,'[[F5%GPASS%FirePass 4300 | http://www.f5.com/pdf/products/firepass-hardware-ds.pdf]]'),(13,954,'[[Linux%GSKIP%Debian 5.0 (lenny) | http://debian.org/releases/lenny/]]'),(11,955,'SGI%GPASS%Altix XE270'),(11,956,'SGI%GPASS%Altix XE340'),(11,957,'SGI%GPASS%Altix XE500'),(12,958,'[[Cisco%GPASS%Nexus 2148T | http://cisco.com/en/US/products/ps10118/index.html]]'),(12,959,'[[Cisco%GPASS%Nexus 5010 | http://cisco.com/en/US/products/ps9711/index.html]]'),(12,960,'[[Cisco%GPASS%Nexus 5020 | http://cisco.com/en/US/products/ps9710/index.html]]'),(12,961,'[[Cisco%GPASS%Nexus 7010 | http://cisco.com/en/US/products/ps9512/index.html]]'),(12,962,'[[Cisco%GPASS%Nexus 7018 | http://cisco.com/en/US/products/ps10098/index.html]]'),(14,963,'Cisco NX-OS 4.0'),(14,964,'Cisco NX-OS 4.1'),(1,965,'Wireless'),(25,966,'[[Cisco%GPASS%2106 | http://cisco.com/en/US/products/ps7221/index.html]]'),(25,967,'[[Cisco%GPASS%2112 | http://cisco.com/en/US/products/ps9818/index.html]]'),(25,968,'[[Cisco%GPASS%2125 | http://cisco.com/en/US/products/ps9819/index.html]]'),(25,969,'[[Cisco%GPASS%4402 | http://cisco.com/en/US/products/ps6396/index.html]]'),(25,970,'[[Cisco%GPASS%4404 | http://cisco.com/en/US/products/ps6397/index.html]]'),(25,971,'[[Cisco%GPASS%Aironet 1140 | http://cisco.com/en/US/products/ps10092/index.html]]'),(25,972,'[[Cisco%GPASS%Aironet 1200 | http://cisco.com/en/US/products/hw/wireless/ps430/ps4076/index.html]]'),(25,973,'[[Cisco%GPASS%Aironet 1230 AG | http://cisco.com/en/US/products/ps6132/index.html]]'),(25,974,'[[Cisco%GPASS%Aironet 1240 AG | http://cisco.com/en/US/products/ps6521/index.html]]'),(25,975,'[[Cisco%GPASS%Aironet 1250 | http://cisco.com/en/US/products/ps8382/index.html]]'),(25,976,'[[Cisco%GPASS%Aironet 1520 | http://cisco.com/en/US/products/ps8368/index.html]]'),(25,977,'Foundry%GPASS%AP150'),(25,978,'Foundry%GPASS%OAP180'),(25,979,'Foundry%GPASS%AP201'),(25,980,'Foundry%GPASS%AP208'),(25,981,'Foundry%GPASS%AP250'),(25,982,'Foundry%GPASS%AP300'),(25,983,'Foundry%GPASS%RS4000'),(25,984,'Foundry%GPASS%MC500'),(25,985,'Foundry%GPASS%MC1000'),(25,986,'Foundry%GPASS%MC3000'),(25,987,'Foundry%GPASS%MC4100'),(25,988,'Foundry%GPASS%MC5000'),(11,989,'Dell PowerEdge%GPASS%R410'),(11,990,'Dell PowerEdge%GPASS%R610'),(11,991,'Dell PowerEdge%GPASS%R710'),(11,992,'Dell PowerEdge%GPASS%R805'),(11,993,'Dell PowerEdge%GPASS%R905'),(31,994,'Dell PowerEdge%GPASS%M1000e'),(18,995,'Dell PowerVault%GPASS%MD1000'),(18,996,'Dell PowerVault%GPASS%MD1120'),(18,997,'Dell EqualLogic PS5000'),(18,998,'Dell EqualLogic PS6000'),(18,999,'[[EMC CLARiiON CX4-120 SPE | http://www.emc.com/products/detail/hardware/clariion-cx4-model-120.htm]]'),(18,1000,'[[EMC CLARiiON CX4-240 SPE | http://www.emc.com/products/detail/hardware/clariion-cx4-model-240.htm]]'),(18,1001,'[[EMC CLARiiON CX4-480 SPE | http://www.emc.com/products/detail/hardware/clariion-cx4-model-480.htm]]'),(18,1002,'[[EMC CLARiiON CX4-960 SPE | http://www.emc.com/products/detail/hardware/clariion-cx4-model-960.htm]]'),(18,1003,'EMC CLARiiON CX4 DAE'),(26,1004,'[[Brocade%GPASS%300 | http://www.brocade.com/products-solutions/products/switches/product-details/300-switch/index.page]]'),(26,1005,'[[Brocade%GPASS%4900 | http://www.brocade.com/products-solutions/products/switches/index.page]]'),(26,1006,'[[Brocade%GPASS%5000 | http://www.brocade.com/products-solutions/products/switches/index.page]]'),(26,1007,'[[Brocade%GPASS%5100 | http://www.brocade.com/products-solutions/products/switches/product-details/5100-switch/index.page]]'),(26,1008,'[[Brocade%GPASS%5300 | http://www.brocade.com/products-solutions/products/switches/product-details/5300-switch/index.page]]'),(26,1009,'[[Cisco%GPASS%MDS 9124 | http://www.cisco.com/en/US/products/ps7079/index.html]]'),(26,1010,'[[Cisco%GPASS%MDS 9134 | http://www.cisco.com/en/US/products/ps8414/index.html]]'),(26,1011,'[[QLogic%GPASS%1400 | http://www.qlogic.com/Products/SAN_products_FCS_san1400.aspx]]'),(26,1012,'[[QLogic%GPASS%3800 | http://www.qlogic.com/Products/SAN_products_FCS_san3800.aspx]]'),(26,1013,'[[QLogic%GPASS%5600Q | http://www.qlogic.com/Products/SAN_products_FCS_san5600Q.aspx]]'),(26,1014,'[[QLogic%GPASS%5800V | http://www.qlogic.com/Products/SAN_products_FCS_san5802V.aspx]]'),(26,1015,'[[QLogic%GPASS%9000 | http://www.qlogic.com/Products/SAN_products_FCS_san9000.aspx]]'),(17,1016,'[[Cisco%GPASS%ASR 9006 | http://cisco.com/en/US/products/ps10075/index.html]]'),(17,1017,'[[Cisco%GPASS%ASR 9010 | http://cisco.com/en/US/products/ps10076/index.html]]'),(12,1018,'[[Cisco%GPASS%Catalyst 4900M | http://www.cisco.com/en/US/products/ps9310/index.html]]'),(12,1019,'[[Cisco%GPASS%Catalyst 4928-10GE | http://www.cisco.com/en/US/products/ps9903/index.html]]'),(12,1022,'[[Brocade%GPASS%FastIron CX 624S | http://www.brocade.com/products-solutions/products/ethernet-switches-routers/enterprise-mobility/product-details/fastiron-cx-series/overview.page]]'),(12,1023,'[[Brocade%GPASS%FastIron CX 624S-HPOE | http://www.brocade.com/products-solutions/products/ethernet-switches-routers/enterprise-mobility/product-details/fastiron-cx-series/overview.page]]'),(12,1024,'[[Brocade%GPASS%FastIron CX 648S | http://www.brocade.com/products-solutions/products/ethernet-switches-routers/enterprise-mobility/product-details/fastiron-cx-series/overview.page]]'),(12,1025,'[[Brocade%GPASS%FastIron CX 648S-HPOE | http://www.brocade.com/products-solutions/products/ethernet-switches-routers/enterprise-mobility/product-details/fastiron-cx-series/overview.page]]'),(12,1026,'[[Brocade%GPASS%FastIron WS 624 | http://www.brocade.com/products-solutions/products/ethernet-switches-routers/enterprise-mobility/product-details/fastiron-ws-series/overview.page]]'),(12,1027,'[[Brocade%GPASS%FastIron WS 624-POE | http://www.brocade.com/products-solutions/products/ethernet-switches-routers/enterprise-mobility/product-details/fastiron-ws-series/overview.page]]'),(12,1028,'[[Brocade%GPASS%FastIron WS 624G | http://www.brocade.com/products-solutions/products/ethernet-switches-routers/enterprise-mobility/product-details/fastiron-ws-series/overview.page]]'),(12,1029,'[[Brocade%GPASS%FastIron WS 624G-POE | http://www.brocade.com/products-solutions/products/ethernet-switches-routers/enterprise-mobility/product-details/fastiron-ws-series/overview.page]]'),(12,1030,'[[Brocade%GPASS%FastIron WS 648 | http://www.brocade.com/products-solutions/products/ethernet-switches-routers/enterprise-mobility/product-details/fastiron-ws-series/overview.page]]'),(12,1031,'[[Brocade%GPASS%FastIron WS 648-POE | http://www.brocade.com/products-solutions/products/ethernet-switches-routers/enterprise-mobility/product-details/fastiron-ws-series/overview.page]]'),(12,1032,'[[Brocade%GPASS%FastIron WS 648G | http://www.brocade.com/products-solutions/products/ethernet-switches-routers/enterprise-mobility/product-details/fastiron-ws-series/overview.page]]'),(12,1033,'[[Brocade%GPASS%FastIron WS 648G-POE | http://www.brocade.com/products-solutions/products/ethernet-switches-routers/enterprise-mobility/product-details/fastiron-ws-series/overview.page]]'),(12,1034,'[[Brocade%GPASS%NetIron CES 2024C | http://www.brocade.com/products-solutions/products/ethernet-switches-routers/service-provider/product-details/netiron-ces-2000-series/overview.page]]'),(12,1035,'[[Brocade%GPASS%NetIron CES 2024F | http://www.brocade.com/products-solutions/products/ethernet-switches-routers/service-provider/product-details/netiron-ces-2000-series/overview.page]]'),(12,1036,'[[Brocade%GPASS%NetIron CES 2048C | http://www.brocade.com/products-solutions/products/ethernet-switches-routers/service-provider/product-details/netiron-ces-2000-series/overview.page]]'),(12,1037,'[[Brocade%GPASS%NetIron CES 2048F | http://www.brocade.com/products-solutions/products/ethernet-switches-routers/service-provider/product-details/netiron-ces-2000-series/overview.page]]'),(12,1038,'[[Brocade%GPASS%NetIron CES 2048CX | http://www.brocade.com/products-solutions/products/ethernet-switches-routers/service-provider/product-details/netiron-ces-2000-series/overview.page]]'),(12,1039,'[[Brocade%GPASS%NetIron CES 2048FX | http://www.brocade.com/products-solutions/products/ethernet-switches-routers/service-provider/product-details/netiron-ces-2000-series/overview.page]]'),(12,1040,'[[Brocade%GPASS%ServerIron ADX 1000 | http://www.brocade.com/products-solutions/products/ethernet-switches-routers/application-switching/product-details/serveriron-adx-series/overview.page]]'),(12,1041,'[[Brocade%GPASS%ServerIron ADX 4000 | http://www.brocade.com/products-solutions/products/ethernet-switches-routers/application-switching/product-details/serveriron-adx-series/overview.page]]'),(12,1042,'[[Brocade%GPASS%ServerIron ADX 8000 | http://www.brocade.com/products-solutions/products/ethernet-switches-routers/application-switching/product-details/serveriron-adx-series/overview.page]]'),(12,1043,'[[Brocade%GPASS%ServerIron 4G-SSL-FIPS | http://www.brocade.com/sites/dotcom/products-solutions/products/ethernet-switches-routers/application-switching/product-details/serveriron-4g-application-switches/index.page]]'),(12,1044,'[[Brocade%GPASS%TurboIron 24X | http://www.brocade.com/sites/dotcom/products-solutions/products/ethernet-switches-routers/enterprise-mobility/product-details/turboiron-24x-switch/index.page]]'),(13,1045,'Linux%GSKIP%RH Fedora 11'),(13,1046,'[[BSD%GSKIP%NetBSD 5.0 | http://netbsd.org/releases/formal-5/NetBSD-5.0.html]]'),(13,1047,'[[BSD%GSKIP%OpenBSD 4.5 | http://openbsd.org/45.html]]'),(13,1048,'[[BSD%GSKIP%OpenSolaris 2008.05 | http://opensolaris.org/os/project/indiana/resources/relnotes/200805/x86/]]'),(13,1049,'[[BSD%GSKIP%OpenSolaris 2008.11 | http://opensolaris.org/os/project/indiana/resources/relnotes/200811/x86/]]'),(13,1050,'[[BSD%GSKIP%OpenSolaris 2009.06 | http://opensolaris.org/os/project/indiana/resources/relnotes/200906/x86/]]'),(13,1051,'[[Linux%GSKIP%Gentoo 2006.0 | http://www.gentoo.org/proj/en/releng/release/2006.0/2006.0.xml]]'),(13,1052,'[[Linux%GSKIP%Gentoo 2007.0 | http://www.gentoo.org/proj/en/releng/release/2007.0/2007.0-press-release.txt]]'),(13,1053,'[[Linux%GSKIP%Gentoo 2008.0 | http://www.gentoo.org/proj/en/releng/release/2008.0/index.xml]]'),(13,1054,'Linux%GSKIP%Ubuntu 9.04'),(1,1055,'FC switch'),(12,1056,'Cisco%GPASS%Catalyst CBS3030-DEL'),(13,1057,'[[BSD%GSKIP%FreeBSD 7.1 | http://www.freebsd.org/releases/7.1R/relnotes.html]]'),(13,1058,'[[BSD%GSKIP%FreeBSD 7.2 | http://www.freebsd.org/releases/7.2R/relnotes.html]]'),(11,1059,'Dell PowerEdge%GPASS%R200'),(11,1060,'Dell PowerEdge%GPASS%R300'),(12,1061,'Dell PowerConnect%GPASS%2808'),(12,1062,'Dell PowerConnect%GPASS%2816'),(12,1063,'Dell PowerConnect%GPASS%2824'),(12,1064,'Dell PowerConnect%GPASS%2848'),(12,1065,'Dell PowerConnect%GPASS%3524'),(12,1066,'Dell PowerConnect%GPASS%3524P'),(12,1067,'Dell PowerConnect%GPASS%3548'),(12,1068,'Dell PowerConnect%GPASS%3548P'),(12,1069,'Dell PowerConnect%GPASS%5424'),(12,1070,'Dell PowerConnect%GPASS%5448'),(26,1071,'Brocade%GPASS%Silkworm 2400'),(26,1072,'Brocade%GPASS%Silkworm 2800'),(26,1073,'Brocade%GPASS%Silkworm 3200'),(26,1074,'Brocade%GPASS%Silkworm 3800'),(26,1075,'Brocade%GPASS%Silkworm 3900'),(26,1076,'Brocade%GPASS%Silkworm 4100'),(2,1077,'empty SFP-1000'),(2,1078,'empty GBIC'),(2,1079,'empty XENPAK'),(2,1080,'empty X2'),(2,1081,'empty XPAK'),(2,1082,'empty XFP'),(2,1083,'100Base-FX (MT-RJ)'),(2,1084,'empty SFP+'),(12,1085,'Nortel%GPASS%BES50GE-12T PWR'),(12,1086,'[[HP ProCurve%GPASS%4000M | http://www.hp.com/rnd/products/switches/switch4000/overview.htm]]'),(2,1087,'1000Base-T (Dell 1855)'),(18,1088,'[[NetApp%GPASS%FAS2020 | http://www.netapp.com/us/products/storage-systems/fas2000/]]'),(18,1089,'[[NetApp%GPASS%FAS2050 | http://www.netapp.com/us/products/storage-systems/fas2000/]]'),(18,1090,'NetApp%GPASS%FAS3020'),(18,1091,'NetApp%GPASS%FAS3040'),(18,1092,'NetApp%GPASS%FAS3050'),(18,1093,'NetApp%GPASS%FAS3070'),(18,1094,'[[NetApp%GPASS%FAS3140 | http://www.netapp.com/us/products/storage-systems/fas3100/]]'),(18,1095,'[[NetApp%GPASS%FAS3160 | http://www.netapp.com/us/products/storage-systems/fas3100/]]'),(18,1096,'[[NetApp%GPASS%FAS3170 | http://www.netapp.com/us/products/storage-systems/fas3100/]]'),(18,1097,'NetApp%GPASS%FAS6030'),(18,1098,'[[NetApp%GPASS%FAS6040 | http://www.netapp.com/us/products/storage-systems/fas6000/]]'),(18,1099,'NetApp%GPASS%FAS6070'),(18,1100,'[[NetApp%GPASS%FAS6080 | http://www.netapp.com/us/products/storage-systems/fas6000/]]'),(18,1101,'[[NetApp%GPASS%V3140 | http://www.netapp.com/us/products/storage-systems/v3100/]]'),(18,1102,'[[NetApp%GPASS%V3160 | http://www.netapp.com/us/products/storage-systems/v3100/]]'),(18,1103,'[[NetApp%GPASS%V3170 | http://www.netapp.com/us/products/storage-systems/v3100/]]'),(18,1104,'[[NetApp%GPASS%V6030 | http://www.netapp.com/us/products/storage-systems/v6000/]]'),(18,1105,'[[NetApp%GPASS%V6040 | http://www.netapp.com/us/products/storage-systems/v6000/]]'),(18,1106,'[[NetApp%GPASS%V6070 | http://www.netapp.com/us/products/storage-systems/v6000/]]'),(18,1107,'[[NetApp%GPASS%V6080 | http://www.netapp.com/us/products/storage-systems/v6000/]]'),(18,1108,'NetApp%GPASS%DS14mk2 AT'),(18,1109,'NetApp%GPASS%DS14mk2 FC'),(18,1110,'NetApp%GPASS%DS14mk4 FC'),(27,1111,'[[APC%GPASS%AP7152 | http://www.apc.com/products/resource/include/techspec_index.cfm?base_sku=AP7152]]'),(27,1112,'[[APC%GPASS%AP7155 | http://www.apc.com/products/resource/include/techspec_index.cfm?base_sku=AP7155]]'),(27,1113,'[[APC%GPASS%AP7175 | http://www.apc.com/products/resource/include/techspec_index.cfm?base_sku=AP7175]]'),(27,1114,'[[APC%GPASS%AP7526 | http://www.apc.com/products/resource/include/techspec_index.cfm?base_sku=AP7526]]'),(27,1115,'[[APC%GPASS%AP7551 | http://www.apc.com/products/resource/include/techspec_index.cfm?base_sku=AP7551]]'),(27,1116,'[[APC%GPASS%AP7552 | http://www.apc.com/products/resource/include/techspec_index.cfm?base_sku=AP7552]]'),(27,1117,'[[APC%GPASS%AP7553 | http://www.apc.com/products/resource/include/techspec_index.cfm?base_sku=AP7553]]'),(27,1118,'[[APC%GPASS%AP7554 | http://www.apc.com/products/resource/include/techspec_index.cfm?base_sku=AP7554]]'),(27,1119,'[[APC%GPASS%AP7555 | http://www.apc.com/products/resource/include/techspec_index.cfm?base_sku=AP7555]]'),(27,1120,'[[APC%GPASS%AP7557 | http://www.apc.com/products/resource/include/techspec_index.cfm?base_sku=AP7557]]'),(27,1121,'[[APC%GPASS%AP7585 | http://www.apc.com/products/resource/include/techspec_index.cfm?base_sku=AP7585]]'),(27,1122,'[[APC%GPASS%AP7586 | http://www.apc.com/products/resource/include/techspec_index.cfm?base_sku=AP7586]]'),(27,1123,'[[APC%GPASS%AP7611 | http://www.apc.com/products/resource/include/techspec_index.cfm?base_sku=AP7611]]'),(27,1124,'[[APC%GPASS%AP7631 | http://www.apc.com/products/resource/include/techspec_index.cfm?base_sku=AP7631]]'),(27,1125,'[[APC%GPASS%AP7820 | http://www.apc.com/products/resource/include/techspec_index.cfm?base_sku=AP7820]]'),(27,1126,'[[APC%GPASS%AP7821 | http://www.apc.com/products/resource/include/techspec_index.cfm?base_sku=AP7821]]'),(27,1127,'[[APC%GPASS%AP7822 | http://www.apc.com/products/resource/include/techspec_index.cfm?base_sku=AP7822]]'),(27,1128,'[[APC%GPASS%AP7850 | http://www.apc.com/products/resource/include/techspec_index.cfm?base_sku=AP7850]]'),(27,1129,'[[APC%GPASS%AP7851 | http://www.apc.com/products/resource/include/techspec_index.cfm?base_sku=AP7851]]'),(27,1130,'[[APC%GPASS%AP7852 | http://www.apc.com/products/resource/include/techspec_index.cfm?base_sku=AP7852]]'),(27,1131,'[[APC%GPASS%AP7853 | http://www.apc.com/products/resource/include/techspec_index.cfm?base_sku=AP7853]]'),(27,1132,'[[APC%GPASS%AP7854 | http://www.apc.com/products/resource/include/techspec_index.cfm?base_sku=AP7854]]'),(27,1133,'[[APC%GPASS%AP7855A | http://www.apc.com/products/resource/include/techspec_index.cfm?base_sku=AP7855A]]'),(27,1134,'[[APC%GPASS%AP7856 | http://www.apc.com/products/resource/include/techspec_index.cfm?base_sku=AP7856]]'),(27,1135,'[[APC%GPASS%AP7856A | http://www.apc.com/products/resource/include/techspec_index.cfm?base_sku=AP7856A]]'),(27,1136,'[[APC%GPASS%AP7857 | http://www.apc.com/products/resource/include/techspec_index.cfm?base_sku=AP7857]]'),(27,1137,'[[APC%GPASS%AP7920 | http://www.apc.com/products/resource/include/techspec_index.cfm?base_sku=AP7920]]'),(27,1138,'[[APC%GPASS%AP7921 | http://www.apc.com/products/resource/include/techspec_index.cfm?base_sku=AP7921]]'),(27,1139,'[[APC%GPASS%AP7922 | http://www.apc.com/products/resource/include/techspec_index.cfm?base_sku=AP7922]]'),(27,1140,'[[APC%GPASS%AP7950 | http://www.apc.com/products/resource/include/techspec_index.cfm?base_sku=AP7950]]'),(27,1141,'[[APC%GPASS%AP7951 | http://www.apc.com/products/resource/include/techspec_index.cfm?base_sku=AP7951]]'),(27,1142,'[[APC%GPASS%AP7952 | http://www.apc.com/products/resource/include/techspec_index.cfm?base_sku=AP7952]]'),(27,1143,'[[APC%GPASS%AP7953 | http://www.apc.com/products/resource/include/techspec_index.cfm?base_sku=AP7953]]'),(27,1144,'[[APC%GPASS%AP7954 | http://www.apc.com/products/resource/include/techspec_index.cfm?base_sku=AP7954]]'),(27,1145,'[[APC%GPASS%AP7957 | http://www.apc.com/products/resource/include/techspec_index.cfm?base_sku=AP7957]]'),(27,1146,'[[APC%GPASS%AP9559 | http://www.apc.com/products/resource/include/techspec_index.cfm?base_sku=AP9559]]'),(27,1147,'[[APC%GPASS%AP9565 | http://www.apc.com/products/resource/include/techspec_index.cfm?base_sku=AP9565]]'),(27,1148,'[[APC%GPASS%AP9568 | http://www.apc.com/products/resource/include/techspec_index.cfm?base_sku=AP9568]]'),(27,1149,'[[APC%GPASS%AP9572 | http://www.apc.com/products/resource/include/techspec_index.cfm?base_sku=AP9572]]'),(30,1150,'[[Cisco%GPASS%Catalyst 6509-V-E | http://www.cisco.com/en/US/products/ps9306/index.html]]'),(27,1151,'[[APC%GPASS%AP7902J | http://www.apc.com/products/resource/include/techspec_index.cfm?base_sku=AP7902J]]'),(27,1152,'[[APC%GPASS%AP7930J | http://www.apc.com/products/resource/include/techspec_index.cfm?base_sku=AP7930J]]'),(27,1153,'[[APC%GPASS%AP7932J | http://www.apc.com/products/resource/include/techspec_index.cfm?base_sku=AP7932J]]'),(27,1154,'[[APC%GPASS%AP7900 | http://www.apc.com/products/resource/include/techspec_index.cfm?base_sku=AP7900]]'),(27,1155,'[[APC%GPASS%AP7901 | http://www.apc.com/products/resource/include/techspec_index.cfm?base_sku=AP7901]]'),(27,1156,'[[APC%GPASS%AP7902 | http://www.apc.com/products/resource/include/techspec_index.cfm?base_sku=AP7902]]'),(27,1157,'[[APC%GPASS%AP7930 | http://www.apc.com/products/resource/include/techspec_index.cfm?base_sku=AP7930]]'),(27,1158,'[[APC%GPASS%AP7931 | http://www.apc.com/products/resource/include/techspec_index.cfm?base_sku=AP7931]]'),(27,1159,'[[APC%GPASS%AP7932 | http://www.apc.com/products/resource/include/techspec_index.cfm?base_sku=AP7932]]'),(27,1160,'[[APC%GPASS%AP7911 | http://www.apc.com/products/resource/include/techspec_index.cfm?base_sku=AP7911]]'),(27,1161,'[[APC%GPASS%AP7940 | http://www.apc.com/products/resource/include/techspec_index.cfm?base_sku=AP7940]]'),(27,1162,'[[APC%GPASS%AP7941 | http://www.apc.com/products/resource/include/techspec_index.cfm?base_sku=AP7941]]'),(27,1163,'[[APC%GPASS%AP7960 | http://www.apc.com/products/resource/include/techspec_index.cfm?base_sku=AP7960]]'),(27,1164,'[[APC%GPASS%AP7961 | http://www.apc.com/products/resource/include/techspec_index.cfm?base_sku=AP7961]]'),(27,1165,'[[APC%GPASS%AP7968 | http://www.apc.com/products/resource/include/techspec_index.cfm?base_sku=AP7968]]'),(27,1166,'[[APC%GPASS%AP7990 | http://www.apc.com/products/resource/include/techspec_index.cfm?base_sku=AP7990]]'),(27,1167,'[[APC%GPASS%AP7991 | http://www.apc.com/products/resource/include/techspec_index.cfm?base_sku=AP7991]]'),(27,1168,'[[APC%GPASS%AP7998 | http://www.apc.com/products/resource/include/techspec_index.cfm?base_sku=AP7998]]'),(12,1169,'[[Hitachi Cable%GPASS%Apresia3108FG2 | http://www.apresia.jp/en/products/products/industrial/ap3108fg.html]]'),(12,1170,'[[Hitachi Cable%GPASS%Apresia3124GT-HR2 | http://www.apresia.jp/en/products/products/industrial/ap3124gt_hr.html]]'),(12,1171,'[[Hitachi Cable%GPASS%Apresia4348GT | http://www.apresia.jp/en/products/products/ent/solution/ap4348gt.html]]'),(12,1172,'[[Hitachi Cable%GPASS%Apresia4348GT-PSR | http://www.apresia.jp/en/products/products/ent/solution/ap4348gt_psr.html]]'),(12,1173,'[[Hitachi Cable%GPASS%Apresia4328GT | http://www.apresia.jp/en/products/products/ent/solution/ap4328gt.html]]'),(12,1174,'[[Hitachi Cable%GPASS%Apresia4224GT-PSR | http://www.apresia.jp/en/products/products/ent/solution/ap4224gt_psr.html]]'),(12,1175,'[[Hitachi Cable%GPASS%Apresia2248G2 | http://www.apresia.jp/en/products/products/ent/solution/ap2248g.html]]'),(12,1176,'[[Hitachi Cable%GPASS%Apresia2124GT2 | http://www.apresia.jp/en/products/products/ent/solution/ap2124gt.html]]'),(12,1177,'[[Hitachi Cable%GPASS%Apresia2124GT-SS2 | http://www.apresia.jp/en/products/products/ent/solution/ap2124gt_ss.html]]'),(12,1178,'[[Hitachi Cable%GPASS%Apresia2124-SS2 | http://www.apresia.jp/en/products/products/ent/solution/ap2124_ss.html]]'),(12,1179,'[[Hitachi Cable%GPASS%Apresia13000-24GX-PSR | http://www.apresia.jp/en/products/products/ent/full/ap13000_24gxpsr.html]]'),(12,1180,'[[Hitachi Cable%GPASS%Apresia13000-48X | http://www.apresia.jp/en/products/products/ent/full/ap13000_48x.html]]'),(12,1181,'[[Hitachi Cable%GPASS%Apresia3424GT-SS | http://www.apresia.jp/en/products/products/ent/full/ap3424gtss.html]]'),(12,1182,'[[Hitachi Cable%GPASS%Apresia3424GT-PoE | http://www.apresia.jp/en/products/products/ent/full/ap3424gtpoe.html]]'),(12,1183,'[[Hitachi Cable%GPASS%Apresia3248G-PSR2 | http://www.apresia.jp/en/products/products/ent/full/ap3248g_psr.html]]'),(12,1184,'[[Hitachi Cable%GPASS%Apresia3248G2 | http://www.apresia.jp/en/products/products/ent/full/ap3248g.html]]'),(12,1185,'[[Hitachi Cable%GPASS%Apresia3124GT-PSR2 | http://www.apresia.jp/en/products/products/ent/full/ap3124gt_psr.html]]'),(12,1186,'[[Hitachi Cable%GPASS%Apresia3124GT2 | http://www.apresia.jp/en/products/products/ent/full/ap3124gt.html]]'),(12,1187,'[[Hitachi Cable%GPASS%Apresia18020 | http://www.apresia.jp/en/products/products/sp/ap18020.html]]'),(12,1188,'[[Hitachi Cable%GPASS%Apresia18008 | http://www.apresia.jp/en/products/products/sp/ap18020.html]]'),(12,1189,'[[Hitachi Cable%GPASS%Apresia18005 | http://www.apresia.jp/en/products/products/sp/ap18020.html]]'),(12,1190,'[[Hitachi Cable%GPASS%Apresia8007 | http://www.apresia.jp/en/products/products/sp/ap8007.html]]'),(12,1191,'[[Hitachi Cable%GPASS%Apresia8004 | http://www.apresia.jp/en/products/products/sp/ap8004.html]]'),(12,1192,'[[Hitachi Cable%GPASS%Apresia6148G-PSR | http://www.apresia.jp/en/products/products/sp/ap6148gpsr.html]]'),(12,1193,'[[Hitachi Cable%GPASS%Apresia6148GT-PSR | http://www.apresia.jp/en/products/products/sp/ap6148gtpsr.html]]'),(12,1194,'[[Hitachi Cable%GPASS%VXC-1024FE | http://www.apresia.jp/en/products/products/sp/vxc1024fe.html]]'),(2,1195,'100Base-FX'),(2,1196,'100Base-SX'),(2,1197,'100Base-LX10'),(2,1198,'100Base-BX10-D'),(2,1199,'100Base-BX10-U'),(2,1200,'100Base-EX'),(2,1201,'100Base-ZX'),(2,1202,'1000Base-SX'),(2,1203,'1000Base-SX+'),(2,1204,'1000Base-LX'),(2,1205,'1000Base-LX/LH'),(2,1206,'1000Base-BX10-D'),(2,1207,'1000Base-BX10-U'),(2,1208,'empty SFP-100'),(2,1209,'1000Base-CWDM80-1470 (gray)'),(2,1210,'1000Base-CWDM80-1490 (violet)'),(2,1211,'1000Base-CWDM80-1510 (blue)'),(2,1212,'1000Base-CWDM80-1530 (green)'),(2,1213,'1000Base-CWDM80-1550 (yellow)'),(2,1214,'1000Base-CWDM80-1570 (orange)'),(2,1215,'1000Base-CWDM80-1590 (red)'),(2,1216,'1000Base-CWDM80-1610 (brown)'),(2,1217,'1000Base-DWDM80-61.42 (ITU 20)'),(2,1218,'1000Base-DWDM80-60.61 (ITU 21)'),(2,1219,'1000Base-DWDM80-59.79 (ITU 22)'),(2,1220,'1000Base-DWDM80-58.98 (ITU 23)'),(2,1221,'1000Base-DWDM80-58.17 (ITU 24)'),(2,1222,'1000Base-DWDM80-57.36 (ITU 25)'),(2,1223,'1000Base-DWDM80-56.55 (ITU 26)'),(2,1224,'1000Base-DWDM80-55.75 (ITU 27)'),(2,1225,'1000Base-DWDM80-54.94 (ITU 28)'),(2,1226,'1000Base-DWDM80-54.13 (ITU 29)'),(2,1227,'1000Base-DWDM80-53.33 (ITU 30)'),(2,1228,'1000Base-DWDM80-52.52 (ITU 31)'),(2,1229,'1000Base-DWDM80-51.72 (ITU 32)'),(2,1230,'1000Base-DWDM80-50.92 (ITU 33)'),(2,1231,'1000Base-DWDM80-50.12 (ITU 34)'),(2,1232,'1000Base-DWDM80-49.32 (ITU 35)'),(2,1233,'1000Base-DWDM80-48.51 (ITU 36)'),(2,1234,'1000Base-DWDM80-47.72 (ITU 37)'),(2,1235,'1000Base-DWDM80-46.92 (ITU 38)'),(2,1236,'1000Base-DWDM80-46.12 (ITU 39)'),(2,1237,'1000Base-DWDM80-45.32 (ITU 40)'),(2,1238,'1000Base-DWDM80-44.53 (ITU 41)'),(2,1239,'1000Base-DWDM80-43.73 (ITU 42)'),(2,1240,'1000Base-DWDM80-42.94 (ITU 43)'),(2,1241,'1000Base-DWDM80-42.14 (ITU 44)'),(2,1242,'1000Base-DWDM80-41.35 (ITU 45)'),(2,1243,'1000Base-DWDM80-40.56 (ITU 46)'),(2,1244,'1000Base-DWDM80-39.77 (ITU 47)'),(2,1245,'1000Base-DWDM80-38.98 (ITU 48)'),(2,1246,'1000Base-DWDM80-38.19 (ITU 49)'),(2,1247,'1000Base-DWDM80-37.40 (ITU 50)'),(2,1248,'1000Base-DWDM80-36.61 (ITU 51)'),(2,1249,'1000Base-DWDM80-35.82 (ITU 52)'),(2,1250,'1000Base-DWDM80-35.04 (ITU 53)'),(2,1251,'1000Base-DWDM80-34.25 (ITU 54)'),(2,1252,'1000Base-DWDM80-33.47 (ITU 55)'),(2,1253,'1000Base-DWDM80-32.68 (ITU 56)'),(2,1254,'1000Base-DWDM80-31.90 (ITU 57)'),(2,1255,'1000Base-DWDM80-31.12 (ITU 58)'),(2,1256,'1000Base-DWDM80-30.33 (ITU 59)'),(2,1257,'1000Base-DWDM80-29.55 (ITU 60)'),(2,1258,'1000Base-DWDM80-28.77 (ITU 61)'),(2,1259,'10GBase-ZR-DWDM80-61.42 (ITU 20)'),(2,1260,'10GBase-ZR-DWDM80-60.61 (ITU 21)'),(2,1261,'10GBase-ZR-DWDM80-59.79 (ITU 22)'),(2,1262,'10GBase-ZR-DWDM80-58.98 (ITU 23)'),(2,1263,'10GBase-ZR-DWDM80-58.17 (ITU 24)'),(2,1264,'10GBase-ZR-DWDM80-57.36 (ITU 25)'),(2,1265,'10GBase-ZR-DWDM80-56.55 (ITU 26)'),(2,1266,'10GBase-ZR-DWDM80-55.75 (ITU 27)'),(2,1267,'10GBase-ZR-DWDM80-54.94 (ITU 28)'),(2,1268,'10GBase-ZR-DWDM80-54.13 (ITU 29)'),(2,1269,'10GBase-ZR-DWDM80-53.33 (ITU 30)'),(2,1270,'10GBase-ZR-DWDM80-52.52 (ITU 31)'),(2,1271,'10GBase-ZR-DWDM80-51.72 (ITU 32)'),(2,1272,'10GBase-ZR-DWDM80-50.92 (ITU 33)'),(2,1273,'10GBase-ZR-DWDM80-50.12 (ITU 34)'),(2,1274,'10GBase-ZR-DWDM80-49.32 (ITU 35)'),(2,1275,'10GBase-ZR-DWDM80-48.51 (ITU 36)'),(2,1276,'10GBase-ZR-DWDM80-47.72 (ITU 37)'),(2,1277,'10GBase-ZR-DWDM80-46.92 (ITU 38)'),(2,1278,'10GBase-ZR-DWDM80-46.12 (ITU 39)'),(2,1279,'10GBase-ZR-DWDM80-45.32 (ITU 40)'),(2,1280,'10GBase-ZR-DWDM80-44.53 (ITU 41)'),(2,1281,'10GBase-ZR-DWDM80-43.73 (ITU 42)'),(2,1282,'10GBase-ZR-DWDM80-42.94 (ITU 43)'),(2,1283,'10GBase-ZR-DWDM80-42.14 (ITU 44)'),(2,1284,'10GBase-ZR-DWDM80-41.35 (ITU 45)'),(2,1285,'10GBase-ZR-DWDM80-40.56 (ITU 46)'),(2,1286,'10GBase-ZR-DWDM80-39.77 (ITU 47)'),(2,1287,'10GBase-ZR-DWDM80-38.98 (ITU 48)'),(2,1288,'10GBase-ZR-DWDM80-38.19 (ITU 49)'),(2,1289,'10GBase-ZR-DWDM80-37.40 (ITU 50)'),(2,1290,'10GBase-ZR-DWDM80-36.61 (ITU 51)'),(2,1291,'10GBase-ZR-DWDM80-35.82 (ITU 52)'),(2,1292,'10GBase-ZR-DWDM80-35.04 (ITU 53)'),(2,1293,'10GBase-ZR-DWDM80-34.25 (ITU 54)'),(2,1294,'10GBase-ZR-DWDM80-33.47 (ITU 55)'),(2,1295,'10GBase-ZR-DWDM80-32.68 (ITU 56)'),(2,1296,'10GBase-ZR-DWDM80-31.90 (ITU 57)'),(2,1297,'10GBase-ZR-DWDM80-31.12 (ITU 58)'),(2,1298,'10GBase-ZR-DWDM80-30.33 (ITU 59)'),(2,1299,'10GBase-ZR-DWDM80-29.55 (ITU 60)'),(2,1300,'10GBase-ZR-DWDM80-28.77 (ITU 61)'),(25,1301,'Cisco%GPASS%AIR-BR1410A'),(25,1302,'Cisco%GPASS%AIR-BR1310G'),(25,1303,'Cisco%GPASS%AIR-AP1252AG'),(25,1304,'Cisco%GPASS%AIR-AP1252G'),(25,1305,'Cisco%GPASS%AIR-AP1242AG'),(25,1306,'Cisco%GPASS%AIR-AP1242G'),(25,1307,'Cisco%GPASS%AIR-AP1231G'),(25,1308,'Cisco%GPASS%AIR-AP1232AG'),(25,1309,'Cisco%GPASS%AIR-AP1131AG'),(25,1310,'Cisco%GPASS%AIR-AP1131G'),(25,1311,'Cisco%GPASS%AIR-AP1121G'),(25,1312,'Cisco%GPASS%AIR-AP521G'),(25,1313,'Cisco%GPASS%AIR-WLC2106'),(25,1314,'Cisco%GPASS%AIR-WLC526'),(25,1315,'Cisco%GPASS%AIR-WLC4402'),(2,1316,'1000Base-T (Dell M1000e)'),(13,1317,'Linux%GSKIP%SLES11'),(13,1318,'Windows Server 2008'),(13,1319,'Linux%GSKIP%Slackware 13.0'),(13,1320,'Linux%GSKIP%Ubuntu 9.10'),(12,1321,'Huawei%GPASS%Quidway S5328C-EI-24S'),(2,1322,'AC-out'),(1,1323,'Voice/video'),(28,1324,'Cisco%GPASS%MCS 7816'),(28,1325,'Cisco%GPASS%MCS 7825'),(28,1326,'Cisco%GPASS%MCS 7835'),(17,1327,'[[ Cisco%GPASS%2901 | http://www.cisco.com/en/US/products/ps10539/index.html]]'),(17,1328,'[[ Cisco%GPASS%2911 | http://www.cisco.com/en/US/products/ps10540/index.html]]'),(17,1329,'[[ Cisco%GPASS%2921 | http://www.cisco.com/en/US/products/ps10543/index.html]]'),(17,1330,'[[ Cisco%GPASS%2951 | http://www.cisco.com/en/US/products/ps10544/index.html]]'),(13,1331,'Linux%GSKIP%ALTLinux 5'),(13,1332,'[[Linux%GSKIP%RH Fedora 12 | http://docs.fedoraproject.org/release-notes/f12/en-US/html/]]'),(13,1333,'Linux%GSKIP%Gentoo 10.0'),(13,1334,'Linux%GSKIP%Gentoo 10.1'),(12,1335,'Huawei%GPASS%Quidway S5328C-EI'),(12,1336,'Huawei%GPASS%Quidway S5328C-PWR-EI'),(12,1337,'Huawei%GPASS%Quidway S5352C-EI'),(12,1338,'Huawei%GPASS%Quidway S5352C-PWR-EI'),(12,1339,'Huawei%GPASS%Quidway S5328C-SI'),(12,1340,'Huawei%GPASS%Quidway S5328C-PWR-SI'),(12,1341,'Huawei%GPASS%Quidway S5352C-SI'),(12,1342,'Huawei%GPASS%Quidway S5352C-PWR-SI'),(12,1343,'Huawei%GPASS%Quidway S5324TP-SI'),(12,1344,'Huawei%GPASS%Quidway S5324TP-PWR-SI'),(12,1345,'Huawei%GPASS%Quidway S5348TP-SI'),(12,1346,'Huawei%GPASS%Quidway S5348TP-PWR-SI'),(12,1347,'Cisco%GPASS%Catalyst 2960G-24PC'),(12,1348,'Cisco%GPASS%Catalyst 2350-48TD'),(12,1349,'[[HP ProCurve%GPASS%2910al-48G | http://h10010.www1.hp.com/wwpc/uk/en/sm/WF06b/12883-12883-3445275-427605-427605-3901671-3901675.html]]'),(14,1350,'ExtremeXOS 10'),(14,1351,'ExtremeXOS 11'),(14,1352,'ExtremeXOS 12'),(12,1353,'[[Extreme Networks%GPASS%Summit X480-24x | http://extremenetworks.com/products/summit-X480.aspx]]'),(12,1354,'[[Extreme Networks%GPASS%Summit X480-48t | http://extremenetworks.com/products/summit-X480.aspx]]'),(12,1355,'[[Extreme Networks%GPASS%Summit X480-48x | http://extremenetworks.com/products/summit-X480.aspx]]'),(12,1356,'[[Extreme Networks%GPASS%Summit X650 | http://extremenetworks.com/products/summit-x650.aspx]]'),(12,1357,'Huawei%GPASS%Quidway S9303'),(12,1358,'Huawei%GPASS%Quidway S9306'),(12,1359,'Huawei%GPASS%Quidway S9312'),(14,1360,'Huawei VRP 5.3'),(14,1361,'Huawei VRP 5.5'),(12,1362,'[[Brocade%GPASS%FCX 648 | http://www.brocade.com/sites/dotcom/products-solutions/products/ethernet-switches-routers/enterprise-mobility/product-details/fcx-series-data-center/index.page ]]'),(14,1363,'IronWare 5'),(14,1364,'IronWare 7'),(14,1365,'Cisco NX-OS 4.2'),(14,1366,'JunOS 9'),(14,1367,'JunOS 10'),(17,1368,'[[Juniper%GPASS%MX80 | http://www.juniper.net/products_and_services/mx_series/index.html]]'),(14,1369,'Huawei VRP 5.7'),(12,1370,'Cisco%GPASS%Catalyst 2960-48PST-L'),(12,1371,'SMC%GPASS%8024L2'),(12,1372,'SMC%GPASS%8124PL2'),(12,1373,'SMC%GPASS%8126L2'),(12,1374,'SMC%GPASS%8150L2'),(12,1375,'SMC%GPASS%8612XL3'),(12,1376,'SMC%GPASS%8708L2'),(12,1377,'SMC%GPASS%8824M'),(12,1378,'SMC%GPASS%8848M'),(12,1379,'SMC%GPASS%8926EM'),(12,1380,'SMC%GPASS%8950EM'),(11,1381,'Dell PowerEdge%GPASS%R910'),(18,1382,'Dell PowerVault%GPASS%MD1220'),(12,1383,'Cisco%GPASS%Catalyst 2960S-48TD-L'),(12,1384,'Cisco%GPASS%Catalyst 2960S-24TD-L'),(12,1385,'Cisco%GPASS%Catalyst 2960S-48FPD-L'),(12,1386,'Cisco%GPASS%Catalyst 2960S-48LPD-L'),(12,1387,'Cisco%GPASS%Catalyst 2960S-24PD-L'),(12,1388,'Cisco%GPASS%Catalyst 2960S-48TS-L'),(12,1389,'Cisco%GPASS%Catalyst 2960S-24TS-L'),(12,1390,'Cisco%GPASS%Catalyst 2960S-48TS-S'),(12,1391,'Cisco%GPASS%Catalyst 2960S-24TS-S'),(12,1392,'Cisco%GPASS%Catalyst 2960S-48FPS-L'),(12,1393,'Cisco%GPASS%Catalyst 2960S-48LPS-L'),(12,1394,'Cisco%GPASS%Catalyst 2960S-24PS-L'),(13,1395,'[[Linux%GSKIP%Debian 6.0 (squeeze) | http://debian.org/releases/squeeze/]]'),(29,1500,'No'),(29,1501,'Yes'),(1,1502,'Server chassis'),(1,1503,'Network chassis'),(1,1504,'VM'),(1,1505,'VM Cluster'),(1,1506,'VM Resource Pool'),(1,1507,'VM Virtual Switch'),(13,1508,'Hypervisor%GSKIP%VMware ESX 3.5'),(13,1509,'Hypervisor%GSKIP%VMware ESXi 3.5'),(13,1510,'Hypervisor%GSKIP%VMware ESX 4.0'),(13,1511,'Hypervisor%GSKIP%VMware ESXi 4.0'),(13,1512,'Hypervisor%GSKIP%VMware ESX 4.1'),(13,1513,'Hypervisor%GSKIP%VMware ESXi 4.1'),(13,1514,'Hypervisor%GSKIP%XenServer 4.0'),(13,1515,'Hypervisor%GSKIP%XenServer 5.0'),(13,1516,'Hypervisor%GSKIP%XenServer 5.5'),(31,1517,'Dell PowerEdge%GPASS%1855'),(11,1518,'Dell PowerEdge (blade)%GPASS%1955'),(11,1519,'Dell PowerEdge (blade)%GPASS%M605'),(11,1520,'Dell PowerEdge (blade)%GPASS%M610'),(11,1521,'Dell PowerEdge (blade)%GPASS%M610x'),(11,1522,'Dell PowerEdge (blade)%GPASS%M710'),(11,1523,'Dell PowerEdge (blade)%GPASS%M805'),(11,1524,'Dell PowerEdge (blade)%GPASS%M905'),(11,1525,'Dell PowerEdge (blade)%GPASS%M910'),(26,1526,'Brocade (blade)%GPASS%McDATA 3014'),(26,1527,'Brocade (blade)%GPASS%McDATA 4314'),(26,1528,'Brocade (blade)%GPASS%McDATA 4416'),(26,1529,'Brocade (blade)%GPASS%M4424'),(26,1530,'Brocade (blade)%GPASS%M5424'),(12,1531,'Dell PowerConnect (blade)%GPASS%5316M'),(12,1532,'Dell PowerConnect (blade)%GPASS%M6220'),(12,1533,'Dell PowerConnect (blade)%GPASS%M8024'),(12,1534,'Cisco (blade)%GPASS%Catalyst 3130G'),(12,1535,'Cisco (blade)%GPASS%Catalyst 3130X'),(12,1536,'Cisco (blade)%GPASS%WS-X6148-GE-TX'),(12,1537,'Cisco (blade)%GPASS%WS-X6148A-GE-45AF'),(12,1538,'Cisco (blade)%GPASS%WS-X6148A-GE-TX'),(12,1539,'Cisco (blade)%GPASS%WS-X6408A-GBIC'),(12,1540,'Cisco (blade)%GPASS%WS-X6416-GBIC'),(12,1541,'Cisco (blade)%GPASS%WS-X6516A-GBIC'),(12,1542,'Cisco (blade)%GPASS%WS-X6548-GE-TX'),(12,1543,'Cisco (blade)%GPASS%WS-X6548-GE-45AF'),(12,1544,'Cisco (blade)%GPASS%WS-X6704-10GE'),(12,1545,'Cisco (blade)%GPASS%WS-X6708-10G-3C'),(12,1546,'Cisco (blade)%GPASS%WS-X6708-10G-3CXL'),(12,1547,'Cisco (blade)%GPASS%WS-X6716-10GT-3C'),(12,1548,'Cisco (blade)%GPASS%WS-X6716-10GT-3CXL'),(12,1549,'Cisco (blade)%GPASS%WS-X6724-SFP'),(12,1550,'Cisco (blade)%GPASS%WS-X6748-GE-TX'),(12,1551,'Cisco (blade)%GPASS%WS-X6748-SFP'),(12,1552,'Cisco (blade)%GPASS%WS-SUP720-3B'),(12,1553,'Cisco (blade)%GPASS%WS-XSUP720-3BX'),(12,1554,'Cisco (blade)%GPASS%WS-SUP32-GE-3B'),(12,1555,'Cisco (blade)%GPASS%WS-SUP32-10GE-3B'),(32,1556,'VMware%GPASS%Standard vSwitch'),(32,1557,'VMware%GPASS%Distributed vSwitch'),(32,1558,'Cisco%GPASS%Nexus 1000V'),(33,1559,'NS-OS 4.0');
/*!40000 ALTER TABLE `Dictionary` ENABLE KEYS */;
UNLOCK TABLES;
DROP TABLE IF EXISTS `EntityLink`;
/*!40101 SET @saved_cs_client     = @@character_set_client */;
/*!40101 SET character_set_client = utf8 */;
CREATE TABLE `EntityLink` (
  `id` int(10) unsigned NOT NULL AUTO_INCREMENT,
  `parent_entity_type` enum('ipv4net','ipv4rspool','ipv4vs','ipv6net','object','rack','user') NOT NULL,
  `parent_entity_id` int(10) unsigned NOT NULL,
  `child_entity_type` enum('file','object') NOT NULL,
  `child_entity_id` int(10) unsigned NOT NULL,
  PRIMARY KEY (`id`),
  UNIQUE KEY `EntityLink-unique` (`parent_entity_type`,`parent_entity_id`,`child_entity_type`,`child_entity_id`)
) ENGINE=InnoDB DEFAULT CHARSET=utf8;
/*!40101 SET character_set_client = @saved_cs_client */;

LOCK TABLES `EntityLink` WRITE;
/*!40000 ALTER TABLE `EntityLink` DISABLE KEYS */;
/*!40000 ALTER TABLE `EntityLink` ENABLE KEYS */;
UNLOCK TABLES;
DROP TABLE IF EXISTS `File`;
/*!40101 SET @saved_cs_client     = @@character_set_client */;
/*!40101 SET character_set_client = utf8 */;
CREATE TABLE `File` (
  `id` int(10) unsigned NOT NULL AUTO_INCREMENT,
  `name` char(255) NOT NULL,
  `type` char(255) NOT NULL,
  `size` int(10) unsigned NOT NULL,
  `ctime` datetime NOT NULL,
  `mtime` datetime NOT NULL,
  `atime` datetime NOT NULL,
  `thumbnail` longblob,
  `contents` longblob NOT NULL,
  `comment` text,
  PRIMARY KEY (`id`),
  UNIQUE KEY `name` (`name`)
) ENGINE=InnoDB DEFAULT CHARSET=utf8;
/*!40101 SET character_set_client = @saved_cs_client */;

LOCK TABLES `File` WRITE;
/*!40000 ALTER TABLE `File` DISABLE KEYS */;
/*!40000 ALTER TABLE `File` ENABLE KEYS */;
UNLOCK TABLES;
DROP TABLE IF EXISTS `FileLink`;
/*!40101 SET @saved_cs_client     = @@character_set_client */;
/*!40101 SET character_set_client = utf8 */;
CREATE TABLE `FileLink` (
  `id` int(10) unsigned NOT NULL AUTO_INCREMENT,
  `file_id` int(10) unsigned NOT NULL,
  `entity_type` enum('ipv4net','ipv4rspool','ipv4vs','object','rack','user','ipv6net') NOT NULL DEFAULT 'object',
  `entity_id` int(10) NOT NULL,
  PRIMARY KEY (`id`),
  UNIQUE KEY `FileLink-unique` (`file_id`,`entity_type`,`entity_id`),
  KEY `FileLink-file_id` (`file_id`),
  CONSTRAINT `FileLink-File_fkey` FOREIGN KEY (`file_id`) REFERENCES `File` (`id`) ON DELETE CASCADE ON UPDATE CASCADE
) ENGINE=InnoDB DEFAULT CHARSET=utf8;
/*!40101 SET character_set_client = @saved_cs_client */;

LOCK TABLES `FileLink` WRITE;
/*!40000 ALTER TABLE `FileLink` DISABLE KEYS */;
/*!40000 ALTER TABLE `FileLink` ENABLE KEYS */;
UNLOCK TABLES;
DROP TABLE IF EXISTS `IPv4Address`;
/*!40101 SET @saved_cs_client     = @@character_set_client */;
/*!40101 SET character_set_client = utf8 */;
CREATE TABLE `IPv4Address` (
  `ip` int(10) unsigned NOT NULL DEFAULT '0',
  `name` char(255) NOT NULL DEFAULT '',
  `reserved` enum('yes','no') DEFAULT NULL,
  PRIMARY KEY (`ip`)
) ENGINE=InnoDB DEFAULT CHARSET=utf8;
/*!40101 SET character_set_client = @saved_cs_client */;

LOCK TABLES `IPv4Address` WRITE;
/*!40000 ALTER TABLE `IPv4Address` DISABLE KEYS */;
INSERT INTO `IPv4Address` VALUES (180879360,'',NULL),(180879361,'',NULL),(180879616,'network','yes'),(180879617,'',NULL),(180879618,'',NULL),(180879675,'',NULL),(180879676,'',NULL),(180879677,'',NULL),(180879678,'default gw','no'),(180879679,'broadcast','yes'),(180879680,'network','yes'),(180879681,'',NULL),(180879683,'',NULL),(180879684,'',NULL),(180879685,'',NULL),(180879686,'',NULL),(180879687,'',NULL),(180879743,'broadcast','yes'),(180879872,'network','yes'),(180879935,'broadcast','yes'),(180879936,'network','yes'),(180879999,'broadcast','yes'),(180880128,'network','no'),(180880191,'broadcast','no'),(180880192,'network','yes'),(180880193,'',NULL),(180880194,'',NULL),(180880195,'',NULL),(180880254,'',NULL),(180880255,'broadcast','yes'),(180880384,'network','yes'),(180880447,'broadcast','yes'),(180880448,'network','yes'),(180880504,'for field engineer','yes'),(180880511,'broadcast','yes');
/*!40000 ALTER TABLE `IPv4Address` ENABLE KEYS */;
UNLOCK TABLES;
DROP TABLE IF EXISTS `IPv4Allocation`;
/*!40101 SET @saved_cs_client     = @@character_set_client */;
/*!40101 SET character_set_client = utf8 */;
CREATE TABLE `IPv4Allocation` (
  `object_id` int(10) unsigned NOT NULL DEFAULT '0',
  `ip` int(10) unsigned NOT NULL DEFAULT '0',
  `name` char(255) NOT NULL DEFAULT '',
  `type` enum('regular','shared','virtual','router') DEFAULT NULL,
  PRIMARY KEY (`object_id`,`ip`),
  CONSTRAINT `IPv4Allocation-FK-object_id` FOREIGN KEY (`object_id`) REFERENCES `RackObject` (`id`) ON DELETE CASCADE
) ENGINE=InnoDB DEFAULT CHARSET=utf8;
/*!40101 SET character_set_client = @saved_cs_client */;

LOCK TABLES `IPv4Allocation` WRITE;
/*!40000 ALTER TABLE `IPv4Allocation` DISABLE KEYS */;
INSERT INTO `IPv4Allocation` VALUES (905,180879361,'se1/1','regular'),(905,180879362,'se1/0','regular'),(905,180879678,'fa2/0','router'),(906,180879617,'','regular'),(907,180879363,'se1/1','regular'),(907,180879364,'se1/0','regular'),(907,180879998,'','shared'),(908,180879360,'se1/0','regular'),(908,180879367,'se1/1','regular'),(908,180880446,'fa1/0','router'),(908,180880510,'fa2/0','router'),(909,180879365,'se1/1','regular'),(909,180879366,'se1/0','regular'),(909,180880254,'fa2/0','router'),(910,180879675,'','virtual'),(910,180879681,'eth0','regular'),(911,180879675,'','virtual'),(911,180879682,'eth0','regular'),(912,180879675,'','virtual'),(912,180879683,'eth0','regular'),(913,180879676,'','virtual'),(913,180879684,'eth0','regular'),(914,180879676,'','virtual'),(914,180879685,'eth0','regular'),(915,180879618,'telnet access','regular'),(915,180879675,'VIP1','regular'),(915,180879676,'VIP2','regular'),(915,180879677,'VIP3','regular'),(918,180879677,'','virtual'),(918,180879686,'bge0','regular'),(919,180879677,'','virtual'),(919,180879687,'bge0','regular'),(923,180880193,'eth0','regular'),(924,180880194,'eth0','regular'),(925,180880195,'eth0','regular'),(927,180879998,'','shared'),(928,180879877,'','regular'),(929,180879878,'','regular'),(932,180879973,'','regular'),(933,180879978,'','regular'),(934,180879974,'','regular'),(935,180879979,'','regular'),(936,180879975,'','regular'),(937,180879980,'','regular'),(938,180879976,'','regular'),(939,180879981,'','regular'),(940,180879977,'','regular'),(941,180879982,'','regular'),(956,180880449,'eth0','regular'),(957,180880450,'eth0','regular'),(958,180880451,'eth0','regular'),(959,180880452,'eth0','regular'),(960,180880453,'eth0','regular'),(961,180880385,'','regular'),(962,180880386,'','regular');
/*!40000 ALTER TABLE `IPv4Allocation` ENABLE KEYS */;
UNLOCK TABLES;
DROP TABLE IF EXISTS `IPv4LB`;
/*!40101 SET @saved_cs_client     = @@character_set_client */;
/*!40101 SET character_set_client = utf8 */;
CREATE TABLE `IPv4LB` (
  `object_id` int(10) unsigned DEFAULT NULL,
  `rspool_id` int(10) unsigned DEFAULT NULL,
  `vs_id` int(10) unsigned DEFAULT NULL,
  `prio` int(10) unsigned DEFAULT NULL,
  `vsconfig` text,
  `rsconfig` text,
  UNIQUE KEY `LB-VS` (`object_id`,`vs_id`),
  KEY `IPv4LB-FK-rspool_id` (`rspool_id`),
  KEY `IPv4LB-FK-vs_id` (`vs_id`),
  CONSTRAINT `IPv4LB-FK-object_id` FOREIGN KEY (`object_id`) REFERENCES `RackObject` (`id`),
  CONSTRAINT `IPv4LB-FK-rspool_id` FOREIGN KEY (`rspool_id`) REFERENCES `IPv4RSPool` (`id`),
  CONSTRAINT `IPv4LB-FK-vs_id` FOREIGN KEY (`vs_id`) REFERENCES `IPv4VS` (`id`)
) ENGINE=InnoDB DEFAULT CHARSET=utf8;
/*!40101 SET character_set_client = @saved_cs_client */;

LOCK TABLES `IPv4LB` WRITE;
/*!40000 ALTER TABLE `IPv4LB` DISABLE KEYS */;
INSERT INTO `IPv4LB` VALUES (928,1,1,NULL,NULL,NULL),(929,1,1,NULL,NULL,NULL),(929,2,2,NULL,NULL,NULL);
/*!40000 ALTER TABLE `IPv4LB` ENABLE KEYS */;
UNLOCK TABLES;
DROP TABLE IF EXISTS `IPv4NAT`;
/*!40101 SET @saved_cs_client     = @@character_set_client */;
/*!40101 SET character_set_client = utf8 */;
CREATE TABLE `IPv4NAT` (
  `object_id` int(10) unsigned NOT NULL DEFAULT '0',
  `proto` enum('TCP','UDP') NOT NULL DEFAULT 'TCP',
  `localip` int(10) unsigned NOT NULL DEFAULT '0',
  `localport` smallint(5) unsigned NOT NULL DEFAULT '0',
  `remoteip` int(10) unsigned NOT NULL DEFAULT '0',
  `remoteport` smallint(5) unsigned NOT NULL DEFAULT '0',
  `description` char(255) DEFAULT NULL,
  PRIMARY KEY (`object_id`,`proto`,`localip`,`localport`,`remoteip`,`remoteport`),
  KEY `localip` (`localip`),
  KEY `remoteip` (`remoteip`),
  KEY `object_id` (`object_id`),
  CONSTRAINT `IPv4NAT-FK-object_id` FOREIGN KEY (`object_id`) REFERENCES `RackObject` (`id`)
) ENGINE=InnoDB DEFAULT CHARSET=utf8;
/*!40101 SET character_set_client = @saved_cs_client */;

LOCK TABLES `IPv4NAT` WRITE;
/*!40000 ALTER TABLE `IPv4NAT` DISABLE KEYS */;
INSERT INTO `IPv4NAT` VALUES (915,'TCP',180879675,80,180879681,80,''),(915,'TCP',180879675,80,180879682,80,''),(915,'TCP',180879675,80,180879683,80,''),(915,'TCP',180879677,443,180879686,443,''),(915,'TCP',180879677,443,180879687,443,''),(915,'UDP',180879676,53,180879684,53,''),(915,'UDP',180879676,53,180879685,53,'');
/*!40000 ALTER TABLE `IPv4NAT` ENABLE KEYS */;
UNLOCK TABLES;
DROP TABLE IF EXISTS `IPv4Network`;
/*!40101 SET @saved_cs_client     = @@character_set_client */;
/*!40101 SET character_set_client = utf8 */;
CREATE TABLE `IPv4Network` (
  `id` int(10) unsigned NOT NULL AUTO_INCREMENT,
  `ip` int(10) unsigned NOT NULL DEFAULT '0',
  `mask` int(10) unsigned NOT NULL DEFAULT '0',
  `name` char(255) DEFAULT NULL,
  `comment` text,
  PRIMARY KEY (`id`),
  UNIQUE KEY `base-len` (`ip`,`mask`)
) ENGINE=InnoDB AUTO_INCREMENT=109 DEFAULT CHARSET=utf8;
/*!40101 SET character_set_client = @saved_cs_client */;

LOCK TABLES `IPv4Network` WRITE;
/*!40000 ALTER TABLE `IPv4Network` DISABLE KEYS */;
INSERT INTO `IPv4Network` VALUES (96,180879616,26,'London network devices and VIPs',NULL),(97,180879680,26,'London HA server farm',NULL),(98,180879872,26,'New-York network devices',NULL),(99,180879936,26,'New-York servers',NULL),(102,180879360,31,'M-L P2P',NULL),(103,180879362,31,'L-NY P2P',NULL),(104,180879364,31,'NY-T P2P',NULL),(105,180879366,31,'T-M P2P',NULL),(106,180880384,26,'Moscow network devices',NULL),(107,180880448,26,'Moscow servers',NULL),(108,180880192,26,'Tokyo server farm',NULL);
/*!40000 ALTER TABLE `IPv4Network` ENABLE KEYS */;
UNLOCK TABLES;
DROP TABLE IF EXISTS `IPv4RS`;
/*!40101 SET @saved_cs_client     = @@character_set_client */;
/*!40101 SET character_set_client = utf8 */;
CREATE TABLE `IPv4RS` (
  `id` int(10) unsigned NOT NULL AUTO_INCREMENT,
  `inservice` enum('yes','no') NOT NULL DEFAULT 'no',
  `rsip` int(10) unsigned DEFAULT NULL,
  `rsport` smallint(5) unsigned DEFAULT NULL,
  `rspool_id` int(10) unsigned DEFAULT NULL,
  `rsconfig` text,
  PRIMARY KEY (`id`),
  UNIQUE KEY `pool-endpoint` (`rspool_id`,`rsip`,`rsport`),
  CONSTRAINT `IPv4RS-FK` FOREIGN KEY (`rspool_id`) REFERENCES `IPv4RSPool` (`id`) ON DELETE CASCADE
) ENGINE=InnoDB AUTO_INCREMENT=11 DEFAULT CHARSET=utf8;
/*!40101 SET character_set_client = @saved_cs_client */;

LOCK TABLES `IPv4RS` WRITE;
/*!40000 ALTER TABLE `IPv4RS` DISABLE KEYS */;
INSERT INTO `IPv4RS` VALUES (1,'yes',180879973,80,1,NULL),(2,'yes',180879974,80,1,NULL),(3,'no',180879975,80,1,NULL),(4,'yes',180879976,80,1,NULL),(5,'yes',180879977,80,1,NULL),(6,'no',180879978,8080,2,NULL),(7,'yes',180879979,8080,2,NULL),(8,'yes',180879980,8080,2,NULL),(9,'yes',180879981,8080,2,NULL),(10,'yes',180879982,8080,2,NULL);
/*!40000 ALTER TABLE `IPv4RS` ENABLE KEYS */;
UNLOCK TABLES;
DROP TABLE IF EXISTS `IPv4RSPool`;
/*!40101 SET @saved_cs_client     = @@character_set_client */;
/*!40101 SET character_set_client = utf8 */;
CREATE TABLE `IPv4RSPool` (
  `id` int(10) unsigned NOT NULL AUTO_INCREMENT,
  `name` char(255) DEFAULT NULL,
  `vsconfig` text,
  `rsconfig` text,
  PRIMARY KEY (`id`)
) ENGINE=InnoDB AUTO_INCREMENT=3 DEFAULT CHARSET=utf8;
/*!40101 SET character_set_client = @saved_cs_client */;

LOCK TABLES `IPv4RSPool` WRITE;
/*!40000 ALTER TABLE `IPv4RSPool` DISABLE KEYS */;
INSERT INTO `IPv4RSPool` VALUES (1,'Apache servers',NULL,NULL),(2,'Resin servers',NULL,NULL);
/*!40000 ALTER TABLE `IPv4RSPool` ENABLE KEYS */;
UNLOCK TABLES;
DROP TABLE IF EXISTS `IPv4VS`;
/*!40101 SET @saved_cs_client     = @@character_set_client */;
/*!40101 SET character_set_client = utf8 */;
CREATE TABLE `IPv4VS` (
  `id` int(10) unsigned NOT NULL AUTO_INCREMENT,
  `vip` int(10) unsigned DEFAULT NULL,
  `vport` smallint(5) unsigned DEFAULT NULL,
  `proto` enum('TCP','UDP') NOT NULL DEFAULT 'TCP',
  `name` char(255) DEFAULT NULL,
  `vsconfig` text,
  `rsconfig` text,
  PRIMARY KEY (`id`)
) ENGINE=InnoDB AUTO_INCREMENT=3 DEFAULT CHARSET=utf8;
/*!40101 SET character_set_client = @saved_cs_client */;

LOCK TABLES `IPv4VS` WRITE;
/*!40000 ALTER TABLE `IPv4VS` DISABLE KEYS */;
INSERT INTO `IPv4VS` VALUES (1,180879877,80,'TCP','virtual web','lvs_sched wlc\r\nlvs_method NAT\r\ndelay_loop 3\r\nalpha\r\nomega\r\nquorum 3\r\nhysteresis 1\r\n\r\n# this is a comment\r\n# VS name is %VNAME%\r\n#\r\n','HTTP_GET {\r\nurl {\r\npath /\r\nstatus_code 200\r\n}\r\nconnect_timeout 1\r\n}'),(2,180879878,80,'TCP','virtual app','lvs_sched wlc\r\nlvs_method NAT\r\ndelay_loop 3\r\nalpha\r\nomega\r\nquorum 3\r\nhysteresis 1\r\n\r\n','HTTP_GET {\r\nurl {\r\npath /\r\nstatus_code 200\r\n}\r\nconnect_timeout 1\r\n}');
/*!40000 ALTER TABLE `IPv4VS` ENABLE KEYS */;
UNLOCK TABLES;
DROP TABLE IF EXISTS `IPv6Address`;
/*!40101 SET @saved_cs_client     = @@character_set_client */;
/*!40101 SET character_set_client = utf8 */;
CREATE TABLE `IPv6Address` (
  `ip` binary(16) NOT NULL,
  `name` char(255) NOT NULL DEFAULT '',
  `reserved` enum('yes','no') DEFAULT NULL,
  PRIMARY KEY (`ip`)
) ENGINE=InnoDB DEFAULT CHARSET=utf8;
/*!40101 SET character_set_client = @saved_cs_client */;

LOCK TABLES `IPv6Address` WRITE;
/*!40000 ALTER TABLE `IPv6Address` DISABLE KEYS */;
/*!40000 ALTER TABLE `IPv6Address` ENABLE KEYS */;
UNLOCK TABLES;
DROP TABLE IF EXISTS `IPv6Allocation`;
/*!40101 SET @saved_cs_client     = @@character_set_client */;
/*!40101 SET character_set_client = utf8 */;
CREATE TABLE `IPv6Allocation` (
  `object_id` int(10) unsigned NOT NULL DEFAULT '0',
  `ip` binary(16) NOT NULL,
  `name` char(255) NOT NULL DEFAULT '',
  `type` enum('regular','shared','virtual','router') DEFAULT NULL,
  PRIMARY KEY (`object_id`,`ip`),
  CONSTRAINT `IPv6Allocation-FK-object_id` FOREIGN KEY (`object_id`) REFERENCES `RackObject` (`id`) ON DELETE CASCADE
) ENGINE=InnoDB DEFAULT CHARSET=utf8;
/*!40101 SET character_set_client = @saved_cs_client */;

LOCK TABLES `IPv6Allocation` WRITE;
/*!40000 ALTER TABLE `IPv6Allocation` DISABLE KEYS */;
/*!40000 ALTER TABLE `IPv6Allocation` ENABLE KEYS */;
UNLOCK TABLES;
DROP TABLE IF EXISTS `IPv6Network`;
/*!40101 SET @saved_cs_client     = @@character_set_client */;
/*!40101 SET character_set_client = utf8 */;
CREATE TABLE `IPv6Network` (
  `id` int(10) unsigned NOT NULL AUTO_INCREMENT,
  `ip` binary(16) NOT NULL,
  `mask` int(10) unsigned NOT NULL,
  `last_ip` binary(16) NOT NULL,
  `name` char(255) DEFAULT NULL,
  `comment` text,
  PRIMARY KEY (`id`),
  UNIQUE KEY `ip` (`ip`,`mask`)
) ENGINE=InnoDB DEFAULT CHARSET=utf8;
/*!40101 SET character_set_client = @saved_cs_client */;

LOCK TABLES `IPv6Network` WRITE;
/*!40000 ALTER TABLE `IPv6Network` DISABLE KEYS */;
/*!40000 ALTER TABLE `IPv6Network` ENABLE KEYS */;
UNLOCK TABLES;
DROP TABLE IF EXISTS `LDAPCache`;
/*!40101 SET @saved_cs_client     = @@character_set_client */;
/*!40101 SET character_set_client = utf8 */;
CREATE TABLE `LDAPCache` (
  `presented_username` char(64) NOT NULL,
  `successful_hash` char(40) NOT NULL,
  `first_success` timestamp NOT NULL DEFAULT CURRENT_TIMESTAMP,
  `last_retry` timestamp NOT NULL DEFAULT '0000-00-00 00:00:00',
  `displayed_name` char(128) DEFAULT NULL,
  `memberof` text,
  UNIQUE KEY `presented_username` (`presented_username`),
  KEY `scanidx` (`presented_username`,`successful_hash`)
) ENGINE=InnoDB DEFAULT CHARSET=utf8;
/*!40101 SET character_set_client = @saved_cs_client */;

LOCK TABLES `LDAPCache` WRITE;
/*!40000 ALTER TABLE `LDAPCache` DISABLE KEYS */;
/*!40000 ALTER TABLE `LDAPCache` ENABLE KEYS */;
UNLOCK TABLES;
DROP TABLE IF EXISTS `Link`;
/*!40101 SET @saved_cs_client     = @@character_set_client */;
/*!40101 SET character_set_client = utf8 */;
CREATE TABLE `Link` (
  `porta` int(10) unsigned NOT NULL DEFAULT '0',
  `portb` int(10) unsigned NOT NULL DEFAULT '0',
  `cable` char(64) DEFAULT NULL,
  PRIMARY KEY (`porta`,`portb`),
  UNIQUE KEY `porta` (`porta`),
  UNIQUE KEY `portb` (`portb`),
  CONSTRAINT `Link-FK-a` FOREIGN KEY (`porta`) REFERENCES `Port` (`id`) ON DELETE CASCADE,
  CONSTRAINT `Link-FK-b` FOREIGN KEY (`portb`) REFERENCES `Port` (`id`) ON DELETE CASCADE
) ENGINE=InnoDB DEFAULT CHARSET=utf8;
/*!40101 SET character_set_client = @saved_cs_client */;

LOCK TABLES `Link` WRITE;
/*!40000 ALTER TABLE `Link` DISABLE KEYS */;
INSERT INTO `Link` VALUES (3057,3071,NULL),(3058,3084,NULL),(3059,3069,NULL),(3062,3094,NULL),(3063,3079,NULL),(3070,3083,NULL),(3072,3080,NULL),(3073,3086,NULL),(3074,3088,NULL),(3075,3090,NULL),(3076,3092,NULL),(3077,3097,NULL),(3078,3095,NULL),(3082,3085,NULL),(3099,3112,NULL),(3101,3113,NULL),(3102,3114,NULL),(3103,3115,NULL),(3104,3116,NULL),(3105,3117,NULL),(3106,3118,NULL),(3119,3147,NULL),(3124,3126,NULL),(3127,3162,NULL),(3128,3158,NULL),(3130,3163,NULL),(3131,3148,NULL),(3133,3164,NULL),(3134,3143,NULL),(3136,3165,NULL),(3137,3151,NULL),(3139,3168,NULL),(3140,3154,NULL),(3142,3160,NULL),(3145,3171,NULL),(3159,3161,NULL),(3181,3186,NULL),(3182,3187,NULL),(3183,3190,NULL),(3184,3188,NULL),(3185,3189,NULL);
/*!40000 ALTER TABLE `Link` ENABLE KEYS */;
UNLOCK TABLES;
DROP TABLE IF EXISTS `Molecule`;
/*!40101 SET @saved_cs_client     = @@character_set_client */;
/*!40101 SET character_set_client = utf8 */;
CREATE TABLE `Molecule` (
  `id` int(10) unsigned NOT NULL AUTO_INCREMENT,
  PRIMARY KEY (`id`)
) ENGINE=InnoDB DEFAULT CHARSET=utf8;
/*!40101 SET character_set_client = @saved_cs_client */;

LOCK TABLES `Molecule` WRITE;
/*!40000 ALTER TABLE `Molecule` DISABLE KEYS */;
/*!40000 ALTER TABLE `Molecule` ENABLE KEYS */;
UNLOCK TABLES;
DROP TABLE IF EXISTS `MountOperation`;
/*!40101 SET @saved_cs_client     = @@character_set_client */;
/*!40101 SET character_set_client = utf8 */;
CREATE TABLE `MountOperation` (
  `id` int(10) unsigned NOT NULL AUTO_INCREMENT,
  `object_id` int(10) unsigned NOT NULL DEFAULT '0',
  `ctime` timestamp NOT NULL DEFAULT CURRENT_TIMESTAMP ON UPDATE CURRENT_TIMESTAMP,
  `user_name` char(64) DEFAULT NULL,
  `old_molecule_id` int(10) unsigned DEFAULT NULL,
  `new_molecule_id` int(10) unsigned DEFAULT NULL,
  `comment` text,
  PRIMARY KEY (`id`),
  KEY `object_id` (`object_id`),
  CONSTRAINT `MountOperation-FK-object_id` FOREIGN KEY (`object_id`) REFERENCES `RackObject` (`id`) ON DELETE CASCADE
) ENGINE=InnoDB DEFAULT CHARSET=utf8;
/*!40101 SET character_set_client = @saved_cs_client */;

LOCK TABLES `MountOperation` WRITE;
/*!40000 ALTER TABLE `MountOperation` DISABLE KEYS */;
/*!40000 ALTER TABLE `MountOperation` ENABLE KEYS */;
UNLOCK TABLES;
DROP TABLE IF EXISTS `ObjectLog`;
/*!40101 SET @saved_cs_client     = @@character_set_client */;
/*!40101 SET character_set_client = utf8 */;
CREATE TABLE `ObjectLog` (
  `id` int(10) unsigned NOT NULL AUTO_INCREMENT,
  `object_id` int(10) unsigned NOT NULL,
  `user` char(64) NOT NULL,
  `date` datetime NOT NULL,
  `content` text NOT NULL,
  PRIMARY KEY (`id`),
  KEY `object_id` (`object_id`),
  KEY `date` (`date`),
  CONSTRAINT `ObjectLog-FK-object_id` FOREIGN KEY (`object_id`) REFERENCES `RackObject` (`id`) ON DELETE CASCADE
) ENGINE=InnoDB DEFAULT CHARSET=utf8;
/*!40101 SET character_set_client = @saved_cs_client */;

LOCK TABLES `ObjectLog` WRITE;
/*!40000 ALTER TABLE `ObjectLog` DISABLE KEYS */;
/*!40000 ALTER TABLE `ObjectLog` ENABLE KEYS */;
UNLOCK TABLES;
DROP TABLE IF EXISTS `ObjectParentCompat`;
/*!40101 SET @saved_cs_client     = @@character_set_client */;
/*!40101 SET character_set_client = utf8 */;
CREATE TABLE `ObjectParentCompat` (
  `parent_objtype_id` int(10) unsigned NOT NULL,
  `child_objtype_id` int(10) unsigned NOT NULL,
  UNIQUE KEY `parent_child` (`parent_objtype_id`,`child_objtype_id`)
) ENGINE=InnoDB DEFAULT CHARSET=utf8;
/*!40101 SET character_set_client = @saved_cs_client */;

LOCK TABLES `ObjectParentCompat` WRITE;
/*!40000 ALTER TABLE `ObjectParentCompat` DISABLE KEYS */;
INSERT INTO `ObjectParentCompat` VALUES (3,13),(4,1504),(4,1507),(1502,4),(1503,8),(1505,4),(1505,1504),(1505,1506),(1505,1507),(1506,1504);
/*!40000 ALTER TABLE `ObjectParentCompat` ENABLE KEYS */;
UNLOCK TABLES;
DROP TABLE IF EXISTS `Port`;
/*!40101 SET @saved_cs_client     = @@character_set_client */;
/*!40101 SET character_set_client = utf8 */;
CREATE TABLE `Port` (
  `id` int(10) unsigned NOT NULL AUTO_INCREMENT,
  `object_id` int(10) unsigned NOT NULL DEFAULT '0',
  `name` char(255) NOT NULL DEFAULT '',
  `iif_id` int(10) unsigned NOT NULL,
  `type` int(10) unsigned NOT NULL DEFAULT '0',
  `l2address` char(64) DEFAULT NULL,
  `reservation_comment` char(255) DEFAULT NULL,
  `label` char(255) DEFAULT NULL,
  PRIMARY KEY (`id`),
  UNIQUE KEY `object_iif_oif_name` (`object_id`,`iif_id`,`type`,`name`),
  KEY `type` (`type`),
  KEY `comment` (`reservation_comment`),
  KEY `l2address` (`l2address`),
  KEY `Port-FK-iif-oif` (`iif_id`,`type`),
  CONSTRAINT `Port-FK-iif-oif` FOREIGN KEY (`iif_id`, `type`) REFERENCES `PortInterfaceCompat` (`iif_id`, `oif_id`),
  CONSTRAINT `Port-FK-object_id` FOREIGN KEY (`object_id`) REFERENCES `RackObject` (`id`) ON DELETE CASCADE
) ENGINE=InnoDB AUTO_INCREMENT=3191 DEFAULT CHARSET=utf8;
/*!40101 SET character_set_client = @saved_cs_client */;

LOCK TABLES `Port` WRITE;
/*!40000 ALTER TABLE `Port` DISABLE KEYS */;
INSERT INTO `Port` VALUES (3057,905,'se1/0',1,32,NULL,NULL,''),(3058,905,'se1/1',1,32,NULL,NULL,''),(3059,905,'fa2/0',1,19,'00000000A001',NULL,''),(3060,905,'fa2/1',1,19,'00000000A002','ISP uplink',''),(3062,906,'gi2',1,24,'00000000B002',NULL,'2'),(3063,906,'gi1',1,24,'00000000B001',NULL,'1'),(3064,906,'gi3',1,24,'00000000B003',NULL,'3'),(3065,906,'gi4',1,24,'00000000B004',NULL,'4'),(3066,906,'gi5',1,24,'00000000B005',NULL,'5'),(3067,906,'gi6',1,24,'00000000B006',NULL,'6'),(3068,906,'gi7',1,24,'00000000B007',NULL,'7'),(3069,906,'gi8',1,24,'00000000B008',NULL,'8'),(3070,907,'se1/0',1,32,NULL,NULL,''),(3071,907,'se1/1',1,32,NULL,NULL,''),(3072,915,'e1',1,19,NULL,NULL,'1'),(3073,915,'e2',1,19,NULL,NULL,'2'),(3074,915,'e3',1,19,NULL,NULL,'3'),(3075,915,'e4',1,19,NULL,NULL,'4'),(3076,915,'e5',1,19,NULL,NULL,'5'),(3077,915,'e6',1,19,NULL,NULL,'6'),(3078,915,'e7',1,19,NULL,NULL,'7'),(3079,915,'e8',1,19,NULL,NULL,'8'),(3080,910,'eth0',1,24,NULL,NULL,'1'),(3081,910,'eth1',1,24,NULL,NULL,'2'),(3082,909,'se1/0',1,32,NULL,NULL,''),(3083,909,'se1/1',1,32,NULL,NULL,''),(3084,908,'se1/0',1,32,NULL,NULL,''),(3085,908,'se1/1',1,32,NULL,NULL,''),(3086,911,'eth0',1,24,NULL,NULL,'1'),(3087,911,'eth1',1,24,NULL,NULL,'2'),(3088,912,'eth0',1,24,NULL,NULL,'1'),(3089,912,'eth1',1,24,NULL,NULL,'2'),(3090,913,'eth0',1,24,NULL,NULL,'1'),(3091,913,'eth1',1,24,NULL,NULL,'2'),(3092,914,'eth0',1,24,NULL,NULL,'1'),(3093,914,'eth1',1,24,NULL,NULL,'2'),(3094,917,'fa0/0',1,19,NULL,NULL,''),(3095,919,'bge0',1,24,NULL,NULL,''),(3096,919,'bge1',1,24,NULL,NULL,''),(3097,918,'bge0',1,24,NULL,NULL,''),(3098,918,'bge1',1,24,NULL,NULL,''),(3099,909,'fa2/0',1,19,NULL,NULL,''),(3100,909,'fa2/1',1,19,NULL,'ISP uplink',''),(3101,926,'fa1',1,19,NULL,NULL,'1'),(3102,926,'fa2',1,19,NULL,NULL,'2'),(3103,926,'fa3',1,19,NULL,NULL,'3'),(3104,926,'fa4',1,19,NULL,NULL,'4'),(3105,926,'fa5',1,19,NULL,NULL,'5'),(3106,926,'fa6',1,19,NULL,NULL,'6'),(3107,926,'fa7',1,19,NULL,NULL,'7'),(3108,926,'fa8',1,19,NULL,NULL,'8'),(3109,926,'fa9',1,19,NULL,NULL,'9'),(3110,926,'fa10',1,19,NULL,NULL,'10'),(3111,926,'fa11',1,19,NULL,NULL,'11'),(3112,926,'fa12',1,19,NULL,NULL,'12'),(3113,923,'eth0',1,24,NULL,NULL,'1'),(3114,923,'eth1',1,24,NULL,NULL,'2'),(3115,924,'eth0',1,24,NULL,NULL,'1'),(3116,924,'eth1',1,24,NULL,NULL,'2'),(3117,925,'eth0',1,24,NULL,NULL,'1'),(3118,925,'eth1',1,24,NULL,NULL,'2'),(3119,908,'fa2/0',1,19,NULL,NULL,''),(3120,908,'fa2/1',1,19,NULL,'ISP uplink',''),(3121,907,'fa2/0',1,19,NULL,NULL,''),(3122,907,'fa2/1',1,19,NULL,NULL,''),(3123,927,'gi3/0',3,1202,NULL,'ISP uplink',''),(3124,927,'gi4/0',3,1202,NULL,NULL,''),(3125,907,'gi3/0',3,1202,NULL,'ISP uplink',''),(3126,907,'gi4/0',3,1202,NULL,NULL,''),(3127,956,'kvm',1,33,NULL,NULL,''),(3128,956,'eth0',1,24,NULL,NULL,''),(3129,956,'eth1',1,24,NULL,NULL,''),(3130,957,'kvm',1,33,NULL,NULL,''),(3131,957,'eth0',1,24,NULL,NULL,''),(3132,957,'eth1',1,24,NULL,NULL,''),(3133,958,'kvm',1,33,NULL,NULL,''),(3134,958,'eth0',1,24,NULL,NULL,''),(3135,958,'eth1',1,24,NULL,NULL,''),(3136,959,'kvm',1,33,NULL,NULL,''),(3137,959,'eth0',1,24,NULL,NULL,''),(3138,959,'eth1',1,24,NULL,NULL,''),(3139,960,'kvm',1,33,NULL,NULL,''),(3140,960,'eth0',1,24,NULL,NULL,''),(3141,960,'eth1',1,24,NULL,NULL,''),(3142,908,'con0',1,29,NULL,NULL,'console'),(3143,961,'1',1,24,'01040104AA00',NULL,''),(3144,961,'2',1,24,'01040104AA01','for field engineer',''),(3145,961,'3',1,24,'01040104AA02',NULL,''),(3146,961,'4',1,24,'01040104AA03',NULL,''),(3147,961,'5',1,24,'01040104AA04',NULL,''),(3148,961,'6',1,24,'01040104AA05',NULL,''),(3149,961,'7',1,24,'01040104AA06',NULL,''),(3150,961,'8',1,24,'01040104AA07',NULL,''),(3151,961,'9',1,24,'01040104AA08',NULL,''),(3152,961,'10',1,24,'01040104AA09',NULL,''),(3153,961,'11',1,24,'01040104AA0A',NULL,''),(3154,961,'12',1,24,'01040104AA0B',NULL,''),(3155,961,'13',1,24,'01040104AA0C',NULL,''),(3156,961,'14',1,24,'01040104AA0D',NULL,''),(3157,961,'15',1,24,'01040104AA0E',NULL,''),(3158,961,'16',1,24,'01040104AA0F',NULL,''),(3159,961,'con',1,681,NULL,NULL,'console'),(3160,956,'ttyS0',1,681,NULL,NULL,'serial A'),(3161,956,'ttyS1',1,681,NULL,NULL,'serial B'),(3162,962,'tail1',1,446,NULL,NULL,''),(3163,962,'tail2',1,446,NULL,NULL,''),(3164,962,'tail3',1,446,NULL,NULL,''),(3165,962,'tail4',1,446,NULL,NULL,''),(3166,962,'tail5',1,446,NULL,NULL,''),(3167,962,'tail6',1,446,NULL,NULL,''),(3168,962,'tail7',1,446,NULL,NULL,''),(3169,962,'tail8',1,446,NULL,NULL,''),(3170,962,'head',1,33,NULL,'monitor connected',''),(3171,962,'net',1,19,'020002003333',NULL,''),(3178,927,'fa1/0',1,19,NULL,NULL,''),(3179,908,'fa1/0',1,19,NULL,NULL,''),(3180,955,'in',1,16,NULL,'from local distribution',''),(3181,955,'out1',1,1322,NULL,NULL,''),(3182,955,'out2',1,1322,NULL,NULL,''),(3183,955,'out3',1,1322,NULL,NULL,''),(3184,955,'out4',1,1322,NULL,NULL,''),(3185,955,'out5',1,1322,NULL,NULL,''),(3186,923,'ps',1,16,NULL,NULL,''),(3187,924,'ps',1,16,NULL,NULL,''),(3188,925,'ps',1,16,NULL,NULL,''),(3189,926,'ps',1,16,NULL,NULL,''),(3190,909,'ps',1,16,NULL,NULL,'');
/*!40000 ALTER TABLE `Port` ENABLE KEYS */;
UNLOCK TABLES;
DROP TABLE IF EXISTS `PortAllowedVLAN`;
/*!40101 SET @saved_cs_client     = @@character_set_client */;
/*!40101 SET character_set_client = utf8 */;
CREATE TABLE `PortAllowedVLAN` (
  `object_id` int(10) unsigned NOT NULL,
  `port_name` char(255) NOT NULL,
  `vlan_id` int(10) unsigned NOT NULL DEFAULT '0',
  PRIMARY KEY (`object_id`,`port_name`,`vlan_id`),
  KEY `vlan_id` (`vlan_id`),
  CONSTRAINT `PortAllowedVLAN-FK-object-port` FOREIGN KEY (`object_id`, `port_name`) REFERENCES `PortVLANMode` (`object_id`, `port_name`) ON DELETE CASCADE,
  CONSTRAINT `PortAllowedVLAN-FK-vlan_id` FOREIGN KEY (`vlan_id`) REFERENCES `VLANValidID` (`vlan_id`)
) ENGINE=InnoDB DEFAULT CHARSET=utf8;
/*!40101 SET character_set_client = @saved_cs_client */;

LOCK TABLES `PortAllowedVLAN` WRITE;
/*!40000 ALTER TABLE `PortAllowedVLAN` DISABLE KEYS */;
/*!40000 ALTER TABLE `PortAllowedVLAN` ENABLE KEYS */;
UNLOCK TABLES;
DROP TABLE IF EXISTS `PortCompat`;
/*!40101 SET @saved_cs_client     = @@character_set_client */;
/*!40101 SET character_set_client = utf8 */;
CREATE TABLE `PortCompat` (
  `type1` int(10) unsigned NOT NULL DEFAULT '0',
  `type2` int(10) unsigned NOT NULL DEFAULT '0',
  UNIQUE KEY `type1_2` (`type1`,`type2`),
  KEY `type2` (`type2`)
) ENGINE=InnoDB DEFAULT CHARSET=utf8;
/*!40101 SET character_set_client = @saved_cs_client */;

LOCK TABLES `PortCompat` WRITE;
/*!40000 ALTER TABLE `PortCompat` DISABLE KEYS */;
INSERT INTO `PortCompat` VALUES (1322,16),(17,17),(18,18),(19,18),(24,18),(18,19),(19,19),(24,19),(20,20),(21,20),(1083,20),(1195,20),(20,21),(21,21),(1083,21),(1195,21),(22,22),(23,22),(1196,22),(22,23),(23,23),(1196,23),(18,24),(19,24),(24,24),(25,25),(26,25),(1202,25),(25,26),(26,26),(1202,26),(27,27),(28,27),(1204,27),(27,28),(28,28),(1204,28),(29,29),(681,29),(682,29),(30,30),(32,32),(446,33),(34,34),(35,35),(36,36),(37,37),(38,38),(39,39),(40,40),(41,41),(439,439),(33,446),(29,681),(681,681),(682,681),(29,682),(681,682),(682,682),(1077,1077),(20,1083),(21,1083),(1083,1083),(1195,1083),(1084,1084),(1087,1087),(20,1195),(21,1195),(1083,1195),(1195,1195),(22,1196),(23,1196),(1196,1196),(1197,1197),(1199,1198),(1198,1199),(1200,1200),(1201,1201),(25,1202),(26,1202),(1202,1202),(1203,1203),(27,1204),(28,1204),(1204,1204),(1205,1205),(1207,1206),(1206,1207),(1209,1209),(1210,1210),(1211,1211),(1212,1212),(1213,1213),(1214,1214),(1215,1215),(1216,1216),(1217,1217),(1218,1218),(1219,1219),(1220,1220),(1221,1221),(1222,1222),(1223,1223),(1224,1224),(1225,1225),(1226,1226),(1227,1227),(1228,1228),(1229,1229),(1230,1230),(1231,1231),(1232,1232),(1233,1233),(1234,1234),(1235,1235),(1236,1236),(1237,1237),(1238,1238),(1239,1239),(1240,1240),(1241,1241),(1242,1242),(1243,1243),(1244,1244),(1245,1245),(1246,1246),(1247,1247),(1248,1248),(1249,1249),(1250,1250),(1251,1251),(1252,1252),(1253,1253),(1254,1254),(1255,1255),(1256,1256),(1257,1257),(1258,1258),(1259,1259),(1260,1260),(1261,1261),(1262,1262),(1263,1263),(1264,1264),(1265,1265),(1266,1266),(1267,1267),(1268,1268),(1269,1269),(1270,1270),(1271,1271),(1272,1272),(1273,1273),(1274,1274),(1275,1275),(1276,1276),(1277,1277),(1278,1278),(1279,1279),(1280,1280),(1281,1281),(1282,1282),(1283,1283),(1284,1284),(1285,1285),(1286,1286),(1287,1287),(1288,1288),(1289,1289),(1290,1290),(1291,1291),(1292,1292),(1293,1293),(1294,1294),(1295,1295),(1296,1296),(1297,1297),(1298,1298),(1299,1299),(1300,1300),(1316,1316),(16,1322);
/*!40000 ALTER TABLE `PortCompat` ENABLE KEYS */;
UNLOCK TABLES;
DROP TABLE IF EXISTS `PortInnerInterface`;
/*!40101 SET @saved_cs_client     = @@character_set_client */;
/*!40101 SET character_set_client = utf8 */;
CREATE TABLE `PortInnerInterface` (
  `id` int(10) unsigned NOT NULL,
  `iif_name` char(16) NOT NULL,
  PRIMARY KEY (`id`),
  UNIQUE KEY `iif_name` (`iif_name`)
) ENGINE=InnoDB DEFAULT CHARSET=utf8;
/*!40101 SET character_set_client = @saved_cs_client */;

LOCK TABLES `PortInnerInterface` WRITE;
/*!40000 ALTER TABLE `PortInnerInterface` DISABLE KEYS */;
INSERT INTO `PortInnerInterface` VALUES (3,'GBIC'),(1,'hardwired'),(9,'SFP+'),(2,'SFP-100'),(4,'SFP-1000'),(6,'X2'),(5,'XENPAK'),(8,'XFP'),(7,'XPAK');
/*!40000 ALTER TABLE `PortInnerInterface` ENABLE KEYS */;
UNLOCK TABLES;
DROP TABLE IF EXISTS `PortInterfaceCompat`;
/*!40101 SET @saved_cs_client     = @@character_set_client */;
/*!40101 SET character_set_client = utf8 */;
CREATE TABLE `PortInterfaceCompat` (
  `iif_id` int(10) unsigned NOT NULL,
  `oif_id` int(10) unsigned NOT NULL,
  UNIQUE KEY `pair` (`iif_id`,`oif_id`),
  CONSTRAINT `PortInterfaceCompat-FK-iif_id` FOREIGN KEY (`iif_id`) REFERENCES `PortInnerInterface` (`id`)
) ENGINE=InnoDB DEFAULT CHARSET=utf8;
/*!40101 SET character_set_client = @saved_cs_client */;

LOCK TABLES `PortInterfaceCompat` WRITE;
/*!40000 ALTER TABLE `PortInterfaceCompat` DISABLE KEYS */;
INSERT INTO `PortInterfaceCompat` VALUES (1,16),(1,19),(1,24),(1,29),(1,31),(1,32),(1,33),(1,446),(1,681),(1,682),(1,1322),(2,1195),(2,1196),(2,1197),(2,1198),(2,1199),(2,1200),(2,1201),(2,1208),(3,24),(3,34),(3,1078),(3,1202),(3,1203),(3,1204),(3,1205),(3,1206),(3,1207),(4,24),(4,34),(4,1077),(4,1202),(4,1203),(4,1204),(4,1205),(4,1206),(4,1207),(5,30),(5,35),(5,36),(5,37),(5,38),(5,39),(5,40),(5,1079),(6,30),(6,35),(6,36),(6,37),(6,38),(6,39),(6,40),(6,1080),(7,30),(7,35),(7,36),(7,37),(7,38),(7,39),(7,40),(7,1081),(8,30),(8,35),(8,36),(8,37),(8,38),(8,39),(8,40),(8,1082),(9,30),(9,35),(9,36),(9,37),(9,38),(9,39),(9,40),(9,1084);
/*!40000 ALTER TABLE `PortInterfaceCompat` ENABLE KEYS */;
UNLOCK TABLES;
DROP TABLE IF EXISTS `PortNativeVLAN`;
/*!40101 SET @saved_cs_client     = @@character_set_client */;
/*!40101 SET character_set_client = utf8 */;
CREATE TABLE `PortNativeVLAN` (
  `object_id` int(10) unsigned NOT NULL,
  `port_name` char(255) NOT NULL,
  `vlan_id` int(10) unsigned NOT NULL DEFAULT '0',
  PRIMARY KEY (`object_id`,`port_name`,`vlan_id`),
  UNIQUE KEY `port_id` (`object_id`,`port_name`),
  CONSTRAINT `PortNativeVLAN-FK-compound` FOREIGN KEY (`object_id`, `port_name`, `vlan_id`) REFERENCES `PortAllowedVLAN` (`object_id`, `port_name`, `vlan_id`) ON DELETE CASCADE
) ENGINE=InnoDB DEFAULT CHARSET=utf8;
/*!40101 SET character_set_client = @saved_cs_client */;

LOCK TABLES `PortNativeVLAN` WRITE;
/*!40000 ALTER TABLE `PortNativeVLAN` DISABLE KEYS */;
/*!40000 ALTER TABLE `PortNativeVLAN` ENABLE KEYS */;
UNLOCK TABLES;
DROP TABLE IF EXISTS `PortVLANMode`;
/*!40101 SET @saved_cs_client     = @@character_set_client */;
/*!40101 SET character_set_client = utf8 */;
CREATE TABLE `PortVLANMode` (
  `object_id` int(10) unsigned NOT NULL,
  `port_name` char(255) NOT NULL,
  `vlan_mode` enum('access','trunk') NOT NULL DEFAULT 'access',
  PRIMARY KEY (`object_id`,`port_name`),
  CONSTRAINT `PortVLANMode-FK-object-port` FOREIGN KEY (`object_id`, `port_name`) REFERENCES `CachedPVM` (`object_id`, `port_name`)
) ENGINE=InnoDB DEFAULT CHARSET=utf8;
/*!40101 SET character_set_client = @saved_cs_client */;

LOCK TABLES `PortVLANMode` WRITE;
/*!40000 ALTER TABLE `PortVLANMode` DISABLE KEYS */;
/*!40000 ALTER TABLE `PortVLANMode` ENABLE KEYS */;
UNLOCK TABLES;
DROP TABLE IF EXISTS `Rack`;
/*!40101 SET @saved_cs_client     = @@character_set_client */;
/*!40101 SET character_set_client = utf8 */;
CREATE TABLE `Rack` (
  `id` int(10) unsigned NOT NULL AUTO_INCREMENT,
  `name` char(255) DEFAULT NULL,
  `row_id` int(10) unsigned NOT NULL DEFAULT '1',
  `height` tinyint(3) unsigned NOT NULL DEFAULT '42',
  `comment` text,
  `thumb_data` blob,
  PRIMARY KEY (`id`),
  UNIQUE KEY `name_in_row` (`row_id`,`name`),
  CONSTRAINT `Rack-FK-row_id` FOREIGN KEY (`row_id`) REFERENCES `RackRow` (`id`)
) ENGINE=InnoDB AUTO_INCREMENT=48 DEFAULT CHARSET=utf8;
/*!40101 SET character_set_client = @saved_cs_client */;

LOCK TABLES `Rack` WRITE;
/*!40000 ALTER TABLE `Rack` DISABLE KEYS */;
INSERT INTO `Rack` VALUES (40,'L01',50003,42,'test','iVBORw0KGgoAAAANSUhEUgAAAC0AAABaCAIAAACjX0i0AAAACXBIWXMAAA7EAAAOxAGVKw4bAAAA00lEQVRoge3awQ2CQBBA0dF4tySgAmuxAkIF1mIFLCXRgQcC5BsPnnb28N8JT/szmZBgNqINl4gopeRG9H0f6R3b6bfj92ue60c8h2F7uNY/+yc7yA6yg+wgO8gOsoPsIDvIDrKD7CA7yA6yg+wgO8gOOv8vfC9LYkcr87CDzv14dF3948v+0Mo87CA7yA6yg+wgO8gOsoPsIDvI7zny+4XOeazTlNjR3jzu45hw/n5lrL15+P6I8P3xzf0g94PcD6qxH/9Mur15HFeFMzvSr4634gM5yScygM87QQAAAABJRU5ErkJggg=='),(41,'L02',50003,12,'network equipment mini-rack','iVBORw0KGgoAAAANSUhEUgAAAC0AAAAeCAIAAAA3lgDOAAAACXBIWXMAAA7EAAAOxAGVKw4bAAAAiUlEQVRIiWNgGByAkYGB4cCBAwPrCAcHB4YBdwfEdhY4v3//fhrZZIBbytHREcJgopHdpAJEeGw8eJBGdhjY2xNUM1jCY9QdqGDUHagAkV/8iUjVtAODLzxGyw8GBuTwwAPokHSGVHhQmHSGUvoYdQcqGC1PUcFoeYoKRt2BCQZRP2rAu5aDBQAA2UkfcX4Y2zcAAAAASUVORK5CYII='),(42,'L03',50003,42,'','iVBORw0KGgoAAAANSUhEUgAAAC0AAABaCAIAAACjX0i0AAAACXBIWXMAAA7EAAAOxAGVKw4bAAAAyklEQVRoge3aQQqDMBBA0WnxXsYTeJaepGfpCYw360JUfiltoZDM4r9VhEI+s0hVjMjhEhG11r4RpZTo3rHtPhzX92VpH3Gbpm1xbb/3W3aQHWQH2UHnefpY144dWeZhB9lBdpAdZAfZQXbQef8xj2P77eu+yDIPO8gOsoPsIDvIDrKD7CA7yA7yfSHZQXaQHdTief+XkynfPDxPI+x4ZQfZQXaQ75PJ/xeyg+wgO8gO8vmFhu8/+duHSdd9kW8ex6fCPTu6fzqexROovyHs9GoQHAAAAABJRU5ErkJggg=='),(43,'NY100',50002,16,'','iVBORw0KGgoAAAANSUhEUgAAAC0AAAAmCAIAAADfv4UOAAAACXBIWXMAAA7EAAAOxAGVKw4bAAAAmUlEQVRYhe2YywmAMBBEV7GvpANbSgfWYgVuOvOgRuagRkLMCvNOCSzsY8iPiNigExFVbSvhvZfmHlv3Ic2nZbkqnWOsJRHCNugrNXgLPRB6IMNzicjoXEmPnO32qzzqnR8JK3nQA6EHwvMDycqjkJs49RhYyYMeCD0QeiD0QOiBnPfLB4/QG6zkQQ/kXB/pK6IJu0fzrykrrCOnHck4TXJyAAAAAElFTkSuQmCC'),(44,'NY101',50002,42,'server farm wing A','iVBORw0KGgoAAAANSUhEUgAAAC0AAABaCAIAAACjX0i0AAAACXBIWXMAAA7EAAAOxAGVKw4bAAAA80lEQVRoge2awQ2CQBBFR8OdkoAKrMUKxAqsxQoYSqIDD2Ql3xgkMeyO8b3TkJDsy8+Hw4BZDA5m5u5lJdq2teIe8+nV8/o2DPklzl03D8f8Z7+l+nyL2X0c9/aIkgceyqZ+nJpmp+M9DT+VB89LdqJ48LwoeCh4KHgoeCh4KHgoeCh4KHgoeCh4KHgoeCh4KHgoeCh4KHgom/aFX7JlHf1PeaysXz0N8fLI8FFhhXh57LdEX8HTEC8P+mFGP16hHwr9UOiHQj8U+qEseVzqOv/xnoZ4eVynqaBHlDzwUPBQ8FDwUJb3qfd9OY3kUfzX8Sg8AHgNL4lYtvoBAAAAAElFTkSuQmCC'),(45,'M01',50000,42,'','iVBORw0KGgoAAAANSUhEUgAAAC0AAABaCAIAAACjX0i0AAAACXBIWXMAAA7EAAAOxAGVKw4bAAAA00lEQVRoge3asQ2DMBBA0UvEXsAEmSWTZJZMgNksBQL0o4jQYF/xX+VIkfxlXYERETncIqKU0jZiGIZo3rHs3m2/X9NUP+I5jsviXn/vn+wgO8gOsoPsIDuo+/+XiPc8X92R5TzsoFPz8ej7i7Yv6yLLedhBdpAdZAfZQXaQHWQH2UF2kB1kB+33uQqX+gP5zuPgEuv7j+qydPj+g+wgO8gOsoPsIDvI51M69Xx6nbIu8p2H8xHhfHxzPsj5IOeDnA9yPsj5oP08tk+FW3Y0/3Q8iw8aaCvFvGcrmAAAAABJRU5ErkJggg=='),(46,'NY102',50002,42,'server farm wing B','iVBORw0KGgoAAAANSUhEUgAAAC0AAABaCAIAAACjX0i0AAAACXBIWXMAAA7EAAAOxAGVKw4bAAAA80lEQVRoge2awQ2CQBBFR8OdkoAKrMUKxAqsxQoYSqIDD2Ql3xgkMeyO8b3TkJDsy8+Hw4BZDA5m5u5lJdq2teIe8+nV8/o2DPklzl03D8f8Z7+l+nyL2X0c9/aIkgceyqZ+nJpmp+M9DT+VB89LdqJ48LwoeCh4KHgoeCh4KHgoeCh4KHgoeCh4KHgoeCh4KHgoeCh4KHgom/aFX7JlHf1PeaysXz0N8fLI8FFhhXh57LdEX8HTEC8P+mFGP16hHwr9UOiHQj8U+qEseVzqOv/xnoZ4eVynqaBHlDzwUPBQ8FDwUJb3qfd9OY3kUfzX8Sg8AHgNL4lYtvoBAAAAAElFTkSuQmCC'),(47,'T01',50001,16,'','iVBORw0KGgoAAAANSUhEUgAAAC0AAAAmCAIAAADfv4UOAAAACXBIWXMAAA7EAAAOxAGVKw4bAAAApklEQVRYhe2Y0Q2AIAxEq2Ev2MCV2MBZnICymR8KpCYiRpEa+r5KQtLjcoUEAB4MAICIbUUYY6C5jq27iuvZuUqdFu9PRVi7FWOl3ndR11uyB3oLLn6IDorooBTNy6R1pfYYil/50dH9IfmgFPnxkJJ49eRHJl4YCi5+iA6K6KCkefngEcnAz496j0gGDAU/PyQfAJKPI5IPSvIjfkU0YdfR/GuKCys8HCbVq5ZqwwAAAABJRU5ErkJggg==');
/*!40000 ALTER TABLE `Rack` ENABLE KEYS */;
UNLOCK TABLES;
DROP TABLE IF EXISTS `RackHistory`;
/*!40101 SET @saved_cs_client     = @@character_set_client */;
/*!40101 SET character_set_client = utf8 */;
CREATE TABLE `RackHistory` (
  `id` int(10) unsigned DEFAULT NULL,
  `name` char(255) DEFAULT NULL,
  `row_id` int(10) unsigned DEFAULT NULL,
  `height` tinyint(3) unsigned DEFAULT NULL,
  `comment` text,
  `thumb_data` blob,
  `ctime` timestamp NOT NULL DEFAULT CURRENT_TIMESTAMP ON UPDATE CURRENT_TIMESTAMP,
  `user_name` char(64) DEFAULT NULL
) ENGINE=InnoDB DEFAULT CHARSET=utf8;
/*!40101 SET character_set_client = @saved_cs_client */;

LOCK TABLES `RackHistory` WRITE;
/*!40000 ALTER TABLE `RackHistory` DISABLE KEYS */;
/*!40000 ALTER TABLE `RackHistory` ENABLE KEYS */;
UNLOCK TABLES;
DROP TABLE IF EXISTS `RackObject`;
/*!40101 SET @saved_cs_client     = @@character_set_client */;
/*!40101 SET character_set_client = utf8 */;
CREATE TABLE `RackObject` (
  `id` int(10) unsigned NOT NULL AUTO_INCREMENT,
  `name` char(255) DEFAULT NULL,
  `label` char(255) DEFAULT NULL,
  `objtype_id` int(10) unsigned NOT NULL DEFAULT '1',
  `asset_no` char(64) DEFAULT NULL,
  `has_problems` enum('yes','no') NOT NULL DEFAULT 'no',
  `comment` text,
  PRIMARY KEY (`id`),
  UNIQUE KEY `RackObject_asset_no` (`asset_no`),
  UNIQUE KEY `name` (`name`)
) ENGINE=InnoDB AUTO_INCREMENT=963 DEFAULT CHARSET=utf8;
/*!40101 SET character_set_client = @saved_cs_client */;

LOCK TABLES `RackObject` WRITE;
/*!40000 ALTER TABLE `RackObject` DISABLE KEYS */;
INSERT INTO `RackObject` VALUES (905,'london router','bbrtr1',7,'net247','no',''),(906,'londonswitch1','',8,NULL,'no',''),(907,'New-York router 1','bbrtr2a',7,'net55','no',''),(908,'moscow router','bbrtr3',7,NULL,'no',NULL),(909,'tokyo router','bbrtr4',7,NULL,'no',NULL),(910,'London server 1','lserver01',4,'srv500','no',''),(911,'London server 2','lserver02',4,'srv501','no',''),(912,'London server 3','lserver03',4,'srv502','no',''),(913,'London server 4','lserver04',4,'srv503','yes','this one needs replacement'),(914,'London server 5','lserver05',4,'srv504','no',''),(915,'london LB','llb',8,'net1000','no',''),(916,'shared storage','',5,NULL,'no',''),(917,'london-NAS','',7,'net1001','no',''),(918,'London server 6','lserver06',4,'srv505','no',NULL),(919,'London server 7','lserver07',4,'srv506','no',NULL),(920,'backup library','lbackup',6,'misc200','no',NULL),(921,'lserver06 array','lserver06 array',5,NULL,'no',NULL),(922,'lserver07 array','lserver07 array',5,NULL,'no',NULL),(923,'Tokyo server 1','tserver01',4,'srv654','no',NULL),(924,'Tokyo server 2','tserver02',4,'srv848','no',NULL),(925,'Tokyo server 3','tserver03',4,'srv139','no',NULL),(926,'Tokyo switch','tswitch',8,'net385','no',NULL),(927,'New-York router 2','bbrtr2b',7,'net498','no',NULL),(928,'New-York IPVS LB A','nylba',4,'net554','no',NULL),(929,'New-York IPVS LB B','nylbb',4,'net555','no',NULL),(930,'New-York server switch A','nyswitcha',8,'net084','no',NULL),(931,'New-York server switch B','nyswitchb',8,'net486','no',NULL),(932,'New-York server 1A','nysrv1a',4,'srv287','no',NULL),(933,'New-York server 1B','nysrv1b',4,'srv288','no',NULL),(934,'New-York server 2A','nysrv2a',4,NULL,'no',NULL),(935,'New-York server 2B','nysrv2b',4,NULL,'no',NULL),(936,'New-York server 3A','nysrv3a',4,NULL,'no',NULL),(937,'New-York server 3B','nysrv3b',4,NULL,'no',NULL),(938,'New-York server 4A','nysrv4a',4,NULL,'no',NULL),(939,'New-York server 4B','nysrv4b',4,NULL,'no',NULL),(940,'New-York server 5A','nysrv5a',4,NULL,'no',NULL),(941,'New-York server 5B','nysrv5b',4,NULL,'no',NULL),(942,'wing A UPS','',12,NULL,'no',NULL),(943,'wing B UPS','',12,NULL,'no',NULL),(944,'network UPS','',12,NULL,'no',NULL),(945,NULL,'',9,NULL,'no',NULL),(946,NULL,'',9,NULL,'no',NULL),(947,NULL,'',2,NULL,'no',NULL),(948,NULL,'',2,NULL,'no',NULL),(949,NULL,'',2,NULL,'no',NULL),(950,NULL,'',2,NULL,'no',NULL),(951,NULL,'',2,NULL,'no',NULL),(952,NULL,'',2,NULL,'no',NULL),(953,NULL,'',2,NULL,'no',NULL),(954,NULL,'',2,NULL,'no',NULL),(955,NULL,'',2,NULL,'no',NULL),(956,'mps1','',4,NULL,'no',NULL),(957,'mps2','',4,NULL,'no',NULL),(958,'mps3','',4,NULL,'no',NULL),(959,'mps4','',4,NULL,'no',NULL),(960,'mps5','',4,NULL,'no',NULL),(961,'mskswitch','',8,'sw0001','no',NULL),(962,'moscow kvm switch','',445,'sw0002','no',NULL);
/*!40000 ALTER TABLE `RackObject` ENABLE KEYS */;
UNLOCK TABLES;
DROP TABLE IF EXISTS `RackObjectHistory`;
/*!40101 SET @saved_cs_client     = @@character_set_client */;
/*!40101 SET character_set_client = utf8 */;
CREATE TABLE `RackObjectHistory` (
  `id` int(10) unsigned DEFAULT NULL,
  `name` char(255) DEFAULT NULL,
  `label` char(255) DEFAULT NULL,
  `objtype_id` int(10) unsigned DEFAULT NULL,
  `asset_no` char(64) DEFAULT NULL,
  `has_problems` enum('yes','no') NOT NULL DEFAULT 'no',
  `comment` text,
  `ctime` timestamp NOT NULL DEFAULT CURRENT_TIMESTAMP ON UPDATE CURRENT_TIMESTAMP,
  `user_name` char(64) DEFAULT NULL,
  KEY `id` (`id`),
  CONSTRAINT `RackObjectHistory-FK-object_id` FOREIGN KEY (`id`) REFERENCES `RackObject` (`id`) ON DELETE CASCADE
) ENGINE=InnoDB DEFAULT CHARSET=utf8;
/*!40101 SET character_set_client = @saved_cs_client */;

LOCK TABLES `RackObjectHistory` WRITE;
/*!40000 ALTER TABLE `RackObjectHistory` DISABLE KEYS */;
/*!40000 ALTER TABLE `RackObjectHistory` ENABLE KEYS */;
UNLOCK TABLES;
DROP TABLE IF EXISTS `RackRow`;
/*!40101 SET @saved_cs_client     = @@character_set_client */;
/*!40101 SET character_set_client = utf8 */;
CREATE TABLE `RackRow` (
  `id` int(10) unsigned NOT NULL AUTO_INCREMENT,
  `name` char(255) NOT NULL,
  PRIMARY KEY (`id`),
  UNIQUE KEY `name` (`name`)
) ENGINE=InnoDB AUTO_INCREMENT=50004 DEFAULT CHARSET=utf8;
/*!40101 SET character_set_client = @saved_cs_client */;

LOCK TABLES `RackRow` WRITE;
/*!40000 ALTER TABLE `RackRow` DISABLE KEYS */;
INSERT INTO `RackRow` VALUES (50003,'London'),(50000,'Moscow'),(50002,'New-York'),(50001,'Tokyo');
/*!40000 ALTER TABLE `RackRow` ENABLE KEYS */;
UNLOCK TABLES;
DROP TABLE IF EXISTS `RackSpace`;
/*!40101 SET @saved_cs_client     = @@character_set_client */;
/*!40101 SET character_set_client = utf8 */;
CREATE TABLE `RackSpace` (
  `rack_id` int(10) unsigned NOT NULL DEFAULT '0',
  `unit_no` int(10) unsigned NOT NULL DEFAULT '0',
  `atom` enum('front','interior','rear') NOT NULL DEFAULT 'interior',
  `state` enum('A','U','T','W') NOT NULL DEFAULT 'A',
  `object_id` int(10) unsigned DEFAULT NULL,
  PRIMARY KEY (`rack_id`,`unit_no`,`atom`),
  KEY `RackSpace_object_id` (`object_id`),
  CONSTRAINT `RackSpace-FK-object_id` FOREIGN KEY (`object_id`) REFERENCES `RackObject` (`id`) ON DELETE CASCADE,
  CONSTRAINT `RackSpace-FK-rack_id` FOREIGN KEY (`rack_id`) REFERENCES `Rack` (`id`)
) ENGINE=InnoDB DEFAULT CHARSET=utf8;
/*!40101 SET character_set_client = @saved_cs_client */;

LOCK TABLES `RackSpace` WRITE;
/*!40000 ALTER TABLE `RackSpace` DISABLE KEYS */;
INSERT INTO `RackSpace` VALUES (40,1,'rear','T',949),(40,2,'front','T',910),(40,2,'interior','T',910),(40,2,'rear','T',910),(40,4,'front','T',911),(40,4,'interior','T',911),(40,4,'rear','T',911),(40,6,'front','T',912),(40,6,'interior','T',912),(40,6,'rear','T',912),(40,8,'front','T',913),(40,8,'interior','T',913),(40,8,'rear','T',913),(40,10,'front','T',914),(40,10,'interior','T',914),(40,10,'rear','T',914),(40,22,'front','T',916),(40,22,'interior','T',916),(40,22,'rear','T',916),(40,23,'front','T',916),(40,23,'interior','T',916),(40,23,'rear','T',916),(41,1,'front','T',917),(41,1,'interior','T',917),(41,1,'rear','A',NULL),(41,2,'front','T',917),(41,2,'interior','T',917),(41,2,'rear','A',NULL),(41,3,'rear','A',NULL),(41,4,'front','T',915),(41,4,'interior','T',915),(41,4,'rear','A',NULL),(41,5,'front','T',915),(41,5,'interior','T',915),(41,5,'rear','A',NULL),(41,6,'front','T',952),(41,6,'rear','A',NULL),(41,7,'front','T',906),(41,7,'interior','T',906),(41,7,'rear','A',NULL),(41,8,'rear','A',NULL),(41,9,'front','T',905),(41,9,'interior','T',905),(41,9,'rear','A',NULL),(41,10,'front','T',905),(41,10,'interior','T',905),(41,10,'rear','A',NULL),(41,11,'front','T',905),(41,11,'interior','T',905),(41,11,'rear','A',NULL),(41,12,'rear','A',NULL),(42,2,'rear','T',947),(42,3,'front','T',918),(42,3,'interior','T',918),(42,3,'rear','T',918),(42,4,'front','T',918),(42,4,'interior','T',918),(42,4,'rear','T',918),(42,5,'front','T',918),(42,5,'interior','T',918),(42,5,'rear','T',918),(42,6,'front','T',918),(42,6,'interior','T',918),(42,6,'rear','T',918),(42,7,'front','T',918),(42,7,'interior','T',918),(42,7,'rear','T',918),(42,9,'front','T',919),(42,9,'interior','T',919),(42,9,'rear','T',919),(42,10,'front','T',919),(42,10,'interior','T',919),(42,10,'rear','T',919),(42,11,'front','T',919),(42,11,'interior','T',919),(42,11,'rear','T',919),(42,12,'front','T',919),(42,12,'interior','T',919),(42,12,'rear','T',919),(42,13,'front','T',919),(42,13,'interior','T',919),(42,13,'rear','T',919),(42,14,'rear','T',950),(42,15,'front','T',921),(42,15,'interior','T',921),(42,15,'rear','T',921),(42,16,'front','T',921),(42,16,'interior','T',921),(42,16,'rear','T',921),(42,17,'front','T',922),(42,17,'interior','T',922),(42,17,'rear','T',922),(42,18,'front','T',922),(42,18,'interior','T',922),(42,18,'rear','T',922),(42,30,'front','T',920),(42,30,'interior','T',920),(42,30,'rear','T',920),(42,31,'front','T',920),(42,31,'interior','T',920),(42,31,'rear','T',920),(42,32,'front','T',920),(42,32,'interior','T',920),(42,32,'rear','T',920),(42,33,'front','T',920),(42,33,'interior','T',920),(42,33,'rear','T',920),(42,34,'front','T',920),(42,34,'interior','T',920),(42,34,'rear','T',920),(42,35,'front','T',920),(42,35,'interior','T',920),(42,35,'rear','T',920),(42,36,'front','T',920),(42,36,'interior','T',920),(42,36,'rear','T',920),(42,37,'front','T',920),(42,37,'interior','T',920),(42,37,'rear','T',920),(43,1,'front','T',944),(43,1,'interior','T',944),(43,1,'rear','T',944),(43,2,'front','T',944),(43,2,'interior','T',944),(43,2,'rear','T',944),(43,9,'rear','T',948),(43,10,'interior','T',927),(43,10,'rear','T',927),(43,11,'interior','T',927),(43,11,'rear','T',927),(43,12,'interior','T',927),(43,12,'rear','T',927),(43,13,'rear','T',945),(43,14,'interior','T',907),(43,14,'rear','T',907),(43,15,'interior','T',907),(43,15,'rear','T',907),(43,16,'interior','T',907),(43,16,'rear','T',907),(44,1,'front','T',942),(44,1,'interior','T',942),(44,1,'rear','T',942),(44,2,'front','T',942),(44,2,'interior','T',942),(44,2,'rear','T',942),(44,3,'front','T',942),(44,3,'interior','T',942),(44,3,'rear','T',942),(44,4,'front','T',942),(44,4,'interior','T',942),(44,4,'rear','T',942),(44,5,'front','T',942),(44,5,'interior','T',942),(44,5,'rear','T',942),(44,6,'front','U',NULL),(44,6,'interior','U',NULL),(44,6,'rear','U',NULL),(44,7,'front','T',932),(44,7,'interior','T',932),(44,7,'rear','T',932),(44,9,'front','T',934),(44,9,'interior','T',934),(44,9,'rear','T',934),(44,11,'front','T',936),(44,11,'interior','T',936),(44,11,'rear','T',936),(44,13,'front','T',938),(44,13,'interior','T',938),(44,13,'rear','T',938),(44,15,'front','T',940),(44,15,'interior','T',940),(44,15,'rear','T',940),(44,17,'rear','T',951),(44,37,'interior','T',930),(44,37,'rear','T',930),(44,38,'interior','T',930),(44,38,'rear','T',930),(44,40,'interior','T',928),(44,40,'rear','T',928),(44,41,'interior','T',928),(44,41,'rear','T',928),(45,2,'front','T',956),(45,2,'interior','T',956),(45,2,'rear','T',956),(45,4,'front','T',957),(45,4,'interior','T',957),(45,4,'rear','T',957),(45,6,'front','T',958),(45,6,'interior','T',958),(45,6,'rear','T',958),(45,8,'front','T',959),(45,8,'interior','T',959),(45,8,'rear','T',959),(45,10,'front','T',960),(45,10,'interior','T',960),(45,10,'rear','T',960),(45,18,'interior','T',908),(45,18,'rear','T',908),(45,19,'interior','T',908),(45,19,'rear','T',908),(45,20,'front','T',953),(45,20,'interior','T',908),(45,20,'rear','T',908),(45,34,'interior','T',962),(45,34,'rear','T',962),(45,35,'interior','T',961),(45,35,'rear','T',961),(46,1,'front','T',943),(46,1,'interior','T',943),(46,1,'rear','T',943),(46,2,'front','T',943),(46,2,'interior','T',943),(46,2,'rear','T',943),(46,3,'front','T',943),(46,3,'interior','T',943),(46,3,'rear','T',943),(46,4,'front','T',943),(46,4,'interior','T',943),(46,4,'rear','T',943),(46,5,'front','T',943),(46,5,'interior','T',943),(46,5,'rear','T',943),(46,6,'front','U',NULL),(46,6,'interior','U',NULL),(46,6,'rear','U',NULL),(46,7,'front','T',933),(46,7,'interior','T',933),(46,7,'rear','T',933),(46,9,'front','T',935),(46,9,'interior','T',935),(46,9,'rear','T',935),(46,11,'front','T',937),(46,11,'interior','T',937),(46,11,'rear','T',937),(46,13,'front','T',939),(46,13,'interior','T',939),(46,13,'rear','T',939),(46,15,'front','T',941),(46,15,'interior','T',941),(46,15,'rear','T',941),(46,17,'rear','T',954),(46,37,'interior','T',931),(46,37,'rear','T',931),(46,38,'interior','T',931),(46,38,'rear','T',931),(46,40,'interior','T',929),(46,40,'rear','T',929),(46,41,'interior','T',929),(46,41,'rear','T',929),(47,1,'front','T',923),(47,1,'interior','T',923),(47,1,'rear','T',923),(47,3,'front','T',924),(47,3,'interior','T',924),(47,3,'rear','T',924),(47,5,'front','T',925),(47,5,'interior','T',925),(47,5,'rear','T',925),(47,9,'rear','T',955),(47,11,'interior','T',926),(47,11,'rear','T',926),(47,13,'interior','T',909),(47,13,'rear','T',909),(47,14,'interior','T',909),(47,14,'rear','T',909),(47,15,'interior','T',909),(47,15,'rear','T',909),(47,16,'rear','T',946);
/*!40000 ALTER TABLE `RackSpace` ENABLE KEYS */;
UNLOCK TABLES;
DROP TABLE IF EXISTS `Script`;
/*!40101 SET @saved_cs_client     = @@character_set_client */;
/*!40101 SET character_set_client = utf8 */;
CREATE TABLE `Script` (
  `script_name` char(64) NOT NULL,
  `script_text` longtext,
  PRIMARY KEY (`script_name`)
) ENGINE=InnoDB DEFAULT CHARSET=utf8;
/*!40101 SET character_set_client = @saved_cs_client */;

LOCK TABLES `Script` WRITE;
/*!40000 ALTER TABLE `Script` DISABLE KEYS */;
INSERT INTO `Script` VALUES ('RackCode','allow {$userid_1}'),('RackCodeCache','YToyOntzOjY6InJlc3VsdCI7czozOiJBQ0siO3M6NDoibG9hZCI7YToxOntpOjA7YTo0OntzOjQ6InR5cGUiO3M6MTA6IlNZTlRfR1JBTlQiO3M6NjoibGluZW5vIjtpOjE7czo4OiJkZWNpc2lvbiI7czo5OiJMRVhfQUxMT1ciO3M6OToiY29uZGl0aW9uIjthOjM6e3M6NDoidHlwZSI7czoxMToiTEVYX0FVVE9UQUciO3M6NDoibG9hZCI7czo5OiIkdXNlcmlkXzEiO3M6NjoibGluZW5vIjtpOjE7fX19fQ==');
/*!40000 ALTER TABLE `Script` ENABLE KEYS */;
UNLOCK TABLES;
DROP TABLE IF EXISTS `TagStorage`;
/*!40101 SET @saved_cs_client     = @@character_set_client */;
/*!40101 SET character_set_client = utf8 */;
CREATE TABLE `TagStorage` (
  `entity_realm` enum('file','ipv4net','ipv4vs','ipv4rspool','object','rack','user','ipv6net') NOT NULL DEFAULT 'object',
  `entity_id` int(10) unsigned NOT NULL,
  `tag_id` int(10) unsigned NOT NULL DEFAULT '0',
  UNIQUE KEY `entity_tag` (`entity_realm`,`entity_id`,`tag_id`),
  KEY `entity_id` (`entity_id`),
  KEY `TagStorage-FK-tag_id` (`tag_id`),
  CONSTRAINT `TagStorage-FK-tag_id` FOREIGN KEY (`tag_id`) REFERENCES `TagTree` (`id`)
) ENGINE=InnoDB DEFAULT CHARSET=utf8;
/*!40101 SET character_set_client = @saved_cs_client */;

LOCK TABLES `TagStorage` WRITE;
/*!40000 ALTER TABLE `TagStorage` DISABLE KEYS */;
INSERT INTO `TagStorage` VALUES ('rack',40,8),('rack',40,13),('rack',41,8),('rack',41,14),('rack',42,8),('rack',42,13),('rack',43,9),('rack',43,14),('rack',44,9),('rack',44,13),('rack',45,7),('rack',45,13),('rack',46,9),('rack',46,13),('rack',47,10),('rack',47,14),('ipv4net',96,8),('ipv4net',96,19),('ipv4net',97,8),('ipv4net',97,19),('ipv4net',98,9),('ipv4net',98,19),('ipv4net',99,9),('ipv4net',99,19),('ipv4net',102,7),('ipv4net',102,8),('ipv4net',102,11),('ipv4net',102,18),('ipv4net',103,8),('ipv4net',103,9),('ipv4net',103,11),('ipv4net',103,18),('ipv4net',104,9),('ipv4net',104,10),('ipv4net',104,11),('ipv4net',104,18),('ipv4net',105,7),('ipv4net',105,10),('ipv4net',105,11),('ipv4net',105,18),('ipv4net',106,7),('ipv4net',106,19),('ipv4net',107,7),('ipv4net',107,19),('ipv4net',108,10),('ipv4net',108,19),('object',905,3),('object',905,8),('object',908,4),('object',908,7),('object',909,3),('object',909,10),('object',910,8),('object',911,8),('object',912,8),('object',913,8),('object',914,8),('object',918,8),('object',919,8),('object',923,10),('object',924,10),('object',925,10),('object',928,9),('object',928,15),('object',929,9),('object',929,15),('object',932,9),('object',933,9),('object',934,9),('object',935,9),('object',936,9),('object',937,9),('object',938,9),('object',939,9),('object',940,9),('object',941,9),('object',956,4),('object',956,7),('object',957,4),('object',957,7),('object',958,4),('object',958,7),('object',959,4),('object',959,7),('object',960,4),('object',960,7),('object',961,4),('object',961,7),('object',962,4),('object',962,7);
/*!40000 ALTER TABLE `TagStorage` ENABLE KEYS */;
UNLOCK TABLES;
DROP TABLE IF EXISTS `TagTree`;
/*!40101 SET @saved_cs_client     = @@character_set_client */;
/*!40101 SET character_set_client = utf8 */;
CREATE TABLE `TagTree` (
  `id` int(10) unsigned NOT NULL AUTO_INCREMENT,
  `parent_id` int(10) unsigned DEFAULT NULL,
  `tag` char(255) DEFAULT NULL,
  PRIMARY KEY (`id`),
  UNIQUE KEY `tag` (`tag`),
  KEY `TagTree-K-parent_id` (`parent_id`),
  CONSTRAINT `TagTree-K-parent_id` FOREIGN KEY (`parent_id`) REFERENCES `TagTree` (`id`)
) ENGINE=InnoDB AUTO_INCREMENT=28 DEFAULT CHARSET=utf8;
/*!40101 SET character_set_client = @saved_cs_client */;

LOCK TABLES `TagTree` WRITE;
/*!40000 ALTER TABLE `TagTree` DISABLE KEYS */;
INSERT INTO `TagTree` VALUES (1,16,'east'),(2,16,'west'),(3,NULL,'testing'),(4,NULL,'production'),(5,1,'far east'),(6,2,'far west'),(7,1,''),(8,2,'London'),(9,6,'New-York'),(10,5,''),(11,17,'WAN link'),(12,NULL,'racks'),(13,12,'tall racks'),(14,12,'low racks'),(15,NULL,'load balancer'),(16,NULL,'Geo'),(17,NULL,'network'),(18,17,'small network'),(19,17,'medium network'),(20,5,''),(21,5,''),(22,5,''),(23,NULL,'XKCD'),(24,23,'romance'),(25,23,'sarcasm'),(26,23,'math'),(27,23,'language');
/*!40000 ALTER TABLE `TagTree` ENABLE KEYS */;
UNLOCK TABLES;
DROP TABLE IF EXISTS `UserAccount`;
/*!40101 SET @saved_cs_client     = @@character_set_client */;
/*!40101 SET character_set_client = utf8 */;
CREATE TABLE `UserAccount` (
  `user_id` int(10) unsigned NOT NULL AUTO_INCREMENT,
  `user_name` char(64) NOT NULL DEFAULT '',
  `user_password_hash` char(40) DEFAULT NULL,
  `user_realname` char(64) DEFAULT NULL,
  PRIMARY KEY (`user_id`),
  UNIQUE KEY `user_name` (`user_name`)
) ENGINE=MyISAM AUTO_INCREMENT=10000 DEFAULT CHARSET=utf8;
/*!40101 SET character_set_client = @saved_cs_client */;

LOCK TABLES `UserAccount` WRITE;
/*!40000 ALTER TABLE `UserAccount` DISABLE KEYS */;
INSERT INTO `UserAccount` VALUES (1,'admin','d033e22ae348aeb5660fc2140aec35850c4da997','RackTables Administrator');
/*!40000 ALTER TABLE `UserAccount` ENABLE KEYS */;
UNLOCK TABLES;
DROP TABLE IF EXISTS `UserConfig`;
/*!40101 SET @saved_cs_client     = @@character_set_client */;
/*!40101 SET character_set_client = utf8 */;
CREATE TABLE `UserConfig` (
  `varname` char(32) NOT NULL,
  `varvalue` char(255) NOT NULL,
  `user` char(64) NOT NULL,
  UNIQUE KEY `user_varname` (`user`,`varname`)
) ENGINE=InnoDB DEFAULT CHARSET=utf8;
/*!40101 SET character_set_client = @saved_cs_client */;

LOCK TABLES `UserConfig` WRITE;
/*!40000 ALTER TABLE `UserConfig` DISABLE KEYS */;
/*!40000 ALTER TABLE `UserConfig` ENABLE KEYS */;
UNLOCK TABLES;
DROP TABLE IF EXISTS `VLANDescription`;
/*!40101 SET @saved_cs_client     = @@character_set_client */;
/*!40101 SET character_set_client = utf8 */;
CREATE TABLE `VLANDescription` (
  `domain_id` int(10) unsigned NOT NULL,
  `vlan_id` int(10) unsigned NOT NULL DEFAULT '0',
  `vlan_type` enum('ondemand','compulsory','alien') NOT NULL DEFAULT 'ondemand',
  `vlan_descr` char(255) DEFAULT NULL,
  PRIMARY KEY (`domain_id`,`vlan_id`),
  KEY `vlan_id` (`vlan_id`),
  CONSTRAINT `VLANDescription-FK-domain_id` FOREIGN KEY (`domain_id`) REFERENCES `VLANDomain` (`id`) ON DELETE CASCADE,
  CONSTRAINT `VLANDescription-FK-vlan_id` FOREIGN KEY (`vlan_id`) REFERENCES `VLANValidID` (`vlan_id`)
) ENGINE=InnoDB DEFAULT CHARSET=utf8;
/*!40101 SET character_set_client = @saved_cs_client */;

LOCK TABLES `VLANDescription` WRITE;
/*!40000 ALTER TABLE `VLANDescription` DISABLE KEYS */;
/*!40000 ALTER TABLE `VLANDescription` ENABLE KEYS */;
UNLOCK TABLES;
DROP TABLE IF EXISTS `VLANDomain`;
/*!40101 SET @saved_cs_client     = @@character_set_client */;
/*!40101 SET character_set_client = utf8 */;
CREATE TABLE `VLANDomain` (
  `id` int(10) unsigned NOT NULL AUTO_INCREMENT,
  `description` char(255) DEFAULT NULL,
  PRIMARY KEY (`id`),
  UNIQUE KEY `description` (`description`)
) ENGINE=InnoDB DEFAULT CHARSET=utf8;
/*!40101 SET character_set_client = @saved_cs_client */;

LOCK TABLES `VLANDomain` WRITE;
/*!40000 ALTER TABLE `VLANDomain` DISABLE KEYS */;
/*!40000 ALTER TABLE `VLANDomain` ENABLE KEYS */;
UNLOCK TABLES;
DROP TABLE IF EXISTS `VLANIPv4`;
/*!40101 SET @saved_cs_client     = @@character_set_client */;
/*!40101 SET character_set_client = utf8 */;
CREATE TABLE `VLANIPv4` (
  `domain_id` int(10) unsigned NOT NULL,
  `vlan_id` int(10) unsigned NOT NULL,
  `ipv4net_id` int(10) unsigned NOT NULL,
  UNIQUE KEY `network-domain` (`ipv4net_id`,`domain_id`),
  KEY `VLANIPv4-FK-compound` (`domain_id`,`vlan_id`),
  CONSTRAINT `VLANIPv4-FK-compound` FOREIGN KEY (`domain_id`, `vlan_id`) REFERENCES `VLANDescription` (`domain_id`, `vlan_id`) ON DELETE CASCADE,
  CONSTRAINT `VLANIPv4-FK-ipv4net_id` FOREIGN KEY (`ipv4net_id`) REFERENCES `IPv4Network` (`id`) ON DELETE CASCADE
) ENGINE=InnoDB DEFAULT CHARSET=utf8;
/*!40101 SET character_set_client = @saved_cs_client */;

LOCK TABLES `VLANIPv4` WRITE;
/*!40000 ALTER TABLE `VLANIPv4` DISABLE KEYS */;
/*!40000 ALTER TABLE `VLANIPv4` ENABLE KEYS */;
UNLOCK TABLES;
DROP TABLE IF EXISTS `VLANIPv6`;
/*!40101 SET @saved_cs_client     = @@character_set_client */;
/*!40101 SET character_set_client = utf8 */;
CREATE TABLE `VLANIPv6` (
  `domain_id` int(10) unsigned NOT NULL,
  `vlan_id` int(10) unsigned NOT NULL,
  `ipv6net_id` int(10) unsigned NOT NULL,
  UNIQUE KEY `network-domain` (`ipv6net_id`,`domain_id`),
  KEY `VLANIPv6-FK-compound` (`domain_id`,`vlan_id`),
  CONSTRAINT `VLANIPv6-FK-compound` FOREIGN KEY (`domain_id`, `vlan_id`) REFERENCES `VLANDescription` (`domain_id`, `vlan_id`) ON DELETE CASCADE,
  CONSTRAINT `VLANIPv6-FK-ipv6net_id` FOREIGN KEY (`ipv6net_id`) REFERENCES `IPv6Network` (`id`) ON DELETE CASCADE
) ENGINE=InnoDB DEFAULT CHARSET=utf8;
/*!40101 SET character_set_client = @saved_cs_client */;

LOCK TABLES `VLANIPv6` WRITE;
/*!40000 ALTER TABLE `VLANIPv6` DISABLE KEYS */;
/*!40000 ALTER TABLE `VLANIPv6` ENABLE KEYS */;
UNLOCK TABLES;
DROP TABLE IF EXISTS `VLANSTRule`;
/*!40101 SET @saved_cs_client     = @@character_set_client */;
/*!40101 SET character_set_client = utf8 */;
CREATE TABLE `VLANSTRule` (
  `vst_id` int(10) unsigned NOT NULL,
  `rule_no` int(10) unsigned NOT NULL,
  `port_pcre` char(255) NOT NULL,
  `port_role` enum('access','trunk','anymode','uplink','downlink','none') NOT NULL DEFAULT 'none',
  `wrt_vlans` char(255) DEFAULT NULL,
  `description` char(255) DEFAULT NULL,
  UNIQUE KEY `vst-rule` (`vst_id`,`rule_no`),
  CONSTRAINT `VLANSTRule-FK-vst_id` FOREIGN KEY (`vst_id`) REFERENCES `VLANSwitchTemplate` (`id`) ON DELETE CASCADE
) ENGINE=InnoDB DEFAULT CHARSET=utf8;
/*!40101 SET character_set_client = @saved_cs_client */;

LOCK TABLES `VLANSTRule` WRITE;
/*!40000 ALTER TABLE `VLANSTRule` DISABLE KEYS */;
/*!40000 ALTER TABLE `VLANSTRule` ENABLE KEYS */;
UNLOCK TABLES;
DROP TABLE IF EXISTS `VLANSwitch`;
/*!40101 SET @saved_cs_client     = @@character_set_client */;
/*!40101 SET character_set_client = utf8 */;
CREATE TABLE `VLANSwitch` (
  `object_id` int(10) unsigned NOT NULL,
  `domain_id` int(10) unsigned NOT NULL,
  `template_id` int(10) unsigned NOT NULL,
  `mutex_rev` int(10) unsigned NOT NULL DEFAULT '0',
  `out_of_sync` enum('yes','no') NOT NULL DEFAULT 'yes',
  `last_errno` int(10) unsigned NOT NULL DEFAULT '0',
  `last_change` timestamp NOT NULL DEFAULT '0000-00-00 00:00:00',
  `last_push_started` timestamp NOT NULL DEFAULT '0000-00-00 00:00:00',
  `last_push_finished` timestamp NOT NULL DEFAULT '0000-00-00 00:00:00',
  `last_error_ts` timestamp NOT NULL DEFAULT '0000-00-00 00:00:00',
  UNIQUE KEY `object_id` (`object_id`),
  KEY `domain_id` (`domain_id`),
  KEY `template_id` (`template_id`),
  KEY `out_of_sync` (`out_of_sync`),
  KEY `last_errno` (`last_errno`),
  CONSTRAINT `VLANSwitch-FK-domain_id` FOREIGN KEY (`domain_id`) REFERENCES `VLANDomain` (`id`),
  CONSTRAINT `VLANSwitch-FK-object_id` FOREIGN KEY (`object_id`) REFERENCES `RackObject` (`id`),
  CONSTRAINT `VLANSwitch-FK-template_id` FOREIGN KEY (`template_id`) REFERENCES `VLANSwitchTemplate` (`id`)
) ENGINE=InnoDB DEFAULT CHARSET=utf8;
/*!40101 SET character_set_client = @saved_cs_client */;

LOCK TABLES `VLANSwitch` WRITE;
/*!40000 ALTER TABLE `VLANSwitch` DISABLE KEYS */;
/*!40000 ALTER TABLE `VLANSwitch` ENABLE KEYS */;
UNLOCK TABLES;
DROP TABLE IF EXISTS `VLANSwitchTemplate`;
/*!40101 SET @saved_cs_client     = @@character_set_client */;
/*!40101 SET character_set_client = utf8 */;
CREATE TABLE `VLANSwitchTemplate` (
  `id` int(10) unsigned NOT NULL AUTO_INCREMENT,
  `mutex_rev` int(10) NOT NULL,
  `description` char(255) DEFAULT NULL,
  `saved_by` char(64) NOT NULL,
  PRIMARY KEY (`id`),
  UNIQUE KEY `description` (`description`)
) ENGINE=InnoDB DEFAULT CHARSET=utf8;
/*!40101 SET character_set_client = @saved_cs_client */;

LOCK TABLES `VLANSwitchTemplate` WRITE;
/*!40000 ALTER TABLE `VLANSwitchTemplate` DISABLE KEYS */;
/*!40000 ALTER TABLE `VLANSwitchTemplate` ENABLE KEYS */;
UNLOCK TABLES;
DROP TABLE IF EXISTS `VLANValidID`;
/*!40101 SET @saved_cs_client     = @@character_set_client */;
/*!40101 SET character_set_client = utf8 */;
CREATE TABLE `VLANValidID` (
  `vlan_id` int(10) unsigned NOT NULL DEFAULT '1',
  PRIMARY KEY (`vlan_id`)
) ENGINE=InnoDB DEFAULT CHARSET=utf8;
/*!40101 SET character_set_client = @saved_cs_client */;

LOCK TABLES `VLANValidID` WRITE;
/*!40000 ALTER TABLE `VLANValidID` DISABLE KEYS */;
INSERT INTO `VLANValidID` VALUES (1),(2),(3),(4),(5),(6),(7),(8),(9),(10),(11),(12),(13),(14),(15),(16),(17),(18),(19),(20),(21),(22),(23),(24),(25),(26),(27),(28),(29),(30),(31),(32),(33),(34),(35),(36),(37),(38),(39),(40),(41),(42),(43),(44),(45),(46),(47),(48),(49),(50),(51),(52),(53),(54),(55),(56),(57),(58),(59),(60),(61),(62),(63),(64),(65),(66),(67),(68),(69),(70),(71),(72),(73),(74),(75),(76),(77),(78),(79),(80),(81),(82),(83),(84),(85),(86),(87),(88),(89),(90),(91),(92),(93),(94),(95),(96),(97),(98),(99),(100),(101),(102),(103),(104),(105),(106),(107),(108),(109),(110),(111),(112),(113),(114),(115),(116),(117),(118),(119),(120),(121),(122),(123),(124),(125),(126),(127),(128),(129),(130),(131),(132),(133),(134),(135),(136),(137),(138),(139),(140),(141),(142),(143),(144),(145),(146),(147),(148),(149),(150),(151),(152),(153),(154),(155),(156),(157),(158),(159),(160),(161),(162),(163),(164),(165),(166),(167),(168),(169),(170),(171),(172),(173),(174),(175),(176),(177),(178),(179),(180),(181),(182),(183),(184),(185),(186),(187),(188),(189),(190),(191),(192),(193),(194),(195),(196),(197),(198),(199),(200),(201),(202),(203),(204),(205),(206),(207),(208),(209),(210),(211),(212),(213),(214),(215),(216),(217),(218),(219),(220),(221),(222),(223),(224),(225),(226),(227),(228),(229),(230),(231),(232),(233),(234),(235),(236),(237),(238),(239),(240),(241),(242),(243),(244),(245),(246),(247),(248),(249),(250),(251),(252),(253),(254),(255),(256),(257),(258),(259),(260),(261),(262),(263),(264),(265),(266),(267),(268),(269),(270),(271),(272),(273),(274),(275),(276),(277),(278),(279),(280),(281),(282),(283),(284),(285),(286),(287),(288),(289),(290),(291),(292),(293),(294),(295),(296),(297),(298),(299),(300),(301),(302),(303),(304),(305),(306),(307),(308),(309),(310),(311),(312),(313),(314),(315),(316),(317),(318),(319),(320),(321),(322),(323),(324),(325),(326),(327),(328),(329),(330),(331),(332),(333),(334),(335),(336),(337),(338),(339),(340),(341),(342),(343),(344),(345),(346),(347),(348),(349),(350),(351),(352),(353),(354),(355),(356),(357),(358),(359),(360),(361),(362),(363),(364),(365),(366),(367),(368),(369),(370),(371),(372),(373),(374),(375),(376),(377),(378),(379),(380),(381),(382),(383),(384),(385),(386),(387),(388),(389),(390),(391),(392),(393),(394),(395),(396),(397),(398),(399),(400),(401),(402),(403),(404),(405),(406),(407),(408),(409),(410),(411),(412),(413),(414),(415),(416),(417),(418),(419),(420),(421),(422),(423),(424),(425),(426),(427),(428),(429),(430),(431),(432),(433),(434),(435),(436),(437),(438),(439),(440),(441),(442),(443),(444),(445),(446),(447),(448),(449),(450),(451),(452),(453),(454),(455),(456),(457),(458),(459),(460),(461),(462),(463),(464),(465),(466),(467),(468),(469),(470),(471),(472),(473),(474),(475),(476),(477),(478),(479),(480),(481),(482),(483),(484),(485),(486),(487),(488),(489),(490),(491),(492),(493),(494),(495),(496),(497),(498),(499),(500),(501),(502),(503),(504),(505),(506),(507),(508),(509),(510),(511),(512),(513),(514),(515),(516),(517),(518),(519),(520),(521),(522),(523),(524),(525),(526),(527),(528),(529),(530),(531),(532),(533),(534),(535),(536),(537),(538),(539),(540),(541),(542),(543),(544),(545),(546),(547),(548),(549),(550),(551),(552),(553),(554),(555),(556),(557),(558),(559),(560),(561),(562),(563),(564),(565),(566),(567),(568),(569),(570),(571),(572),(573),(574),(575),(576),(577),(578),(579),(580),(581),(582),(583),(584),(585),(586),(587),(588),(589),(590),(591),(592),(593),(594),(595),(596),(597),(598),(599),(600),(601),(602),(603),(604),(605),(606),(607),(608),(609),(610),(611),(612),(613),(614),(615),(616),(617),(618),(619),(620),(621),(622),(623),(624),(625),(626),(627),(628),(629),(630),(631),(632),(633),(634),(635),(636),(637),(638),(639),(640),(641),(642),(643),(644),(645),(646),(647),(648),(649),(650),(651),(652),(653),(654),(655),(656),(657),(658),(659),(660),(661),(662),(663),(664),(665),(666),(667),(668),(669),(670),(671),(672),(673),(674),(675),(676),(677),(678),(679),(680),(681),(682),(683),(684),(685),(686),(687),(688),(689),(690),(691),(692),(693),(694),(695),(696),(697),(698),(699),(700),(701),(702),(703),(704),(705),(706),(707),(708),(709),(710),(711),(712),(713),(714),(715),(716),(717),(718),(719),(720),(721),(722),(723),(724),(725),(726),(727),(728),(729),(730),(731),(732),(733),(734),(735),(736),(737),(738),(739),(740),(741),(742),(743),(744),(745),(746),(747),(748),(749),(750),(751),(752),(753),(754),(755),(756),(757),(758),(759),(760),(761),(762),(763),(764),(765),(766),(767),(768),(769),(770),(771),(772),(773),(774),(775),(776),(777),(778),(779),(780),(781),(782),(783),(784),(785),(786),(787),(788),(789),(790),(791),(792),(793),(794),(795),(796),(797),(798),(799),(800),(801),(802),(803),(804),(805),(806),(807),(808),(809),(810),(811),(812),(813),(814),(815),(816),(817),(818),(819),(820),(821),(822),(823),(824),(825),(826),(827),(828),(829),(830),(831),(832),(833),(834),(835),(836),(837),(838),(839),(840),(841),(842),(843),(844),(845),(846),(847),(848),(849),(850),(851),(852),(853),(854),(855),(856),(857),(858),(859),(860),(861),(862),(863),(864),(865),(866),(867),(868),(869),(870),(871),(872),(873),(874),(875),(876),(877),(878),(879),(880),(881),(882),(883),(884),(885),(886),(887),(888),(889),(890),(891),(892),(893),(894),(895),(896),(897),(898),(899),(900),(901),(902),(903),(904),(905),(906),(907),(908),(909),(910),(911),(912),(913),(914),(915),(916),(917),(918),(919),(920),(921),(922),(923),(924),(925),(926),(927),(928),(929),(930),(931),(932),(933),(934),(935),(936),(937),(938),(939),(940),(941),(942),(943),(944),(945),(946),(947),(948),(949),(950),(951),(952),(953),(954),(955),(956),(957),(958),(959),(960),(961),(962),(963),(964),(965),(966),(967),(968),(969),(970),(971),(972),(973),(974),(975),(976),(977),(978),(979),(980),(981),(982),(983),(984),(985),(986),(987),(988),(989),(990),(991),(992),(993),(994),(995),(996),(997),(998),(999),(1000),(1001),(1002),(1003),(1004),(1005),(1006),(1007),(1008),(1009),(1010),(1011),(1012),(1013),(1014),(1015),(1016),(1017),(1018),(1019),(1020),(1021),(1022),(1023),(1024),(1025),(1026),(1027),(1028),(1029),(1030),(1031),(1032),(1033),(1034),(1035),(1036),(1037),(1038),(1039),(1040),(1041),(1042),(1043),(1044),(1045),(1046),(1047),(1048),(1049),(1050),(1051),(1052),(1053),(1054),(1055),(1056),(1057),(1058),(1059),(1060),(1061),(1062),(1063),(1064),(1065),(1066),(1067),(1068),(1069),(1070),(1071),(1072),(1073),(1074),(1075),(1076),(1077),(1078),(1079),(1080),(1081),(1082),(1083),(1084),(1085),(1086),(1087),(1088),(1089),(1090),(1091),(1092),(1093),(1094),(1095),(1096),(1097),(1098),(1099),(1100),(1101),(1102),(1103),(1104),(1105),(1106),(1107),(1108),(1109),(1110),(1111),(1112),(1113),(1114),(1115),(1116),(1117),(1118),(1119),(1120),(1121),(1122),(1123),(1124),(1125),(1126),(1127),(1128),(1129),(1130),(1131),(1132),(1133),(1134),(1135),(1136),(1137),(1138),(1139),(1140),(1141),(1142),(1143),(1144),(1145),(1146),(1147),(1148),(1149),(1150),(1151),(1152),(1153),(1154),(1155),(1156),(1157),(1158),(1159),(1160),(1161),(1162),(1163),(1164),(1165),(1166),(1167),(1168),(1169),(1170),(1171),(1172),(1173),(1174),(1175),(1176),(1177),(1178),(1179),(1180),(1181),(1182),(1183),(1184),(1185),(1186),(1187),(1188),(1189),(1190),(1191),(1192),(1193),(1194),(1195),(1196),(1197),(1198),(1199),(1200),(1201),(1202),(1203),(1204),(1205),(1206),(1207),(1208),(1209),(1210),(1211),(1212),(1213),(1214),(1215),(1216),(1217),(1218),(1219),(1220),(1221),(1222),(1223),(1224),(1225),(1226),(1227),(1228),(1229),(1230),(1231),(1232),(1233),(1234),(1235),(1236),(1237),(1238),(1239),(1240),(1241),(1242),(1243),(1244),(1245),(1246),(1247),(1248),(1249),(1250),(1251),(1252),(1253),(1254),(1255),(1256),(1257),(1258),(1259),(1260),(1261),(1262),(1263),(1264),(1265),(1266),(1267),(1268),(1269),(1270),(1271),(1272),(1273),(1274),(1275),(1276),(1277),(1278),(1279),(1280),(1281),(1282),(1283),(1284),(1285),(1286),(1287),(1288),(1289),(1290),(1291),(1292),(1293),(1294),(1295),(1296),(1297),(1298),(1299),(1300),(1301),(1302),(1303),(1304),(1305),(1306),(1307),(1308),(1309),(1310),(1311),(1312),(1313),(1314),(1315),(1316),(1317),(1318),(1319),(1320),(1321),(1322),(1323),(1324),(1325),(1326),(1327),(1328),(1329),(1330),(1331),(1332),(1333),(1334),(1335),(1336),(1337),(1338),(1339),(1340),(1341),(1342),(1343),(1344),(1345),(1346),(1347),(1348),(1349),(1350),(1351),(1352),(1353),(1354),(1355),(1356),(1357),(1358),(1359),(1360),(1361),(1362),(1363),(1364),(1365),(1366),(1367),(1368),(1369),(1370),(1371),(1372),(1373),(1374),(1375),(1376),(1377),(1378),(1379),(1380),(1381),(1382),(1383),(1384),(1385),(1386),(1387),(1388),(1389),(1390),(1391),(1392),(1393),(1394),(1395),(1396),(1397),(1398),(1399),(1400),(1401),(1402),(1403),(1404),(1405),(1406),(1407),(1408),(1409),(1410),(1411),(1412),(1413),(1414),(1415),(1416),(1417),(1418),(1419),(1420),(1421),(1422),(1423),(1424),(1425),(1426),(1427),(1428),(1429),(1430),(1431),(1432),(1433),(1434),(1435),(1436),(1437),(1438),(1439),(1440),(1441),(1442),(1443),(1444),(1445),(1446),(1447),(1448),(1449),(1450),(1451),(1452),(1453),(1454),(1455),(1456),(1457),(1458),(1459),(1460),(1461),(1462),(1463),(1464),(1465),(1466),(1467),(1468),(1469),(1470),(1471),(1472),(1473),(1474),(1475),(1476),(1477),(1478),(1479),(1480),(1481),(1482),(1483),(1484),(1485),(1486),(1487),(1488),(1489),(1490),(1491),(1492),(1493),(1494),(1495),(1496),(1497),(1498),(1499),(1500),(1501),(1502),(1503),(1504),(1505),(1506),(1507),(1508),(1509),(1510),(1511),(1512),(1513),(1514),(1515),(1516),(1517),(1518),(1519),(1520),(1521),(1522),(1523),(1524),(1525),(1526),(1527),(1528),(1529),(1530),(1531),(1532),(1533),(1534),(1535),(1536),(1537),(1538),(1539),(1540),(1541),(1542),(1543),(1544),(1545),(1546),(1547),(1548),(1549),(1550),(1551),(1552),(1553),(1554),(1555),(1556),(1557),(1558),(1559),(1560),(1561),(1562),(1563),(1564),(1565),(1566),(1567),(1568),(1569),(1570),(1571),(1572),(1573),(1574),(1575),(1576),(1577),(1578),(1579),(1580),(1581),(1582),(1583),(1584),(1585),(1586),(1587),(1588),(1589),(1590),(1591),(1592),(1593),(1594),(1595),(1596),(1597),(1598),(1599),(1600),(1601),(1602),(1603),(1604),(1605),(1606),(1607),(1608),(1609),(1610),(1611),(1612),(1613),(1614),(1615),(1616),(1617),(1618),(1619),(1620),(1621),(1622),(1623),(1624),(1625),(1626),(1627),(1628),(1629),(1630),(1631),(1632),(1633),(1634),(1635),(1636),(1637),(1638),(1639),(1640),(1641),(1642),(1643),(1644),(1645),(1646),(1647),(1648),(1649),(1650),(1651),(1652),(1653),(1654),(1655),(1656),(1657),(1658),(1659),(1660),(1661),(1662),(1663),(1664),(1665),(1666),(1667),(1668),(1669),(1670),(1671),(1672),(1673),(1674),(1675),(1676),(1677),(1678),(1679),(1680),(1681),(1682),(1683),(1684),(1685),(1686),(1687),(1688),(1689),(1690),(1691),(1692),(1693),(1694),(1695),(1696),(1697),(1698),(1699),(1700),(1701),(1702),(1703),(1704),(1705),(1706),(1707),(1708),(1709),(1710),(1711),(1712),(1713),(1714),(1715),(1716),(1717),(1718),(1719),(1720),(1721),(1722),(1723),(1724),(1725),(1726),(1727),(1728),(1729),(1730),(1731),(1732),(1733),(1734),(1735),(1736),(1737),(1738),(1739),(1740),(1741),(1742),(1743),(1744),(1745),(1746),(1747),(1748),(1749),(1750),(1751),(1752),(1753),(1754),(1755),(1756),(1757),(1758),(1759),(1760),(1761),(1762),(1763),(1764),(1765),(1766),(1767),(1768),(1769),(1770),(1771),(1772),(1773),(1774),(1775),(1776),(1777),(1778),(1779),(1780),(1781),(1782),(1783),(1784),(1785),(1786),(1787),(1788),(1789),(1790),(1791),(1792),(1793),(1794),(1795),(1796),(1797),(1798),(1799),(1800),(1801),(1802),(1803),(1804),(1805),(1806),(1807),(1808),(1809),(1810),(1811),(1812),(1813),(1814),(1815),(1816),(1817),(1818),(1819),(1820),(1821),(1822),(1823),(1824),(1825),(1826),(1827),(1828),(1829),(1830),(1831),(1832),(1833),(1834),(1835),(1836),(1837),(1838),(1839),(1840),(1841),(1842),(1843),(1844),(1845),(1846),(1847),(1848),(1849),(1850),(1851),(1852),(1853),(1854),(1855),(1856),(1857),(1858),(1859),(1860),(1861),(1862),(1863),(1864),(1865),(1866),(1867),(1868),(1869),(1870),(1871),(1872),(1873),(1874),(1875),(1876),(1877),(1878),(1879),(1880),(1881),(1882),(1883),(1884),(1885),(1886),(1887),(1888),(1889),(1890),(1891),(1892),(1893),(1894),(1895),(1896),(1897),(1898),(1899),(1900),(1901),(1902),(1903),(1904),(1905),(1906),(1907),(1908),(1909),(1910),(1911),(1912),(1913),(1914),(1915),(1916),(1917),(1918),(1919),(1920),(1921),(1922),(1923),(1924),(1925),(1926),(1927),(1928),(1929),(1930),(1931),(1932),(1933),(1934),(1935),(1936),(1937),(1938),(1939),(1940),(1941),(1942),(1943),(1944),(1945),(1946),(1947),(1948),(1949),(1950),(1951),(1952),(1953),(1954),(1955),(1956),(1957),(1958),(1959),(1960),(1961),(1962),(1963),(1964),(1965),(1966),(1967),(1968),(1969),(1970),(1971),(1972),(1973),(1974),(1975),(1976),(1977),(1978),(1979),(1980),(1981),(1982),(1983),(1984),(1985),(1986),(1987),(1988),(1989),(1990),(1991),(1992),(1993),(1994),(1995),(1996),(1997),(1998),(1999),(2000),(2001),(2002),(2003),(2004),(2005),(2006),(2007),(2008),(2009),(2010),(2011),(2012),(2013),(2014),(2015),(2016),(2017),(2018),(2019),(2020),(2021),(2022),(2023),(2024),(2025),(2026),(2027),(2028),(2029),(2030),(2031),(2032),(2033),(2034),(2035),(2036),(2037),(2038),(2039),(2040),(2041),(2042),(2043),(2044),(2045),(2046),(2047),(2048),(2049),(2050),(2051),(2052),(2053),(2054),(2055),(2056),(2057),(2058),(2059),(2060),(2061),(2062),(2063),(2064),(2065),(2066),(2067),(2068),(2069),(2070),(2071),(2072),(2073),(2074),(2075),(2076),(2077),(2078),(2079),(2080),(2081),(2082),(2083),(2084),(2085),(2086),(2087),(2088),(2089),(2090),(2091),(2092),(2093),(2094),(2095),(2096),(2097),(2098),(2099),(2100),(2101),(2102),(2103),(2104),(2105),(2106),(2107),(2108),(2109),(2110),(2111),(2112),(2113),(2114),(2115),(2116),(2117),(2118),(2119),(2120),(2121),(2122),(2123),(2124),(2125),(2126),(2127),(2128),(2129),(2130),(2131),(2132),(2133),(2134),(2135),(2136),(2137),(2138),(2139),(2140),(2141),(2142),(2143),(2144),(2145),(2146),(2147),(2148),(2149),(2150),(2151),(2152),(2153),(2154),(2155),(2156),(2157),(2158),(2159),(2160),(2161),(2162),(2163),(2164),(2165),(2166),(2167),(2168),(2169),(2170),(2171),(2172),(2173),(2174),(2175),(2176),(2177),(2178),(2179),(2180),(2181),(2182),(2183),(2184),(2185),(2186),(2187),(2188),(2189),(2190),(2191),(2192),(2193),(2194),(2195),(2196),(2197),(2198),(2199),(2200),(2201),(2202),(2203),(2204),(2205),(2206),(2207),(2208),(2209),(2210),(2211),(2212),(2213),(2214),(2215),(2216),(2217),(2218),(2219),(2220),(2221),(2222),(2223),(2224),(2225),(2226),(2227),(2228),(2229),(2230),(2231),(2232),(2233),(2234),(2235),(2236),(2237),(2238),(2239),(2240),(2241),(2242),(2243),(2244),(2245),(2246),(2247),(2248),(2249),(2250),(2251),(2252),(2253),(2254),(2255),(2256),(2257),(2258),(2259),(2260),(2261),(2262),(2263),(2264),(2265),(2266),(2267),(2268),(2269),(2270),(2271),(2272),(2273),(2274),(2275),(2276),(2277),(2278),(2279),(2280),(2281),(2282),(2283),(2284),(2285),(2286),(2287),(2288),(2289),(2290),(2291),(2292),(2293),(2294),(2295),(2296),(2297),(2298),(2299),(2300),(2301),(2302),(2303),(2304),(2305),(2306),(2307),(2308),(2309),(2310),(2311),(2312),(2313),(2314),(2315),(2316),(2317),(2318),(2319),(2320),(2321),(2322),(2323),(2324),(2325),(2326),(2327),(2328),(2329),(2330),(2331),(2332),(2333),(2334),(2335),(2336),(2337),(2338),(2339),(2340),(2341),(2342),(2343),(2344),(2345),(2346),(2347),(2348),(2349),(2350),(2351),(2352),(2353),(2354),(2355),(2356),(2357),(2358),(2359),(2360),(2361),(2362),(2363),(2364),(2365),(2366),(2367),(2368),(2369),(2370),(2371),(2372),(2373),(2374),(2375),(2376),(2377),(2378),(2379),(2380),(2381),(2382),(2383),(2384),(2385),(2386),(2387),(2388),(2389),(2390),(2391),(2392),(2393),(2394),(2395),(2396),(2397),(2398),(2399),(2400),(2401),(2402),(2403),(2404),(2405),(2406),(2407),(2408),(2409),(2410),(2411),(2412),(2413),(2414),(2415),(2416),(2417),(2418),(2419),(2420),(2421),(2422),(2423),(2424),(2425),(2426),(2427),(2428),(2429),(2430),(2431),(2432),(2433),(2434),(2435),(2436),(2437),(2438),(2439),(2440),(2441),(2442),(2443),(2444),(2445),(2446),(2447),(2448),(2449),(2450),(2451),(2452),(2453),(2454),(2455),(2456),(2457),(2458),(2459),(2460),(2461),(2462),(2463),(2464),(2465),(2466),(2467),(2468),(2469),(2470),(2471),(2472),(2473),(2474),(2475),(2476),(2477),(2478),(2479),(2480),(2481),(2482),(2483),(2484),(2485),(2486),(2487),(2488),(2489),(2490),(2491),(2492),(2493),(2494),(2495),(2496),(2497),(2498),(2499),(2500),(2501),(2502),(2503),(2504),(2505),(2506),(2507),(2508),(2509),(2510),(2511),(2512),(2513),(2514),(2515),(2516),(2517),(2518),(2519),(2520),(2521),(2522),(2523),(2524),(2525),(2526),(2527),(2528),(2529),(2530),(2531),(2532),(2533),(2534),(2535),(2536),(2537),(2538),(2539),(2540),(2541),(2542),(2543),(2544),(2545),(2546),(2547),(2548),(2549),(2550),(2551),(2552),(2553),(2554),(2555),(2556),(2557),(2558),(2559),(2560),(2561),(2562),(2563),(2564),(2565),(2566),(2567),(2568),(2569),(2570),(2571),(2572),(2573),(2574),(2575),(2576),(2577),(2578),(2579),(2580),(2581),(2582),(2583),(2584),(2585),(2586),(2587),(2588),(2589),(2590),(2591),(2592),(2593),(2594),(2595),(2596),(2597),(2598),(2599),(2600),(2601),(2602),(2603),(2604),(2605),(2606),(2607),(2608),(2609),(2610),(2611),(2612),(2613),(2614),(2615),(2616),(2617),(2618),(2619),(2620),(2621),(2622),(2623),(2624),(2625),(2626),(2627),(2628),(2629),(2630),(2631),(2632),(2633),(2634),(2635),(2636),(2637),(2638),(2639),(2640),(2641),(2642),(2643),(2644),(2645),(2646),(2647),(2648),(2649),(2650),(2651),(2652),(2653),(2654),(2655),(2656),(2657),(2658),(2659),(2660),(2661),(2662),(2663),(2664),(2665),(2666),(2667),(2668),(2669),(2670),(2671),(2672),(2673),(2674),(2675),(2676),(2677),(2678),(2679),(2680),(2681),(2682),(2683),(2684),(2685),(2686),(2687),(2688),(2689),(2690),(2691),(2692),(2693),(2694),(2695),(2696),(2697),(2698),(2699),(2700),(2701),(2702),(2703),(2704),(2705),(2706),(2707),(2708),(2709),(2710),(2711),(2712),(2713),(2714),(2715),(2716),(2717),(2718),(2719),(2720),(2721),(2722),(2723),(2724),(2725),(2726),(2727),(2728),(2729),(2730),(2731),(2732),(2733),(2734),(2735),(2736),(2737),(2738),(2739),(2740),(2741),(2742),(2743),(2744),(2745),(2746),(2747),(2748),(2749),(2750),(2751),(2752),(2753),(2754),(2755),(2756),(2757),(2758),(2759),(2760),(2761),(2762),(2763),(2764),(2765),(2766),(2767),(2768),(2769),(2770),(2771),(2772),(2773),(2774),(2775),(2776),(2777),(2778),(2779),(2780),(2781),(2782),(2783),(2784),(2785),(2786),(2787),(2788),(2789),(2790),(2791),(2792),(2793),(2794),(2795),(2796),(2797),(2798),(2799),(2800),(2801),(2802),(2803),(2804),(2805),(2806),(2807),(2808),(2809),(2810),(2811),(2812),(2813),(2814),(2815),(2816),(2817),(2818),(2819),(2820),(2821),(2822),(2823),(2824),(2825),(2826),(2827),(2828),(2829),(2830),(2831),(2832),(2833),(2834),(2835),(2836),(2837),(2838),(2839),(2840),(2841),(2842),(2843),(2844),(2845),(2846),(2847),(2848),(2849),(2850),(2851),(2852),(2853),(2854),(2855),(2856),(2857),(2858),(2859),(2860),(2861),(2862),(2863),(2864),(2865),(2866),(2867),(2868),(2869),(2870),(2871),(2872),(2873),(2874),(2875),(2876),(2877),(2878),(2879),(2880),(2881),(2882),(2883),(2884),(2885),(2886),(2887),(2888),(2889),(2890),(2891),(2892),(2893),(2894),(2895),(2896),(2897),(2898),(2899),(2900),(2901),(2902),(2903),(2904),(2905),(2906),(2907),(2908),(2909),(2910),(2911),(2912),(2913),(2914),(2915),(2916),(2917),(2918),(2919),(2920),(2921),(2922),(2923),(2924),(2925),(2926),(2927),(2928),(2929),(2930),(2931),(2932),(2933),(2934),(2935),(2936),(2937),(2938),(2939),(2940),(2941),(2942),(2943),(2944),(2945),(2946),(2947),(2948),(2949),(2950),(2951),(2952),(2953),(2954),(2955),(2956),(2957),(2958),(2959),(2960),(2961),(2962),(2963),(2964),(2965),(2966),(2967),(2968),(2969),(2970),(2971),(2972),(2973),(2974),(2975),(2976),(2977),(2978),(2979),(2980),(2981),(2982),(2983),(2984),(2985),(2986),(2987),(2988),(2989),(2990),(2991),(2992),(2993),(2994),(2995),(2996),(2997),(2998),(2999),(3000),(3001),(3002),(3003),(3004),(3005),(3006),(3007),(3008),(3009),(3010),(3011),(3012),(3013),(3014),(3015),(3016),(3017),(3018),(3019),(3020),(3021),(3022),(3023),(3024),(3025),(3026),(3027),(3028),(3029),(3030),(3031),(3032),(3033),(3034),(3035),(3036),(3037),(3038),(3039),(3040),(3041),(3042),(3043),(3044),(3045),(3046),(3047),(3048),(3049),(3050),(3051),(3052),(3053),(3054),(3055),(3056),(3057),(3058),(3059),(3060),(3061),(3062),(3063),(3064),(3065),(3066),(3067),(3068),(3069),(3070),(3071),(3072),(3073),(3074),(3075),(3076),(3077),(3078),(3079),(3080),(3081),(3082),(3083),(3084),(3085),(3086),(3087),(3088),(3089),(3090),(3091),(3092),(3093),(3094),(3095),(3096),(3097),(3098),(3099),(3100),(3101),(3102),(3103),(3104),(3105),(3106),(3107),(3108),(3109),(3110),(3111),(3112),(3113),(3114),(3115),(3116),(3117),(3118),(3119),(3120),(3121),(3122),(3123),(3124),(3125),(3126),(3127),(3128),(3129),(3130),(3131),(3132),(3133),(3134),(3135),(3136),(3137),(3138),(3139),(3140),(3141),(3142),(3143),(3144),(3145),(3146),(3147),(3148),(3149),(3150),(3151),(3152),(3153),(3154),(3155),(3156),(3157),(3158),(3159),(3160),(3161),(3162),(3163),(3164),(3165),(3166),(3167),(3168),(3169),(3170),(3171),(3172),(3173),(3174),(3175),(3176),(3177),(3178),(3179),(3180),(3181),(3182),(3183),(3184),(3185),(3186),(3187),(3188),(3189),(3190),(3191),(3192),(3193),(3194),(3195),(3196),(3197),(3198),(3199),(3200),(3201),(3202),(3203),(3204),(3205),(3206),(3207),(3208),(3209),(3210),(3211),(3212),(3213),(3214),(3215),(3216),(3217),(3218),(3219),(3220),(3221),(3222),(3223),(3224),(3225),(3226),(3227),(3228),(3229),(3230),(3231),(3232),(3233),(3234),(3235),(3236),(3237),(3238),(3239),(3240),(3241),(3242),(3243),(3244),(3245),(3246),(3247),(3248),(3249),(3250),(3251),(3252),(3253),(3254),(3255),(3256),(3257),(3258),(3259),(3260),(3261),(3262),(3263),(3264),(3265),(3266),(3267),(3268),(3269),(3270),(3271),(3272),(3273),(3274),(3275),(3276),(3277),(3278),(3279),(3280),(3281),(3282),(3283),(3284),(3285),(3286),(3287),(3288),(3289),(3290),(3291),(3292),(3293),(3294),(3295),(3296),(3297),(3298),(3299),(3300),(3301),(3302),(3303),(3304),(3305),(3306),(3307),(3308),(3309),(3310),(3311),(3312),(3313),(3314),(3315),(3316),(3317),(3318),(3319),(3320),(3321),(3322),(3323),(3324),(3325),(3326),(3327),(3328),(3329),(3330),(3331),(3332),(3333),(3334),(3335),(3336),(3337),(3338),(3339),(3340),(3341),(3342),(3343),(3344),(3345),(3346),(3347),(3348),(3349),(3350),(3351),(3352),(3353),(3354),(3355),(3356),(3357),(3358),(3359),(3360),(3361),(3362),(3363),(3364),(3365),(3366),(3367),(3368),(3369),(3370),(3371),(3372),(3373),(3374),(3375),(3376),(3377),(3378),(3379),(3380),(3381),(3382),(3383),(3384),(3385),(3386),(3387),(3388),(3389),(3390),(3391),(3392),(3393),(3394),(3395),(3396),(3397),(3398),(3399),(3400),(3401),(3402),(3403),(3404),(3405),(3406),(3407),(3408),(3409),(3410),(3411),(3412),(3413),(3414),(3415),(3416),(3417),(3418),(3419),(3420),(3421),(3422),(3423),(3424),(3425),(3426),(3427),(3428),(3429),(3430),(3431),(3432),(3433),(3434),(3435),(3436),(3437),(3438),(3439),(3440),(3441),(3442),(3443),(3444),(3445),(3446),(3447),(3448),(3449),(3450),(3451),(3452),(3453),(3454),(3455),(3456),(3457),(3458),(3459),(3460),(3461),(3462),(3463),(3464),(3465),(3466),(3467),(3468),(3469),(3470),(3471),(3472),(3473),(3474),(3475),(3476),(3477),(3478),(3479),(3480),(3481),(3482),(3483),(3484),(3485),(3486),(3487),(3488),(3489),(3490),(3491),(3492),(3493),(3494),(3495),(3496),(3497),(3498),(3499),(3500),(3501),(3502),(3503),(3504),(3505),(3506),(3507),(3508),(3509),(3510),(3511),(3512),(3513),(3514),(3515),(3516),(3517),(3518),(3519),(3520),(3521),(3522),(3523),(3524),(3525),(3526),(3527),(3528),(3529),(3530),(3531),(3532),(3533),(3534),(3535),(3536),(3537),(3538),(3539),(3540),(3541),(3542),(3543),(3544),(3545),(3546),(3547),(3548),(3549),(3550),(3551),(3552),(3553),(3554),(3555),(3556),(3557),(3558),(3559),(3560),(3561),(3562),(3563),(3564),(3565),(3566),(3567),(3568),(3569),(3570),(3571),(3572),(3573),(3574),(3575),(3576),(3577),(3578),(3579),(3580),(3581),(3582),(3583),(3584),(3585),(3586),(3587),(3588),(3589),(3590),(3591),(3592),(3593),(3594),(3595),(3596),(3597),(3598),(3599),(3600),(3601),(3602),(3603),(3604),(3605),(3606),(3607),(3608),(3609),(3610),(3611),(3612),(3613),(3614),(3615),(3616),(3617),(3618),(3619),(3620),(3621),(3622),(3623),(3624),(3625),(3626),(3627),(3628),(3629),(3630),(3631),(3632),(3633),(3634),(3635),(3636),(3637),(3638),(3639),(3640),(3641),(3642),(3643),(3644),(3645),(3646),(3647),(3648),(3649),(3650),(3651),(3652),(3653),(3654),(3655),(3656),(3657),(3658),(3659),(3660),(3661),(3662),(3663),(3664),(3665),(3666),(3667),(3668),(3669),(3670),(3671),(3672),(3673),(3674),(3675),(3676),(3677),(3678),(3679),(3680),(3681),(3682),(3683),(3684),(3685),(3686),(3687),(3688),(3689),(3690),(3691),(3692),(3693),(3694),(3695),(3696),(3697),(3698),(3699),(3700),(3701),(3702),(3703),(3704),(3705),(3706),(3707),(3708),(3709),(3710),(3711),(3712),(3713),(3714),(3715),(3716),(3717),(3718),(3719),(3720),(3721),(3722),(3723),(3724),(3725),(3726),(3727),(3728),(3729),(3730),(3731),(3732),(3733),(3734),(3735),(3736),(3737),(3738),(3739),(3740),(3741),(3742),(3743),(3744),(3745),(3746),(3747),(3748),(3749),(3750),(3751),(3752),(3753),(3754),(3755),(3756),(3757),(3758),(3759),(3760),(3761),(3762),(3763),(3764),(3765),(3766),(3767),(3768),(3769),(3770),(3771),(3772),(3773),(3774),(3775),(3776),(3777),(3778),(3779),(3780),(3781),(3782),(3783),(3784),(3785),(3786),(3787),(3788),(3789),(3790),(3791),(3792),(3793),(3794),(3795),(3796),(3797),(3798),(3799),(3800),(3801),(3802),(3803),(3804),(3805),(3806),(3807),(3808),(3809),(3810),(3811),(3812),(3813),(3814),(3815),(3816),(3817),(3818),(3819),(3820),(3821),(3822),(3823),(3824),(3825),(3826),(3827),(3828),(3829),(3830),(3831),(3832),(3833),(3834),(3835),(3836),(3837),(3838),(3839),(3840),(3841),(3842),(3843),(3844),(3845),(3846),(3847),(3848),(3849),(3850),(3851),(3852),(3853),(3854),(3855),(3856),(3857),(3858),(3859),(3860),(3861),(3862),(3863),(3864),(3865),(3866),(3867),(3868),(3869),(3870),(3871),(3872),(3873),(3874),(3875),(3876),(3877),(3878),(3879),(3880),(3881),(3882),(3883),(3884),(3885),(3886),(3887),(3888),(3889),(3890),(3891),(3892),(3893),(3894),(3895),(3896),(3897),(3898),(3899),(3900),(3901),(3902),(3903),(3904),(3905),(3906),(3907),(3908),(3909),(3910),(3911),(3912),(3913),(3914),(3915),(3916),(3917),(3918),(3919),(3920),(3921),(3922),(3923),(3924),(3925),(3926),(3927),(3928),(3929),(3930),(3931),(3932),(3933),(3934),(3935),(3936),(3937),(3938),(3939),(3940),(3941),(3942),(3943),(3944),(3945),(3946),(3947),(3948),(3949),(3950),(3951),(3952),(3953),(3954),(3955),(3956),(3957),(3958),(3959),(3960),(3961),(3962),(3963),(3964),(3965),(3966),(3967),(3968),(3969),(3970),(3971),(3972),(3973),(3974),(3975),(3976),(3977),(3978),(3979),(3980),(3981),(3982),(3983),(3984),(3985),(3986),(3987),(3988),(3989),(3990),(3991),(3992),(3993),(3994),(3995),(3996),(3997),(3998),(3999),(4000),(4001),(4002),(4003),(4004),(4005),(4006),(4007),(4008),(4009),(4010),(4011),(4012),(4013),(4014),(4015),(4016),(4017),(4018),(4019),(4020),(4021),(4022),(4023),(4024),(4025),(4026),(4027),(4028),(4029),(4030),(4031),(4032),(4033),(4034),(4035),(4036),(4037),(4038),(4039),(4040),(4041),(4042),(4043),(4044),(4045),(4046),(4047),(4048),(4049),(4050),(4051),(4052),(4053),(4054),(4055),(4056),(4057),(4058),(4059),(4060),(4061),(4062),(4063),(4064),(4065),(4066),(4067),(4068),(4069),(4070),(4071),(4072),(4073),(4074),(4075),(4076),(4077),(4078),(4079),(4080),(4081),(4082),(4083),(4084),(4085),(4086),(4087),(4088),(4089),(4090),(4091),(4092),(4093),(4094);
/*!40000 ALTER TABLE `VLANValidID` ENABLE KEYS */;
UNLOCK TABLES;
/*!40103 SET TIME_ZONE=@OLD_TIME_ZONE */;

/*!40101 SET SQL_MODE=@OLD_SQL_MODE */;
/*!40014 SET FOREIGN_KEY_CHECKS=@OLD_FOREIGN_KEY_CHECKS */;
/*!40014 SET UNIQUE_CHECKS=@OLD_UNIQUE_CHECKS */;
/*!40101 SET CHARACTER_SET_CLIENT=@OLD_CHARACTER_SET_CLIENT */;
/*!40101 SET CHARACTER_SET_RESULTS=@OLD_CHARACTER_SET_RESULTS */;
/*!40101 SET COLLATION_CONNECTION=@OLD_COLLATION_CONNECTION */;
/*!40111 SET SQL_NOTES=@OLD_SQL_NOTES */;

